Workbook

Sheet 注記
A1: 東京エレクトロン・SCREEN・KOKUSAI ELECTRIC 売上データ
A3: 対象：暦四半期（各社とも3月決算のため、決算四半期の末が暦の3・6・9・12月と一致する）。単位は億円。
A4: 四半期売上：3社の決算説明会資料・決算短信から転記した連結売上高（KOKUSAIは売上収益）。青字は入力値、黒字は数式である。
A5: 東京エレクトロンの地域別売上：決算説明会資料の四半期地域別売上（億円）を転記した。各四半期の地域合計と報告売上高の差は±5億円以内で、丸めの範囲である（同シートの差異列）。
A6: SCREENの地域別売上：決算説明会資料に掲載されているのは地域別の比率グラフのみで、金額と四半期比率を文字として確認できなかった。入力用の欄を用意した。
A7: KOKUSAIの地域別売上：四半期の地域別比率を確認できなかった。入力用の欄を用意し、確認できた一部の開示は同シートに記載した。
A8: 入力用の欄（黄色）に決算説明会資料のグラフの比率を入れると、売上高に掛けた金額が数式で計算される。
A9: KOKUSAIの一部四半期は、累計や通期からの逆算である（四半期売上シートの備考列）。
A10: 各数値は公開資料から取得した値であり、正式な確認には各社の決算資料の原本を参照すること。

Sheet 四半期売上
A1: 暦四半期 | B1: 決算期 | C1: 東京エレクトロン | D1: SCREEN | E1: SCREEN SPE | F1: KOKUSAI | G1: 3社合計 | H1: SPE比率(SCREEN) | I1: TEL QoQ | J1: SCREEN QoQ | K1: KOKUSAI QoQ | L1: TEL YoY | M1: SCREEN YoY | N1: KOKUSAI YoY | O1: KOKUSAI 備考
A2: 2023Q1 | B2: FY23/3 4Q | C2: 5582 | D2: 1255 | E2: 1002 | G2: =IF(COUNT(C2,D2,F2)=3,C2+D2+F2,"") | H2: =E2/D2 -> 0.79840637 | O2: 資料で確認できず
A3: 2023Q2 | B3: FY24/3 1Q | C3: 3917 | D3: 996 | E3: 823 | F3: 327 | G3: =IF(COUNT(C3,D3,F3)=3,C3+D3+F3,"") -> 5240 | H3: =E3/D3 -> 0.82630522 | I3: =IF(AND(ISNUMBER(C3),ISNUMBER(C2)),C3/C2-1,"") -> -0.29828019 | J3: =IF(AND(ISNUMBER(D3),ISNUMBER(D2)),D3/D2-1,"") -> -0.2063745 | K3: =IF(AND(ISNUMBER(F3),ISNUMBER(F2)),F3/F2-1,"") | O3: FY24/3 1Q（2025年5月決算説明資料）
A4: 2023Q3 | B4: FY24/3 2Q | C4: 4278 | D4: 1235 | E4: 1037 | F4: 450 | G4: =IF(COUNT(C4,D4,F4)=3,C4+D4+F4,"") -> 5963 | H4: =E4/D4 -> 0.83967611 | I4: =IF(AND(ISNUMBER(C4),ISNUMBER(C3)),C4/C3-1,"") -> 0.092162369 | J4: =IF(AND(ISNUMBER(D4),ISNUMBER(D3)),D4/D3-1,"") -> 0.23995984 | K4: =IF(AND(ISNUMBER(F4),ISNUMBER(F3)),F4/F3-1,"") -> 0.37614679 | O4: 同 2Q
A5: 2023Q4 | B5: FY24/3 3Q | C5: 4636 | D5: 1245 | E5: 1019 | F5: 540 | G5: =IF(COUNT(C5,D5,F5)=3,C5+D5+F5,"") -> 6421 | H5: =E5/D5 -> 0.8184739 | I5: =IF(AND(ISNUMBER(C5),ISNUMBER(C4)),C5/C4-1,"") -> 0.083683964 | J5: =IF(AND(ISNUMBER(D5),ISNUMBER(D4)),D5/D4-1,"") -> 0.008097166 | K5: =IF(AND(ISNUMBER(F5),ISNUMBER(F4)),F5/F4-1,"") -> 0.2 | O5: 同 3Q
A6: 2024Q1 | B6: FY24/3 4Q | C6: 5472 | D6: 1570 | E6: 1296 | F6: 492 | G6: =IF(COUNT(C6,D6,F6)=3,C6+D6+F6,"") -> 7534 | H6: =E6/D6 -> 0.82547771 | I6: =IF(AND(ISNUMBER(C6),ISNUMBER(C5)),C6/C5-1,"") -> 0.18032787 | J6: =IF(AND(ISNUMBER(D6),ISNUMBER(D5)),D6/D5-1,"") -> 0.26104418 | K6: =IF(AND(ISNUMBER(F6),ISNUMBER(F5)),F6/F5-1,"") -> -0.088888889 | L6: =IF(AND(ISNUMBER(C6),ISNUMBER(C2)),C6/C2-1,"") -> -0.019706198 | M6: =IF(AND(ISNUMBER(D6),ISNUMBER(D2)),D6/D2-1,"") -> 0.25099602 | N6: =IF(AND(ISNUMBER(F6),ISNUMBER(F2)),F6/F2-1,"") | O6: 同 4Q
A7: 2024Q2 | B7: FY25/3 1Q | C7: 5550 | D7: 1342 | E7: 1121 | F7: 652 | G7: =IF(COUNT(C7,D7,F7)=3,C7+D7+F7,"") -> 7544 | H7: =E7/D7 -> 0.83532042 | I7: =IF(AND(ISNUMBER(C7),ISNUMBER(C6)),C7/C6-1,"") -> 0.014254386 | J7: =IF(AND(ISNUMBER(D7),ISNUMBER(D6)),D7/D6-1,"") -> -0.14522293 | K7: =IF(AND(ISNUMBER(F7),ISNUMBER(F6)),F7/F6-1,"") -> 0.32520325 | L7: =IF(AND(ISNUMBER(C7),ISNUMBER(C3)),C7/C3-1,"") -> 0.41690069 | M7: =IF(AND(ISNUMBER(D7),ISNUMBER(D3)),D7/D3-1,"") -> 0.34738956 | N7: =IF(AND(ISNUMBER(F7),ISNUMBER(F3)),F7/F3-1,"") -> 0.99388379 | O7: FY25/3 1Q（同資料）
A8: 2024Q3 | B8: FY25/3 2Q | C8: 5665 | D8: 1431 | E8: 1168 | F8: 493 | G8: =IF(COUNT(C8,D8,F8)=3,C8+D8+F8,"") -> 7589 | H8: =E8/D8 -> 0.81621244 | I8: =IF(AND(ISNUMBER(C8),ISNUMBER(C7)),C8/C7-1,"") -> 0.020720721 | J8: =IF(AND(ISNUMBER(D8),ISNUMBER(D7)),D8/D7-1,"") -> 0.066318927 | K8: =IF(AND(ISNUMBER(F8),ISNUMBER(F7)),F8/F7-1,"") -> -0.24386503 | L8: =IF(AND(ISNUMBER(C8),ISNUMBER(C4)),C8/C4-1,"") -> 0.32421692 | M8: =IF(AND(ISNUMBER(D8),ISNUMBER(D4)),D8/D4-1,"") -> 0.15870445 | N8: =IF(AND(ISNUMBER(F8),ISNUMBER(F4)),F8/F4-1,"") -> 0.095555556 | O8: 同 2Q
A9: 2024Q4 | B9: FY25/3 3Q | C9: 6545 | D9: 1825 | E9: 1548 | F9: 601 | G9: =IF(COUNT(C9,D9,F9)=3,C9+D9+F9,"") -> 8971 | H9: =E9/D9 -> 0.84821918 | I9: =IF(AND(ISNUMBER(C9),ISNUMBER(C8)),C9/C8-1,"") -> 0.15533981 | J9: =IF(AND(ISNUMBER(D9),ISNUMBER(D8)),D9/D8-1,"") -> 0.27533194 | K9: =IF(AND(ISNUMBER(F9),ISNUMBER(F8)),F9/F8-1,"") -> 0.21906694 | L9: =IF(AND(ISNUMBER(C9),ISNUMBER(C5)),C9/C5-1,"") -> 0.41177739 | M9: =IF(AND(ISNUMBER(D9),ISNUMBER(D5)),D9/D5-1,"") -> 0.46586345 | N9: =IF(AND(ISNUMBER(F9),ISNUMBER(F5)),F9/F5-1,"") -> 0.11296296 | O9: 同 3Q
A10: 2025Q1 | B10: FY25/3 4Q | C10: 6554 | D10: 1653 | E10: 1355 | F10: 643 | G10: =IF(COUNT(C10,D10,F10)=3,C10+D10+F10,"") -> 8850 | H10: =E10/D10 -> 0.81972172 | I10: =IF(AND(ISNUMBER(C10),ISNUMBER(C9)),C10/C9-1,"") -> 0.0013750955 | J10: =IF(AND(ISNUMBER(D10),ISNUMBER(D9)),D10/D9-1,"") -> -0.094246575 | K10: =IF(AND(ISNUMBER(F10),ISNUMBER(F9)),F10/F9-1,"") -> 0.069883527 | L10: =IF(AND(ISNUMBER(C10),ISNUMBER(C6)),C10/C6-1,"") -> 0.19773392 | M10: =IF(AND(ISNUMBER(D10),ISNUMBER(D6)),D10/D6-1,"") -> 0.052866242 | N10: =IF(AND(ISNUMBER(F10),ISNUMBER(F6)),F10/F6-1,"") -> 0.30691057 | O10: 同 4Q
A11: 2025Q2 | B11: FY26/3 1Q | C11: 5495 | D11: 1357 | E11: 1095 | F11: 518 | G11: =IF(COUNT(C11,D11,F11)=3,C11+D11+F11,"") -> 7370 | H11: =E11/D11 -> 0.80692704 | I11: =IF(AND(ISNUMBER(C11),ISNUMBER(C10)),C11/C10-1,"") -> -0.16158071 | J11: =IF(AND(ISNUMBER(D11),ISNUMBER(D10)),D11/D10-1,"") -> -0.17906836 | K11: =IF(AND(ISNUMBER(F11),ISNUMBER(F10)),F11/F10-1,"") -> -0.19440124 | L11: =IF(AND(ISNUMBER(C11),ISNUMBER(C7)),C11/C7-1,"") -> -0.0099099099 | M11: =IF(AND(ISNUMBER(D11),ISNUMBER(D7)),D11/D7-1,"") -> 0.011177347 | N11: =IF(AND(ISNUMBER(F11),ISNUMBER(F7)),F11/F7-1,"") -> -0.20552147 | O11: FY26/3 1Q（Q1サマリー 51.8十億円）
A12: 2025Q3 | B12: FY26/3 2Q | C12: 6300 | D12: 1385 | E12: 1090 | F12: 654 | G12: =IF(COUNT(C12,D12,F12)=3,C12+D12+F12,"") -> 8339 | H12: =E12/D12 -> 0.78700361 | I12: =IF(AND(ISNUMBER(C12),ISNUMBER(C11)),C12/C11-1,"") -> 0.14649682 | J12: =IF(AND(ISNUMBER(D12),ISNUMBER(D11)),D12/D11-1,"") -> 0.020633751 | K12: =IF(AND(ISNUMBER(F12),ISNUMBER(F11)),F12/F11-1,"") -> 0.26254826 | L12: =IF(AND(ISNUMBER(C12),ISNUMBER(C8)),C12/C8-1,"") -> 0.11209179 | M12: =IF(AND(ISNUMBER(D12),ISNUMBER(D8)),D12/D8-1,"") -> -0.032145353 | N12: =IF(AND(ISNUMBER(F12),ISNUMBER(F8)),F12/F8-1,"") -> 0.32657201 | O12: FY26/3 2Q＝累計1,731−518−559（逆算）。Q3の前期比−14.6%とも整合
A13: 2025Q4 | B13: FY26/3 3Q | C13: 5520 | D13: 1510 | E13: 1200 | F13: 559 | G13: =IF(COUNT(C13,D13,F13)=3,C13+D13+F13,"") -> 7589 | H13: =E13/D13 -> 0.79470199 | I13: =IF(AND(ISNUMBER(C13),ISNUMBER(C12)),C13/C12-1,"") -> -0.12380952 | J13: =IF(AND(ISNUMBER(D13),ISNUMBER(D12)),D13/D12-1,"") -> 0.090252708 | K13: =IF(AND(ISNUMBER(F13),ISNUMBER(F12)),F13/F12-1,"") -> -0.14525994 | L13: =IF(AND(ISNUMBER(C13),ISNUMBER(C9)),C13/C9-1,"") -> -0.1566081 | M13: =IF(AND(ISNUMBER(D13),ISNUMBER(D9)),D13/D9-1,"") -> -0.17260274 | N13: =IF(AND(ISNUMBER(F13),ISNUMBER(F9)),F13/F9-1,"") -> -0.069883527 | O13: FY26/3 3Q（Quartr 55.9十億円）
A14: 2026Q1 | B14: FY26/3 4Q | C14: 7118 | D14: 1803 | E14: 1473 | F14: 620 | G14: =IF(COUNT(C14,D14,F14)=3,C14+D14+F14,"") -> 9541 | H14: =E14/D14 -> 0.81697171 | I14: =IF(AND(ISNUMBER(C14),ISNUMBER(C13)),C14/C13-1,"") -> 0.28949275 | J14: =IF(AND(ISNUMBER(D14),ISNUMBER(D13)),D14/D13-1,"") -> 0.19403974 | K14: =IF(AND(ISNUMBER(F14),ISNUMBER(F13)),F14/F13-1,"") -> 0.10912343 | L14: =IF(AND(ISNUMBER(C14),ISNUMBER(C10)),C14/C10-1,"") -> 0.086054318 | M14: =IF(AND(ISNUMBER(D14),ISNUMBER(D10)),D14/D10-1,"") -> 0.090744102 | N14: =IF(AND(ISNUMBER(F14),ISNUMBER(F10)),F14/F10-1,"") -> -0.035769829 | O14: FY26/3 4Q＝通期2,351−累計1,731（逆算）。TradingViewの62.0十億円とも整合
A15: 2026Q2 | B15: FY27/3 1Q | C15: 7323 | D15: 1217 | E15: 931 | F15: 754 | G15: =IF(COUNT(C15,D15,F15)=3,C15+D15+F15,"") -> 9294 | H15: =E15/D15 -> 0.76499589 | I15: =IF(AND(ISNUMBER(C15),ISNUMBER(C14)),C15/C14-1,"") -> 0.028800225 | J15: =IF(AND(ISNUMBER(D15),ISNUMBER(D14)),D15/D14-1,"") -> -0.32501387 | K15: =IF(AND(ISNUMBER(F15),ISNUMBER(F14)),F15/F14-1,"") -> 0.21612903 | L15: =IF(AND(ISNUMBER(C15),ISNUMBER(C11)),C15/C11-1,"") -> 0.33266606 | M15: =IF(AND(ISNUMBER(D15),ISNUMBER(D11)),D15/D11-1,"") -> -0.10316875 | N15: =IF(AND(ISNUMBER(F15),ISNUMBER(F11)),F15/F11-1,"") -> 0.45559846 | O15: FY27/3 1Q（決算報道 754.14億円）

Sheet 東京エレクトロン_地域別
A1: 東京エレクトロン 地域別売上（億円）
A2: 暦四半期 | B2: 決算期 | C2: 日本 | D2: 北米 | E2: 欧州 | F2: 韓国 | G2: 台湾 | H2: 東南アジア・その他 | I2: 中国 | J2: 地域合計 | K2: 報告売上高 | M2: 日本比 | N2: 北米比 | O2: 欧州比 | P2: 韓国比 | Q2: 台湾比 | R2: 東南アジア・その他比 | S2: 中国比
A3: 2023Q2 | B3: FY24/3 1Q | C3: 295 | D3: 301 | E3: 281 | F3: 767 | G3: 639 | H3: 92 | I3: 1539 | J3: =SUM(C3:I3) -> 3914 | K3: =INDEX(四半期売上!$C$2:$C$15,MATCH($A3,四半期売上!$A$2:$A$15,0)) -> 3917 | L3: =J3-K3 -> -3 | M3: =C3/$J3 -> 0.075370465 | N3: =D3/$J3 -> 0.076903424 | O3: =E3/$J3 -> 0.071793562 | P3: =F3/$J3 -> 0.19596321 | Q3: =G3/$J3 -> 0.16326009 | R3: =H3/$J3 -> 0.023505365 | S3: =I3/$J3 -> 0.39320388
A4: 2023Q3 | B4: FY24/3 2Q | C4: 412 | D4: 474 | E4: 335 | F4: 674 | G4: 399 | H4: 151 | I4: 1829 | J4: =SUM(C4:I4) -> 4274 | K4: =INDEX(四半期売上!$C$2:$C$15,MATCH($A4,四半期売上!$A$2:$A$15,0)) -> 4278 | L4: =J4-K4 -> -4 | M4: =C4/$J4 -> 0.096396818 | N4: =D4/$J4 -> 0.11090314 | O4: =E4/$J4 -> 0.078380908 | P4: =F4/$J4 -> 0.15769771 | Q4: =G4/$J4 -> 0.093355171 | R4: =H4/$J4 -> 0.035329902 | S4: =I4/$J4 -> 0.42793636
A5: 2023Q4 | B5: FY24/3 3Q | C5: 574 | D5: 421 | E5: 294 | F5: 582 | G5: 463 | H5: 127 | I5: 2172 | J5: =SUM(C5:I5) -> 4633 | K5: =INDEX(四半期売上!$C$2:$C$15,MATCH($A5,四半期売上!$A$2:$A$15,0)) -> 4636 | L5: =J5-K5 -> -3 | M5: =C5/$J5 -> 0.12389381 | N5: =D5/$J5 -> 0.090869847 | O5: =E5/$J5 -> 0.063457803 | P5: =F5/$J5 -> 0.12562055 | Q5: =G5/$J5 -> 0.099935247 | R5: =H5/$J5 -> 0.027412044 | S5: =I5/$J5 -> 0.46881071
A6: 2024Q1 | B6: FY24/3 4Q | C6: 567 | D6: 483 | E6: 281 | F6: 820 | G6: 552 | H6: 175 | I6: 2591 | J6: =SUM(C6:I6) -> 5469 | K6: =INDEX(四半期売上!$C$2:$C$15,MATCH($A6,四半期売上!$A$2:$A$15,0)) -> 5472 | L6: =J6-K6 -> -3 | M6: =C6/$J6 -> 0.10367526 | N6: =D6/$J6 -> 0.088315963 | O6: =E6/$J6 -> 0.051380508 | P6: =F6/$J6 -> 0.149936 | Q6: =G6/$J6 -> 0.10093253 | R6: =H6/$J6 -> 0.031998537 | S6: =I6/$J6 -> 0.4737612
A7: 2024Q2 | B7: FY25/3 1Q | C7: 385 | D7: 590 | E7: 155 | F7: 678 | G7: 800 | H7: 170 | I7: 2770 | J7: =SUM(C7:I7) -> 5548 | K7: =INDEX(四半期売上!$C$2:$C$15,MATCH($A7,四半期売上!$A$2:$A$15,0)) -> 5550 | L7: =J7-K7 -> -2 | M7: =C7/$J7 -> 0.069394376 | N7: =D7/$J7 -> 0.10634463 | O7: =E7/$J7 -> 0.027937996 | P7: =F7/$J7 -> 0.1222062 | Q7: =G7/$J7 -> 0.14419611 | R7: =H7/$J7 -> 0.030641673 | S7: =I7/$J7 -> 0.49927902
A8: 2024Q3 | B8: FY25/3 2Q | C8: 526 | D8: 799 | E8: 238 | F8: 795 | G8: 753 | H8: 212 | I8: 2339 | J8: =SUM(C8:I8) -> 5662 | K8: =INDEX(四半期売上!$C$2:$C$15,MATCH($A8,四半期売上!$A$2:$A$15,0)) -> 5665 | L8: =J8-K8 -> -3 | M8: =C8/$J8 -> 0.092900035 | N8: =D8/$J8 -> 0.14111621 | O8: =E8/$J8 -> 0.042034617 | P8: =F8/$J8 -> 0.14040975 | Q8: =G8/$J8 -> 0.13299188 | R8: =H8/$J8 -> 0.0374426 | S8: =I8/$J8 -> 0.41310491
A9: 2024Q4 | B9: FY25/3 3Q | C9: 453 | D9: 577 | E9: 157 | F9: 1145 | G9: 1193 | H9: 223 | I9: 2794 | J9: =SUM(C9:I9) -> 6542 | K9: =INDEX(四半期売上!$C$2:$C$15,MATCH($A9,四半期売上!$A$2:$A$15,0)) -> 6545 | L9: =J9-K9 -> -3 | M9: =C9/$J9 -> 0.069244879 | N9: =D9/$J9 -> 0.088199327 | O9: =E9/$J9 -> 0.023998777 | P9: =F9/$J9 -> 0.17502293 | Q9: =G9/$J9 -> 0.18236013 | R9: =H9/$J9 -> 0.034087435 | S9: =I9/$J9 -> 0.42708652
A10: 2025Q1 | B10: FY25/3 4Q | C10: 534 | D10: 462 | E10: 203 | F10: 1470 | G10: 1358 | H10: 278 | I10: 2246 | J10: =SUM(C10:I10) -> 6551 | K10: =INDEX(四半期売上!$C$2:$C$15,MATCH($A10,四半期売上!$A$2:$A$15,0)) -> 6554 | L10: =J10-K10 -> -3 | M10: =C10/$J10 -> 0.081514273 | N10: =D10/$J10 -> 0.070523584 | O10: =E10/$J10 -> 0.030987635 | P10: =F10/$J10 -> 0.22439322 | Q10: =G10/$J10 -> 0.2072966 | R10: =H10/$J10 -> 0.042436269 | S10: =I10/$J10 -> 0.34284842
A11: 2025Q2 | B11: FY26/3 1Q | C11: 643 | D11: 434 | E11: 140 | F11: 883 | G11: 1115 | H11: 156 | I11: 2121 | J11: =SUM(C11:I11) -> 5492 | K11: =INDEX(四半期売上!$C$2:$C$15,MATCH($A11,四半期売上!$A$2:$A$15,0)) -> 5495 | L11: =J11-K11 -> -3 | M11: =C11/$J11 -> 0.11707939 | N11: =D11/$J11 -> 0.079024035 | O11: =E11/$J11 -> 0.025491624 | P11: =F11/$J11 -> 0.16077932 | Q11: =G11/$J11 -> 0.20302258 | R11: =H11/$J11 -> 0.028404953 | S11: =I11/$J11 -> 0.38619811
A12: 2025Q3 | B12: FY26/3 2Q | C12: 529 | D12: 384 | E12: 108 | F12: 1325 | G12: 1197 | H12: 213 | I12: 2541 | J12: =SUM(C12:I12) -> 6297 | K12: =INDEX(四半期売上!$C$2:$C$15,MATCH($A12,四半期売上!$A$2:$A$15,0)) -> 6300 | L12: =J12-K12 -> -3 | M12: =C12/$J12 -> 0.084008258 | N12: =D12/$J12 -> 0.06098142 | O12: =E12/$J12 -> 0.017151024 | P12: =F12/$J12 -> 0.21041766 | Q12: =G12/$J12 -> 0.19009052 | R12: =H12/$J12 -> 0.033825631 | S12: =I12/$J12 -> 0.40352549
A13: 2025Q4 | B13: FY26/3 3Q | C13: 393 | D13: 278 | E13: 127 | F13: 1497 | G13: 1119 | H13: 348 | I13: 1755 | J13: =SUM(C13:I13) -> 5517 | K13: =INDEX(四半期売上!$C$2:$C$15,MATCH($A13,四半期売上!$A$2:$A$15,0)) -> 5520 | L13: =J13-K13 -> -3 | M13: =C13/$J13 -> 0.071234367 | N13: =D13/$J13 -> 0.050389705 | O13: =E13/$J13 -> 0.023019757 | P13: =F13/$J13 -> 0.27134312 | Q13: =G13/$J13 -> 0.20282762 | R13: =H13/$J13 -> 0.06307776 | S13: =I13/$J13 -> 0.31810767
A14: 2026Q1 | B14: FY26/3 4Q | C14: 828 | D14: 567 | E14: 297 | F14: 1731 | G14: 1565 | H14: 221 | I14: 1907 | J14: =SUM(C14:I14) -> 7116 | K14: =INDEX(四半期売上!$C$2:$C$15,MATCH($A14,四半期売上!$A$2:$A$15,0)) -> 7118 | L14: =J14-K14 -> -2 | M14: =C14/$J14 -> 0.1163575 | N14: =D14/$J14 -> 0.079679595 | O14: =E14/$J14 -> 0.041736931 | P14: =F14/$J14 -> 0.24325464 | Q14: =G14/$J14 -> 0.21992693 | R14: =H14/$J14 -> 0.031056773 | S14: =I14/$J14 -> 0.26798763
A15: 2026Q2 | B15: FY27/3 1Q | C15: 646 | D15: 590 | E15: 242 | F15: 1524 | G15: 1861 | H15: 229 | I15: 2229 | J15: =SUM(C15:I15) -> 7321 | K15: =INDEX(四半期売上!$C$2:$C$15,MATCH($A15,四半期売上!$A$2:$A$15,0)) -> 7323 | L15: =J15-K15 -> -2 | M15: =C15/$J15 -> 0.088239312 | N15: =D15/$J15 -> 0.080590083 | O15: =E15/$J15 -> 0.033055593 | P15: =F15/$J15 -> 0.20816828 | Q15: =G15/$J15 -> 0.25420025 | R15: =H15/$J15 -> 0.03127988 | S15: =I15/$J15 -> 0.3044666
A17: 差異は決算説明会資料の数値の丸めによる。2023年1〜3月（FY23/3 4Q）の地域別は資料から確認できず空欄とした。

Sheet SCREEN_地域別(入力)
A1: SCREEN 地域別売上（比率を入力すると金額を計算する）
A2: 決算説明会資料の「全社地域別売上高比率」グラフの比率（%）を黄色の欄に入力する。比率合計が100%になることを確認する。
A4: 暦四半期 | B4: 決算期 | C4: 売上高(億円) | D4: 日本比率(入力) | E4: 台湾比率(入力) | F4: 中国比率(入力) | G4: 韓国比率(入力) | H4: アジア・その他比率(入力) | I4: 北米比率(入力) | J4: 欧州比率(入力) | K4: その他比率(入力) | L4: 比率合計 | M4: 日本(億円) | N4: 台湾(億円) | O4: 中国(億円) | P4: 韓国(億円) | Q4: アジア・その他(億円) | R4: 北米(億円) | S4: 欧州(億円) | T4: その他(億円)
A5: 2023Q1 | B5: FY23/3 4Q | C5: =INDEX(四半期売上!$D$2:$D$15,MATCH($A5,四半期売上!$A$2:$A$15,0)) -> 1255 | L5: =IF(COUNT(D5:K5)=0,"",SUM(D5:K5)) | M5: =IF(OR(D5="",$C5=""),"",D5*$C5) | N5: =IF(OR(E5="",$C5=""),"",E5*$C5) | O5: =IF(OR(F5="",$C5=""),"",F5*$C5) | P5: =IF(OR(G5="",$C5=""),"",G5*$C5) | Q5: =IF(OR(H5="",$C5=""),"",H5*$C5) | R5: =IF(OR(I5="",$C5=""),"",I5*$C5) | S5: =IF(OR(J5="",$C5=""),"",J5*$C5) | T5: =IF(OR(K5="",$C5=""),"",K5*$C5)
A6: 2023Q2 | B6: FY24/3 1Q | C6: =INDEX(四半期売上!$D$2:$D$15,MATCH($A6,四半期売上!$A$2:$A$15,0)) -> 996 | L6: =IF(COUNT(D6:K6)=0,"",SUM(D6:K6)) | M6: =IF(OR(D6="",$C6=""),"",D6*$C6) | N6: =IF(OR(E6="",$C6=""),"",E6*$C6) | O6: =IF(OR(F6="",$C6=""),"",F6*$C6) | P6: =IF(OR(G6="",$C6=""),"",G6*$C6) | Q6: =IF(OR(H6="",$C6=""),"",H6*$C6) | R6: =IF(OR(I6="",$C6=""),"",I6*$C6) | S6: =IF(OR(J6="",$C6=""),"",J6*$C6) | T6: =IF(OR(K6="",$C6=""),"",K6*$C6)
A7: 2023Q3 | B7: FY24/3 2Q | C7: =INDEX(四半期売上!$D$2:$D$15,MATCH($A7,四半期売上!$A$2:$A$15,0)) -> 1235 | L7: =IF(COUNT(D7:K7)=0,"",SUM(D7:K7)) | M7: =IF(OR(D7="",$C7=""),"",D7*$C7) | N7: =IF(OR(E7="",$C7=""),"",E7*$C7) | O7: =IF(OR(F7="",$C7=""),"",F7*$C7) | P7: =IF(OR(G7="",$C7=""),"",G7*$C7) | Q7: =IF(OR(H7="",$C7=""),"",H7*$C7) | R7: =IF(OR(I7="",$C7=""),"",I7*$C7) | S7: =IF(OR(J7="",$C7=""),"",J7*$C7) | T7: =IF(OR(K7="",$C7=""),"",K7*$C7)
A8: 2023Q4 | B8: FY24/3 3Q | C8: =INDEX(四半期売上!$D$2:$D$15,MATCH($A8,四半期売上!$A$2:$A$15,0)) -> 1245 | L8: =IF(COUNT(D8:K8)=0,"",SUM(D8:K8)) | M8: =IF(OR(D8="",$C8=""),"",D8*$C8) | N8: =IF(OR(E8="",$C8=""),"",E8*$C8) | O8: =IF(OR(F8="",$C8=""),"",F8*$C8) | P8: =IF(OR(G8="",$C8=""),"",G8*$C8) | Q8: =IF(OR(H8="",$C8=""),"",H8*$C8) | R8: =IF(OR(I8="",$C8=""),"",I8*$C8) | S8: =IF(OR(J8="",$C8=""),"",J8*$C8) | T8: =IF(OR(K8="",$C8=""),"",K8*$C8)
A9: 2024Q1 | B9: FY24/3 4Q | C9: =INDEX(四半期売上!$D$2:$D$15,MATCH($A9,四半期売上!$A$2:$A$15,0)) -> 1570 | L9: =IF(COUNT(D9:K9)=0,"",SUM(D9:K9)) | M9: =IF(OR(D9="",$C9=""),"",D9*$C9) | N9: =IF(OR(E9="",$C9=""),"",E9*$C9) | O9: =IF(OR(F9="",$C9=""),"",F9*$C9) | P9: =IF(OR(G9="",$C9=""),"",G9*$C9) | Q9: =IF(OR(H9="",$C9=""),"",H9*$C9) | R9: =IF(OR(I9="",$C9=""),"",I9*$C9) | S9: =IF(OR(J9="",$C9=""),"",J9*$C9) | T9: =IF(OR(K9="",$C9=""),"",K9*$C9)
A10: 2024Q2 | B10: FY25/3 1Q | C10: =INDEX(四半期売上!$D$2:$D$15,MATCH($A10,四半期売上!$A$2:$A$15,0)) -> 1342 | L10: =IF(COUNT(D10:K10)=0,"",SUM(D10:K10)) | M10: =IF(OR(D10="",$C10=""),"",D10*$C10) | N10: =IF(OR(E10="",$C10=""),"",E10*$C10) | O10: =IF(OR(F10="",$C10=""),"",F10*$C10) | P10: =IF(OR(G10="",$C10=""),"",G10*$C10) | Q10: =IF(OR(H10="",$C10=""),"",H10*$C10) | R10: =IF(OR(I10="",$C10=""),"",I10*$C10) | S10: =IF(OR(J10="",$C10=""),"",J10*$C10) | T10: =IF(OR(K10="",$C10=""),"",K10*$C10)
A11: 2024Q3 | B11: FY25/3 2Q | C11: =INDEX(四半期売上!$D$2:$D$15,MATCH($A11,四半期売上!$A$2:$A$15,0)) -> 1431 | L11: =IF(COUNT(D11:K11)=0,"",SUM(D11:K11)) | M11: =IF(OR(D11="",$C11=""),"",D11*$C11) | N11: =IF(OR(E11="",$C11=""),"",E11*$C11) | O11: =IF(OR(F11="",$C11=""),"",F11*$C11) | P11: =IF(OR(G11="",$C11=""),"",G11*$C11) | Q11: =IF(OR(H11="",$C11=""),"",H11*$C11) | R11: =IF(OR(I11="",$C11=""),"",I11*$C11) | S11: =IF(OR(J11="",$C11=""),"",J11*$C11) | T11: =IF(OR(K11="",$C11=""),"",K11*$C11)
A12: 2024Q4 | B12: FY25/3 3Q | C12: =INDEX(四半期売上!$D$2:$D$15,MATCH($A12,四半期売上!$A$2:$A$15,0)) -> 1825 | L12: =IF(COUNT(D12:K12)=0,"",SUM(D12:K12)) | M12: =IF(OR(D12="",$C12=""),"",D12*$C12) | N12: =IF(OR(E12="",$C12=""),"",E12*$C12) | O12: =IF(OR(F12="",$C12=""),"",F12*$C12) | P12: =IF(OR(G12="",$C12=""),"",G12*$C12) | Q12: =IF(OR(H12="",$C12=""),"",H12*$C12) | R12: =IF(OR(I12="",$C12=""),"",I12*$C12) | S12: =IF(OR(J12="",$C12=""),"",J12*$C12) | T12: =IF(OR(K12="",$C12=""),"",K12*$C12)
A13: 2025Q1 | B13: FY25/3 4Q | C13: =INDEX(四半期売上!$D$2:$D$15,MATCH($A13,四半期売上!$A$2:$A$15,0)) -> 1653 | L13: =IF(COUNT(D13:K13)=0,"",SUM(D13:K13)) | M13: =IF(OR(D13="",$C13=""),"",D13*$C13) | N13: =IF(OR(E13="",$C13=""),"",E13*$C13) | O13: =IF(OR(F13="",$C13=""),"",F13*$C13) | P13: =IF(OR(G13="",$C13=""),"",G13*$C13) | Q13: =IF(OR(H13="",$C13=""),"",H13*$C13) | R13: =IF(OR(I13="",$C13=""),"",I13*$C13) | S13: =IF(OR(J13="",$C13=""),"",J13*$C13) | T13: =IF(OR(K13="",$C13=""),"",K13*$C13)
A14: 2025Q2 | B14: FY26/3 1Q | C14: =INDEX(四半期売上!$D$2:$D$15,MATCH($A14,四半期売上!$A$2:$A$15,0)) -> 1357 | L14: =IF(COUNT(D14:K14)=0,"",SUM(D14:K14)) | M14: =IF(OR(D14="",$C14=""),"",D14*$C14) | N14: =IF(OR(E14="",$C14=""),"",E14*$C14) | O14: =IF(OR(F14="",$C14=""),"",F14*$C14) | P14: =IF(OR(G14="",$C14=""),"",G14*$C14) | Q14: =IF(OR(H14="",$C14=""),"",H14*$C14) | R14: =IF(OR(I14="",$C14=""),"",I14*$C14) | S14: =IF(OR(J14="",$C14=""),"",J14*$C14) | T14: =IF(OR(K14="",$C14=""),"",K14*$C14)
A15: 2025Q3 | B15: FY26/3 2Q | C15: =INDEX(四半期売上!$D$2:$D$15,MATCH($A15,四半期売上!$A$2:$A$15,0)) -> 1385 | L15: =IF(COUNT(D15:K15)=0,"",SUM(D15:K15)) | M15: =IF(OR(D15="",$C15=""),"",D15*$C15) | N15: =IF(OR(E15="",$C15=""),"",E15*$C15) | O15: =IF(OR(F15="",$C15=""),"",F15*$C15) | P15: =IF(OR(G15="",$C15=""),"",G15*$C15) | Q15: =IF(OR(H15="",$C15=""),"",H15*$C15) | R15: =IF(OR(I15="",$C15=""),"",I15*$C15) | S15: =IF(OR(J15="",$C15=""),"",J15*$C15) | T15: =IF(OR(K15="",$C15=""),"",K15*$C15)
A16: 2025Q4 | B16: FY26/3 3Q | C16: =INDEX(四半期売上!$D$2:$D$15,MATCH($A16,四半期売上!$A$2:$A$15,0)) -> 1510 | L16: =IF(COUNT(D16:K16)=0,"",SUM(D16:K16)) | M16: =IF(OR(D16="",$C16=""),"",D16*$C16) | N16: =IF(OR(E16="",$C16=""),"",E16*$C16) | O16: =IF(OR(F16="",$C16=""),"",F16*$C16) | P16: =IF(OR(G16="",$C16=""),"",G16*$C16) | Q16: =IF(OR(H16="",$C16=""),"",H16*$C16) | R16: =IF(OR(I16="",$C16=""),"",I16*$C16) | S16: =IF(OR(J16="",$C16=""),"",J16*$C16) | T16: =IF(OR(K16="",$C16=""),"",K16*$C16)
... A18: 2026Q2 | B18: FY27/3 1Q | C18: =INDEX(四半期売上!$D$2:$D$15,MATCH($A18,四半期売上!$A$2:$A$15,0)) -> 1217 | L18: =IF(COUNT(D18:K18)=0,"",SUM(D18:K18)) | M18: =IF(OR(D18="",$C18=""),"",D18*$C18) | N18: =IF(OR(E18="",$C18=""),"",E18*$C18) | O18: =IF(OR(F18="",$C18=""),"",F18*$C18) | P18: =IF(OR(G18="",$C18=""),"",G18*$C18) | Q18: =IF(OR(H18="",$C18=""),"",H18*$C18) | R18: =IF(OR(I18="",$C18=""),"",I18*$C18) | S18: =IF(OR(J18="",$C18=""),"",J18*$C18) | T18: =IF(OR(K18="",$C18=""),"",K18*$C18)

Sheet KOKUSAI_地域別(入力)
A1: KOKUSAI ELECTRIC 地域別売上（比率を入力すると金額を計算する）
A2: 決算説明資料の地域別売上グラフの比率（%）を黄色の欄に入力する。区分は資料に合わせて変更してよい。
A4: 暦四半期 | B4: 決算期 | C4: 売上高(億円) | D4: 日本比率(入力) | E4: 米国比率(入力) | F4: 台湾比率(入力) | G4: 韓国比率(入力) | H4: 中国比率(入力) | I4: その他比率(入力) | J4: 比率合計 | K4: 日本(億円) | L4: 米国(億円) | M4: 台湾(億円) | N4: 韓国(億円) | O4: 中国(億円) | P4: その他(億円)
A5: 2023Q1 | B5: FY23/3 4Q | C5: =INDEX(四半期売上!$F$2:$F$15,MATCH($A5,四半期売上!$A$2:$A$15,0)) -> 0 | J5: =IF(COUNT(D5:I5)=0,"",SUM(D5:I5)) | K5: =IF(OR(D5="",$C5=""),"",D5*$C5) | L5: =IF(OR(E5="",$C5=""),"",E5*$C5) | M5: =IF(OR(F5="",$C5=""),"",F5*$C5) | N5: =IF(OR(G5="",$C5=""),"",G5*$C5) | O5: =IF(OR(H5="",$C5=""),"",H5*$C5) | P5: =IF(OR(I5="",$C5=""),"",I5*$C5)
A6: 2023Q2 | B6: FY24/3 1Q | C6: =INDEX(四半期売上!$F$2:$F$15,MATCH($A6,四半期売上!$A$2:$A$15,0)) -> 327 | J6: =IF(COUNT(D6:I6)=0,"",SUM(D6:I6)) | K6: =IF(OR(D6="",$C6=""),"",D6*$C6) | L6: =IF(OR(E6="",$C6=""),"",E6*$C6) | M6: =IF(OR(F6="",$C6=""),"",F6*$C6) | N6: =IF(OR(G6="",$C6=""),"",G6*$C6) | O6: =IF(OR(H6="",$C6=""),"",H6*$C6) | P6: =IF(OR(I6="",$C6=""),"",I6*$C6)
A7: 2023Q3 | B7: FY24/3 2Q | C7: =INDEX(四半期売上!$F$2:$F$15,MATCH($A7,四半期売上!$A$2:$A$15,0)) -> 450 | J7: =IF(COUNT(D7:I7)=0,"",SUM(D7:I7)) | K7: =IF(OR(D7="",$C7=""),"",D7*$C7) | L7: =IF(OR(E7="",$C7=""),"",E7*$C7) | M7: =IF(OR(F7="",$C7=""),"",F7*$C7) | N7: =IF(OR(G7="",$C7=""),"",G7*$C7) | O7: =IF(OR(H7="",$C7=""),"",H7*$C7) | P7: =IF(OR(I7="",$C7=""),"",I7*$C7)
A8: 2023Q4 | B8: FY24/3 3Q | C8: =INDEX(四半期売上!$F$2:$F$15,MATCH($A8,四半期売上!$A$2:$A$15,0)) -> 540 | J8: =IF(COUNT(D8:I8)=0,"",SUM(D8:I8)) | K8: =IF(OR(D8="",$C8=""),"",D8*$C8) | L8: =IF(OR(E8="",$C8=""),"",E8*$C8) | M8: =IF(OR(F8="",$C8=""),"",F8*$C8) | N8: =IF(OR(G8="",$C8=""),"",G8*$C8) | O8: =IF(OR(H8="",$C8=""),"",H8*$C8) | P8: =IF(OR(I8="",$C8=""),"",I8*$C8)
A9: 2024Q1 | B9: FY24/3 4Q | C9: =INDEX(四半期売上!$F$2:$F$15,MATCH($A9,四半期売上!$A$2:$A$15,0)) -> 492 | J9: =IF(COUNT(D9:I9)=0,"",SUM(D9:I9)) | K9: =IF(OR(D9="",$C9=""),"",D9*$C9) | L9: =IF(OR(E9="",$C9=""),"",E9*$C9) | M9: =IF(OR(F9="",$C9=""),"",F9*$C9) | N9: =IF(OR(G9="",$C9=""),"",G9*$C9) | O9: =IF(OR(H9="",$C9=""),"",H9*$C9) | P9: =IF(OR(I9="",$C9=""),"",I9*$C9)
A10: 2024Q2 | B10: FY25/3 1Q | C10: =INDEX(四半期売上!$F$2:$F$15,MATCH($A10,四半期売上!$A$2:$A$15,0)) -> 652 | J10: =IF(COUNT(D10:I10)=0,"",SUM(D10:I10)) | K10: =IF(OR(D10="",$C10=""),"",D10*$C10) | L10: =IF(OR(E10="",$C10=""),"",E10*$C10) | M10: =IF(OR(F10="",$C10=""),"",F10*$C10) | N10: =IF(OR(G10="",$C10=""),"",G10*$C10) | O10: =IF(OR(H10="",$C10=""),"",H10*$C10) | P10: =IF(OR(I10="",$C10=""),"",I10*$C10)
A11: 2024Q3 | B11: FY25/3 2Q | C11: =INDEX(四半期売上!$F$2:$F$15,MATCH($A11,四半期売上!$A$2:$A$15,0)) -> 493 | J11: =IF(COUNT(D11:I11)=0,"",SUM(D11:I11)) | K11: =IF(OR(D11="",$C11=""),"",D11*$C11) | L11: =IF(OR(E11="",$C11=""),"",E11*$C11) | M11: =IF(OR(F11="",$C11=""),"",F11*$C11) | N11: =IF(OR(G11="",$C11=""),"",G11*$C11) | O11: =IF(OR(H11="",$C11=""),"",H11*$C11) | P11: =IF(OR(I11="",$C11=""),"",I11*$C11)
A12: 2024Q4 | B12: FY25/3 3Q | C12: =INDEX(四半期売上!$F$2:$F$15,MATCH($A12,四半期売上!$A$2:$A$15,0)) -> 601 | J12: =IF(COUNT(D12:I12)=0,"",SUM(D12:I12)) | K12: =IF(OR(D12="",$C12=""),"",D12*$C12) | L12: =IF(OR(E12="",$C12=""),"",E12*$C12) | M12: =IF(OR(F12="",$C12=""),"",F12*$C12) | N12: =IF(OR(G12="",$C12=""),"",G12*$C12) | O12: =IF(OR(H12="",$C12=""),"",H12*$C12) | P12: =IF(OR(I12="",$C12=""),"",I12*$C12)
A13: 2025Q1 | B13: FY25/3 4Q | C13: =INDEX(四半期売上!$F$2:$F$15,MATCH($A13,四半期売上!$A$2:$A$15,0)) -> 643 | J13: =IF(COUNT(D13:I13)=0,"",SUM(D13:I13)) | K13: =IF(OR(D13="",$C13=""),"",D13*$C13) | L13: =IF(OR(E13="",$C13=""),"",E13*$C13) | M13: =IF(OR(F13="",$C13=""),"",F13*$C13) | N13: =IF(OR(G13="",$C13=""),"",G13*$C13) | O13: =IF(OR(H13="",$C13=""),"",H13*$C13) | P13: =IF(OR(I13="",$C13=""),"",I13*$C13)
A14: 2025Q2 | B14: FY26/3 1Q | C14: =INDEX(四半期売上!$F$2:$F$15,MATCH($A14,四半期売上!$A$2:$A$15,0)) -> 518 | J14: =IF(COUNT(D14:I14)=0,"",SUM(D14:I14)) | K14: =IF(OR(D14="",$C14=""),"",D14*$C14) | L14: =IF(OR(E14="",$C14=""),"",E14*$C14) | M14: =IF(OR(F14="",$C14=""),"",F14*$C14) | N14: =IF(OR(G14="",$C14=""),"",G14*$C14) | O14: =IF(OR(H14="",$C14=""),"",H14*$C14) | P14: =IF(OR(I14="",$C14=""),"",I14*$C14)
A15: 2025Q3 | B15: FY26/3 2Q | C15: =INDEX(四半期売上!$F$2:$F$15,MATCH($A15,四半期売上!$A$2:$A$15,0)) -> 654 | J15: =IF(COUNT(D15:I15)=0,"",SUM(D15:I15)) | K15: =IF(OR(D15="",$C15=""),"",D15*$C15) | L15: =IF(OR(E15="",$C15=""),"",E15*$C15) | M15: =IF(OR(F15="",$C15=""),"",F15*$C15) | N15: =IF(OR(G15="",$C15=""),"",G15*$C15) | O15: =IF(OR(H15="",$C15=""),"",H15*$C15) | P15: =IF(OR(I15="",$C15=""),"",I15*$C15)
A16: 2025Q4 | B16: FY26/3 3Q | C16: =INDEX(四半期売上!$F$2:$F$15,MATCH($A16,四半期売上!$A$2:$A$15,0)) -> 559 | J16: =IF(COUNT(D16:I16)=0,"",SUM(D16:I16)) | K16: =IF(OR(D16="",$C16=""),"",D16*$C16) | L16: =IF(OR(E16="",$C16=""),"",E16*$C16) | M16: =IF(OR(F16="",$C16=""),"",F16*$C16) | N16: =IF(OR(G16="",$C16=""),"",G16*$C16) | O16: =IF(OR(H16="",$C16=""),"",H16*$C16) | P16: =IF(OR(I16="",$C16=""),"",I16*$C16)
... A18: 2026Q2 | B18: FY27/3 1Q | C18: =INDEX(四半期売上!$F$2:$F$15,MATCH($A18,四半期売上!$A$2:$A$15,0)) -> 754 | J18: =IF(COUNT(D18:I18)=0,"",SUM(D18:I18)) | K18: =IF(OR(D18="",$C18=""),"",D18*$C18) | L18: =IF(OR(E18="",$C18=""),"",E18*$C18) | M18: =IF(OR(F18="",$C18=""),"",F18*$C18) | N18: =IF(OR(G18="",$C18=""),"",G18*$C18) | O18: =IF(OR(H18="",$C18=""),"",H18*$C18) | P18: =IF(OR(I18="",$C18=""),"",I18*$C18)
A21: 確認できた開示（2次情報：Investing.comのスライド要約）：FY27/3 1Q（2026年4〜6月）の中国向け188億円（25%）、非中国566億円（75%）、合計754億円。
A22: 同要約には中国28%との記載もあり、25%と食い違う。原資料で確認するまで入力していない。

Sheet 出典
A1: 出典
A3: 東京エレクトロン FY27 Q1決算説明会資料 | B3: https://www.tel.co.jp/ir/library/report/negqvb0000000eqw-att/fy27q1presentations-j.pdf
A4: 東京エレクトロン FY25 Q4決算説明会資料 | B4: https://www.tel.co.jp/ir/library/report/vguqj600000000j3-att/fy25q4presentations-j.pdf
A5: 東京エレクトロン FY24 Q4決算説明会資料 | B5: https://www.tel.co.jp/ir/library/report/j8ht1m00000000pg-att/fy24q4presentations-j.pdf
A6: 東京エレクトロン 2027年3月期第1四半期決算短信 | B6: https://www.tel.co.jp/ir/library/report/negqvb0000000eqw-att/fy27q1tanshin-j.pdf
A7: SCREEN FY2027 Q1決算説明会資料 | B7: https://hdjp-corporateweb-files.screen.co.jp/8117/8885/6333/FY2027Q1_Mtg_J.pdf
A8: SCREEN FY2025 Q4決算説明会資料 | B8: https://hdjp-corporateweb-files.screen.co.jp/1017/4677/2606/FY2025Q4_Mtg_J.pdf
A9: SCREEN FY2024 Q4決算説明会資料 | B9: https://hdjp-corporateweb-files.screen.co.jp/7417/2553/3171/FY2024Q4_Mtg_J.pdf
A10: KOKUSAI ELECTRIC 2025年3月期決算説明資料 | B10: https://finance.stockweather.co.jp/contents/dispPDF.aspx?disclosure=20250513544797
A11: KOKUSAI ELECTRIC 2026年3月期決算短信 | B11: https://finance-frontend-pc-dist.west.edge.storage-yahoo.jp/disclosure/20260513/20260512526541.pdf
A12: KOKUSAI ELECTRIC 2026年3月期Q3（Quartr） | B12: https://quartr.com/events/kokusai-electric-6525-q3-2026_F922zfFv
A13: KOKUSAI ELECTRIC 2026年3月期Q1（AI決算ラボ） | B13: https://note.com/aikessanlab/n/n02e58e52e526?hl=en
A14: KOKUSAI ELECTRIC 2027年3月期Q1（global-net） | B14: https://global-net.co.jp/archives/13621
A15: KOKUSAI ELECTRIC Q1 FY27/3スライド要約（Investing.com） | B15: https://www.investing.com/news/company-news/kokusai-electric-q1-fy273-slides-record-revenue-guidance-raised-21-93CH-4840168
