Workbook

Sheet 概要
A1: 対象 | B1: 日本の輸出（848620000）と、TEL地域別売上（2016Q1〜2026Q2、42四半期）。前回の13四半期の結果を、長期の標本で見直した。
A2: 修正点 | B2: 前回は全地域でラグ0（同時）に見えたが、42四半期では韓国向け輸出がTEL韓国売上に約1か月先行する傾向が出た。台湾（約0.3か月）・中国（約0.6か月）はほぼ同時。北米・欧州は区間が広く判断できない。標本が増えたことで結論が変わった。
A3: 先行性の大きさ | B3: 韓国：輸出の重心がラグ0.0の場合に比べ約1.3か月先行（90%区間の目安 0.5〜2.5か月）。世界合計は約0.6か月。先行は1か月前後で、四半期をまたぐ先行ではない。
A4: 推定精度 | B4: TEL海外売上を、同四半期の比率（過去3年の同四半期比率の平均）×当四半期の輸出で推定すると、30四半期の平均誤差は8.1%。前期の値で代用すると15.9%、前年同期の値では21.1%。
A5: 決算前の推定 | B5: 四半期末月の20日ごろに出る第2月までの輸出（窓k=1）で推定すると誤差は約9.7%。決算発表の約6週間前に使える。前回の13四半期の推定誤差（約6.7%）は標本が小さく楽観的だった。
A6: 季節性 | B6: TEL海外売上÷輸出の比率は、7〜9月（暦3Q）に高く（0.88〜1.02）、10〜12月に低い（0.64〜0.66）。同四半期の比率を使うほうが精度が上がる。
A7: 結論 | B7: 日本側輸出は、需要の先行指標ではなく、約1か月先行する同時指標である。決算前の着地推定に使える。数か月〜四半期先の先行性は、上流の指標（顧客capex、材料、工場建設）に求める必要がある。
A8: 注意 | B8: (1) 2023Q2以降のTELは全社（FPD含む）、それ以前はSPE部門のみ（水準差約3%）。(2) 848620はTEL以外の日本メーカー（露光、洗浄等）も含む。(3) 輸出は確定・確報値で、速報の改訂差は未検証。(4) YoY相関は重なる期間による自己相関で、有意性が過大に見える。
A9: シート | B9: ラグ相関 / 分布ラグ / 推定誤差比較 / 海外_四半期推定

Sheet グラフ
A1: グラフ（すべて億円。青＝TEL売上、橙＝日本の輸出。国別は同じ縦軸の単位で比較できる）

Sheet ラグ相関
A1: k>0：輸出の3か月窓が売上四半期末のk月前に終わる（輸出が先行）。k<0：輸出が後。相関は変化率（QoQ・YoY）。QoQ n=41、YoY n=38。
A3: 系列 | B3: 変化率 | C3: k=-3 | D3: k=-2 | E3: k=-1 | F3: k=0 | G3: k=1 | H3: k=2 | I3: k=3 | J3: k=4 | K3: k=5 | L3: k=6 | M3: 最大のk
A4: 世界→TEL海外 | B4: QoQ | C4: -0.12 | D4: 0.02 | E4: 0.44 | F4: 0.45 | G4: 0.27 | H4: -0.05 | I4: 0.01 | J4: 0.09 | K4: 0.23 | L4: 0.15 | M4: =INDEX($C$3:$L$3,MATCH(MAX(C4:L4),C4:L4,0)) -> k=0
A5: 世界→TEL海外 | B5: YoY | C5: 0.47 | D5: 0.59 | E5: 0.75 | F5: 0.86 | G5: 0.83 | H5: 0.73 | I5: 0.66 | J5: 0.67 | K5: 0.53 | L5: 0.45 | M5: =INDEX($C$3:$L$3,MATCH(MAX(C5:L5),C5:L5,0)) -> k=0
A6: 韓国 | B6: QoQ | C6: -0.21 | D6: -0.01 | E6: 0.2 | F6: 0.52 | G6: 0.61 | H6: 0.55 | I6: 0.31 | J6: 0.04 | K6: -0.15 | L6: -0.14 | M6: =INDEX($C$3:$L$3,MATCH(MAX(C6:L6),C6:L6,0)) -> k=1
A7: 韓国 | B7: YoY | C7: 0.57 | D7: 0.64 | E7: 0.69 | F7: 0.83 | G7: 0.93 | H7: 0.94 | I7: 0.93 | J7: 0.83 | K7: 0.66 | L7: 0.63 | M7: =INDEX($C$3:$L$3,MATCH(MAX(C7:L7),C7:L7,0)) -> k=2
A8: 台湾 | B8: QoQ | C8: -0.28 | D8: 0.03 | E8: 0.48 | F8: 0.67 | G8: 0.66 | H8: 0.38 | I8: 0.09 | J8: -0.03 | K8: -0.14 | L8: -0.02 | M8: =INDEX($C$3:$L$3,MATCH(MAX(C8:L8),C8:L8,0)) -> k=0
A9: 台湾 | B9: YoY | C9: 0.5 | D9: 0.65 | E9: 0.82 | F9: 0.91 | G9: 0.9 | H9: 0.82 | I9: 0.67 | J9: 0.58 | K9: 0.44 | L9: 0.36 | M9: =INDEX($C$3:$L$3,MATCH(MAX(C9:L9),C9:L9,0)) -> k=0
A10: 中国 | B10: QoQ | C10: -0.33 | D10: -0.08 | E10: 0.36 | F10: 0.75 | G10: 0.65 | H10: 0.38 | I10: -0.08 | J10: -0.1 | K10: -0.1 | L10: -0.06 | M10: =INDEX($C$3:$L$3,MATCH(MAX(C10:L10),C10:L10,0)) -> k=0
A11: 中国 | B11: YoY | C11: 0.36 | D11: 0.56 | E11: 0.76 | F11: 0.85 | G11: 0.76 | H11: 0.6 | I11: 0.42 | J11: 0.42 | K11: 0.42 | L11: 0.43 | M11: =INDEX($C$3:$L$3,MATCH(MAX(C11:L11),C11:L11,0)) -> k=0
A12: 北米 | B12: QoQ | C12: 0.27 | D12: 0.21 | E12: 0.39 | F12: 0.06 | G12: 0.05 | H12: -0.23 | I12: 0.02 | J12: 0.05 | K12: 0.37 | L12: 0.28 | M12: =INDEX($C$3:$L$3,MATCH(MAX(C12:L12),C12:L12,0)) -> k=-1
A13: 北米 | B13: YoY | C13: 0.37 | D13: 0.49 | E13: 0.57 | F13: 0.56 | G13: 0.57 | H13: 0.51 | I13: 0.52 | J13: 0.49 | K13: 0.48 | L13: 0.43 | M13: =INDEX($C$3:$L$3,MATCH(MAX(C13:L13),C13:L13,0)) -> k=-1
A14: 欧州 | B14: QoQ | C14: 0.1 | D14: 0.39 | E14: 0.62 | F14: 0.42 | G14: 0.22 | H14: 0.08 | I14: 0.29 | J14: 0.3 | K14: 0.29 | L14: 0.03 | M14: =INDEX($C$3:$L$3,MATCH(MAX(C14:L14),C14:L14,0)) -> k=-1
A15: 欧州 | B15: YoY | C15: 0.53 | D15: 0.66 | E15: 0.76 | F15: 0.73 | G15: 0.75 | H15: 0.7 | I15: 0.67 | J15: 0.58 | K15: 0.47 | L15: 0.38 | M15: =INDEX($C$3:$L$3,MATCH(MAX(C15:L15),C15:L15,0)) -> k=-1

Sheet 分布ラグ
A1: 四半期売上＝Σ（輸出月×重み）の比例モデルを、非負最小二乗で推定。d＝輸出月－四半期末月（d=0が四半期末月、負が前）。重みは合計1。区間は4四半期ブロックのブートストラップ300回の90%区間。
A3: 系列 | B3: 同四半期内（d=-2〜0） | C3: 90%下 | D3: 90%上 | E3: 前の四半期（d=-5〜-3） | F3: さらに前（d≦-6） | G3: 四半期末後（d=+1,+2） | H3: 平均ラグ（月） | I3: 90%下 | J3: 90%上 | K3: 同四半期一様の場合のラグ | L3: 同時指標を超える先行（月）
A4: 世界→TEL海外 | B4: 0.63000669 | C4: 0.39083662 | D4: 0.83711294 | E4: 0 | F4: 0.19601805 | G4: 0.17397526 | H4: 1.6232989 | I4: 1.139998 | J4: 2.7051958 | K4: 1 | L4: =H4-K4 -> 0.62329888
A5: 韓国 | B5: 0.69679948 | C5: 0.44457427 | D5: 0.78532407 | E5: 0.14100676 | F5: 0.16219375 | G5: 0 | H5: 2.3291874 | I5: 1.4739661 | J5: 3.4978111 | K5: 1 | L5: =H5-K5 -> 1.3291874
A6: 台湾 | B6: 0.55620523 | C6: 0.39117892 | D6: 0.63232727 | E6: 0.23846672 | F6: 0.024084146 | G6: 0.18124391 | H6: 1.2568305 | I6: 0.88981816 | J6: 2.4478661 | K6: 1 | L6: =H6-K6 -> 0.25683047
A7: 中国 | B7: 0.71399092 | C7: 0.60071245 | D7: 0.90635143 | E7: 0 | F7: 0.14315633 | G7: 0.14285275 | H7: 1.578517 | I7: 0.79856013 | J7: 2.2465814 | K7: 1 | L7: =H7-K7 -> 0.57851702
A8: 北米 | B8: 0.41755677 | C8: 0.0020991437 | D8: 0.73216119 | E8: 0 | F8: 0.35054057 | G8: 0.23190266 | H8: 2.6626289 | I8: 1.2044583 | J8: 4.4890631 | K8: 1 | L8: =H8-K8 -> 1.6626289
A9: 欧州 | B9: 0.35991161 | C9: 0.28046911 | D9: 0.66365486 | E9: 0.21495491 | F9: 0.14587176 | G9: 0.27926172 | H9: 1.7540134 | I9: 0.97894566 | J9: 3.0267946 | K9: 1 | L9: =H9-K9 -> 0.75401336
A11: 読み方：『同時指標を超える先行（月）』が正で、区間の下限も正なら、輸出が売上の計上より先に動いている。韓国で明確。重みが『さらに前』に出るのはトレンドの影響を含む可能性がある。

Sheet 推定誤差比較
A1: ローリング推定（その時点で入手可能な過去のみ使用）。誤差＝|推定/実績－1|の平均（MAPE）。n=30四半期（2019Q1〜2026Q2）。k0＝当四半期の輸出、k1＝四半期末月の20日ごろに入手できる第2月までの輸出、k2＝さらに1か月前まで。
A3: 推定方法 | B3: TEL海外 | C3: 韓国 | D3: 台湾 | E3: 中国
A4: 前期の値（比較） | B4: 0.15937975 | C4: 0.23999643 | D4: 0.24083498 | E4: 0.2334587
A5: 前年同期の値（比較） | B5: 0.21102226 | C5: 0.39915469 | D5: 0.41529537 | E5: 0.3380007
A6: 直近4Q比率×輸出（k0） | B6: 0.09001534 | C6: 0.17525123 | D6: 0.16358599 | E6: 0.12027623
A7: 同四半期比率×輸出（k0） | B7: 0.08127051 | C7: 0.19663041 | D7: 0.14251615 | E7: 0.12214221
A8: 直近4Q比率×輸出（k1） | B8: 0.096934017 | C8: 0.15907628 | D8: 0.15897969 | E8: 0.16918252
A9: 同四半期比率×輸出（k1） | B9: 0.097715172 | C9: 0.16635006 | D9: 0.17433235 | E9: 0.16189149
A10: 同四半期比率×輸出（k2） | B10: 0.11085316 | C10: 0.16215034 | D10: 0.21972549 | E10: 0.19130078
A11: 前年同期×輸出YoY（k0） | B11: 0.10349962 | C11: 0.23425454 | D11: 0.18390042 | E11: 0.15061195
A13: この表の値は、各地域の『海外_四半期推定』と同形式の計算結果（Pythonで算出）。TEL海外の四半期別の内訳と数式は次のシートにある。

Sheet 海外_四半期推定
A1: 暦四半期 | B1: TEL海外（実績） | C1: 前期 | D1: 前年同期 | E1: 直近4Q比率×輸出(k0) | F1: 同四半期比率×輸出(k0) | G1: 同四半期比率×輸出(k1) | H1: 誤差：前期 | I1: 誤差：前年同期 | J1: 誤差：直近4Q(k0) | K1: 誤差：同四半期(k0) | L1: 誤差：同四半期(k1)
A2: 2019Q1 | B2: 2457 | C2: 1851 | D2: 2807 | E2: 2619.9868 | F2: 2371.2485 | G2: 2358.151 | H2: =ABS(C2/B2-1) -> 0.24664225 | I2: =ABS(D2/B2-1) -> 0.14245014 | J2: =ABS(E2/B2-1) -> 0.066335702 | K2: =ABS(F2/B2-1) -> 0.034900903 | L2: =ABS(G2/B2-1) -> 0.040231576
A3: 2019Q2 | B3: 1653 | C3: 2457 | D3: 2289 | E3: 2200.7388 | F3: 1808.1881 | G3: 1693.0479 | H3: =ABS(C3/B3-1) -> 0.48638838 | I3: =ABS(D3/B3-1) -> 0.38475499 | J3: =ABS(E3/B3-1) -> 0.33136045 | K3: =ABS(F3/B3-1) -> 0.09388269 | L3: =ABS(G3/B3-1) -> 0.024227379
A4: 2019Q3 | B4: 2306 | C4: 1653 | D4: 2998 | E4: 2264.0975 | F4: 2654.9963 | G4: 2785.7956 | H4: =ABS(C4/B4-1) -> 0.28317433 | I4: =ABS(D4/B4-1) -> 0.30008673 | J4: =ABS(E4/B4-1) -> 0.018171092 | K4: =ABS(F4/B4-1) -> 0.15134273 | L4: =ABS(G4/B4-1) -> 0.20806401
A5: 2019Q4 | B5: 2458 | C5: 2306 | D5: 1851 | E5: 2353.3086 | F5: 2242.927 | G5: 2252.2724 | H5: =ABS(C5/B5-1) -> 0.061838893 | I5: =ABS(D5/B5-1) -> 0.24694874 | J5: =ABS(E5/B5-1) -> 0.042592118 | K5: =ABS(F5/B5-1) -> 0.087499205 | L5: =ABS(G5/B5-1) -> 0.083697142
A6: 2020Q1 | B6: 2590 | C6: 2458 | D6: 2457 | E6: 2373.4331 | F6: 2496.3861 | G6: 2741.8726 | H6: =ABS(C6/B6-1) -> 0.050965251 | I6: =ABS(D6/B6-1) -> 0.051351351 | J6: =ABS(E6/B6-1) -> 0.08361658 | K6: =ABS(F6/B6-1) -> 0.036144357 | L6: =ABS(G6/B6-1) -> 0.058638054
A7: 2020Q2 | B7: 2544 | C7: 2590 | D7: 1653 | E7: 2245.4602 | F7: 2094.6882 | G7: 1997.2294 | H7: =ABS(C7/B7-1) -> 0.018081761 | I7: =ABS(D7/B7-1) -> 0.35023585 | J7: =ABS(E7/B7-1) -> 0.11735054 | K7: =ABS(F7/B7-1) -> 0.17661626 | L7: =ABS(G7/B7-1) -> 0.21492554
A8: 2020Q3 | B8: 2746 | C8: 2544 | D8: 2306 | E8: 2114.122 | F8: 2491.6 | G8: 2569.5071 | H8: =ABS(C8/B8-1) -> 0.073561544 | I8: =ABS(D8/B8-1) -> 0.16023307 | J8: =ABS(E8/B8-1) -> 0.23010851 | K8: =ABS(F8/B8-1) -> 0.092643831 | L8: =ABS(G8/B8-1) -> 0.064272724
A9: 2020Q4 | B9: 2279 | C9: 2746 | D9: 2458 | E9: 2830.3572 | F9: 2318.8839 | G9: 2148.1731 | H9: =ABS(C9/B9-1) -> 0.20491444 | I9: =ABS(D9/B9-1) -> 0.078543221 | J9: =ABS(E9/B9-1) -> 0.24192943 | K9: =ABS(F9/B9-1) -> 0.017500632 | L9: =ABS(G9/B9-1) -> 0.057405397
A10: 2021Q1 | B10: 3616 | C10: 2279 | D10: 2590 | E10: 3453.036 | F10: 3199.3554 | G10: 3310.753 | H10: =ABS(C10/B10-1) -> 0.36974558 | I10: =ABS(D10/B10-1) -> 0.28373894 | J10: =ABS(E10/B10-1) -> 0.045067484 | K10: =ABS(F10/B10-1) -> 0.11522252 | L10: =ABS(G10/B10-1) -> 0.084415655
A11: 2021Q2 | B11: 3828 | C11: 3616 | D11: 2544 | E11: 4046.7491 | F11: 3462.3211 | G11: 3067.6171 | H11: =ABS(C11/B11-1) -> 0.0553814 | I11: =ABS(D11/B11-1) -> 0.3354232 | J11: =ABS(E11/B11-1) -> 0.057144486 | K11: =ABS(F11/B11-1) -> 0.095527395 | L11: =ABS(G11/B11-1) -> 0.19863712
A12: 2021Q3 | B12: 4136 | C12: 3828 | D12: 2746 | E12: 4164.0464 | F12: 4723.7606 | G12: 4571.0303 | H12: =ABS(C12/B12-1) -> 0.074468085 | I12: =ABS(D12/B12-1) -> 0.3360735 | J12: =ABS(E12/B12-1) -> 0.0067810372 | K12: =ABS(F12/B12-1) -> 0.14210846 | L12: =ABS(G12/B12-1) -> 0.10518141
A13: 2021Q4 | B13: 4253 | C13: 4136 | D13: 2279 | E13: 4481.5565 | F13: 3916.1166 | G13: 3972.1979 | H13: =ABS(C13/B13-1) -> 0.027509993 | I13: =ABS(D13/B13-1) -> 0.46414296 | J13: =ABS(E13/B13-1) -> 0.053740056 | K13: =ABS(F13/B13-1) -> 0.079210758 | L13: =ABS(G13/B13-1) -> 0.06602448
... A31: 2026Q2 | B31: 6675 | C31: 6288 | D31: 4849 | E31: 6049.2132 | F31: 5484.6172 | G31: 5334.0936 | H31: =ABS(C31/B31-1) -> 0.057977528 | I31: =ABS(D31/B31-1) -> 0.27355805 | J31: =ABS(E31/B31-1) -> 0.093750831 | K31: =ABS(F31/B31-1) -> 0.17833451 | L31: =ABS(G31/B31-1) -> 0.20088485
A33: MAPE | H33: =AVERAGE(H2:H31) -> 0.15937975 | I33: =AVERAGE(I2:I31) -> 0.21102226 | J33: =AVERAGE(J2:J31) -> 0.09001534 | K33: =AVERAGE(K2:K31) -> 0.08127051 | L33: =AVERAGE(L2:L31) -> 0.097715172

Sheet グラフ用データ
A1: 暦四半期 | B1: JP輸出 世界 | C1: TEL 海外 | D1: JP輸出 韓国 | E1: JP輸出 台湾 | F1: JP輸出 中国 | G1: JP輸出 北米 | H1: JP輸出 欧州 | I1: TEL 韓国 | J1: TEL 台湾 | K1: TEL 中国 | L1: TEL 北米 | M1: TEL 欧州 | N1: 比率 TEL海外÷JP輸出 | O1: 前年比 TEL海外 | P1: 前年比 JP輸出世界
A2: 2016Q1 | B2: 1891.3959 | C2: 1228 | D2: 418.067 | E2: 608.24786 | F2: 332.28004 | G2: 387.76089 | H2: 32.90122 | I2: 309 | J2: 425 | K2: 152 | L2: 197 | M2: 95 | N2: =C2/B2 -> 0.64925592
A3: 2016Q2 | B3: 2102.2494 | C3: 1128 | D3: 262.73222 | E3: 693.32761 | F3: 454.34719 | G3: 353.27412 | H3: 27.41545 | I3: 198 | J3: 305 | K3: 300 | L3: 170 | M3: 52 | N3: =C3/B3 -> 0.5365681
A4: 2016Q3 | B4: 2389.9974 | C4: 1695 | D4: 538.62127 | E4: 921.1264 | F4: 325.10752 | G4: 129.70085 | H4: 25.0055 | I4: 290 | J4: 582 | K4: 240 | L4: 344 | M4: 66 | N4: =C4/B4 -> 0.7092058
A5: 2016Q4 | B5: 2400.9764 | C5: 1587 | D5: 525.71787 | E5: 1146.9984 | F5: 221.41985 | G5: 215.83605 | H5: 67.05864 | I5: 333 | J5: 623 | K5: 137 | L5: 246 | M5: 150 | N5: =C5/B5 -> 0.66098109
A6: 2017Q1 | B6: 2927.4485 | C6: 2165 | D6: 1123.5859 | E6: 820.19104 | F6: 388.06389 | G6: 281.38839 | H6: 97.22085 | I6: 555 | J6: 747 | K6: 227 | L6: 254 | M6: 329 | N6: =C6/B6 -> 0.73955187 | O6: =C6/C2-1 -> 0.76302932 | P6: =B6/B2-1 -> 0.54777139
A7: 2017Q2 | B7: 2906.1121 | C7: 1947 | D7: 1249.7984 | E7: 576.69033 | F7: 472.64565 | G7: 364.09965 | H7: 40.91457 | I7: 683 | J7: 458 | K7: 267 | L7: 240 | M7: 253 | N7: =C7/B7 -> 0.66996726 | O7: =C7/C3-1 -> 0.72606383 | P7: =B7/B3-1 -> 0.38238216
A8: 2017Q3 | B8: 2523.6939 | C8: 2269 | D8: 985.06527 | E8: 469.96215 | F8: 297.44551 | G8: 390.79784 | H8: 44.19744 | I8: 1017 | J8: 366 | K8: 230 | L8: 320 | M8: 269 | N8: =C8/B8 -> 0.89907891 | O8: =C8/C4-1 -> 0.33864307 | P8: =B8/B4-1 -> 0.05594004
A9: 2017Q4 | B9: 3210.2353 | C9: 2060 | D9: 1200.6705 | E9: 639.52583 | F9: 504.5745 | G9: 281.91348 | H9: 107.13577 | I9: 794 | J9: 421 | K9: 226 | L9: 291 | M9: 196 | N9: =C9/B9 -> 0.64169751 | O9: =C9/C5-1 -> 0.29804663 | P9: =B9/B5-1 -> 0.33705408
A10: 2018Q1 | B10: 3832.8078 | C10: 2807 | D10: 1674.6229 | E10: 508.01099 | F10: 737.92263 | G10: 324.86435 | H10: 92.78707 | I10: 1223 | J10: 443 | K10: 318 | L10: 339 | M10: 250 | N10: =C10/B10 -> 0.73236128 | O10: =C10/C6-1 -> 0.2965358 | P10: =B10/B6-1 -> 0.30926566
A11: 2018Q2 | B11: 3182.4565 | C11: 2289 | D11: 1193.0786 | E11: 381.23576 | F11: 930.12498 | G11: 221.47514 | H11: 121.28414 | I11: 889 | J11: 263 | K11: 549 | L11: 284 | M11: 177 | N11: =C11/B11 -> 0.7192557 | O11: =C11/C7-1 -> 0.17565485 | P11: =B11/B7-1 -> 0.095090749
A12: 2018Q3 | B12: 2928.3081 | C12: 2998 | D12: 791.31092 | E12: 634.31817 | F12: 851.52409 | G12: 251.96619 | H12: 143.9241 | I12: 865 | J12: 480 | K12: 713 | L12: 459 | M12: 313 | N12: =C12/B12 -> 1.0237994 | O12: =C12/C8-1 -> 0.32128691 | P12: =B12/B8-1 -> 0.16032617
A13: 2018Q4 | B13: 2849.9582 | C13: 1851 | D13: 687.87781 | E13: 500.88068 | F13: 513.9752 | G13: 521.36438 | H13: 150.96925 | I13: 609 | J13: 293 | K13: 380 | L13: 227 | M13: 186 | N13: =C13/B13 -> 0.64948322 | O13: =C13/C9-1 -> -0.10145631 | P13: =B13/B9-1 -> -0.11222764
A14: 2019Q1 | B14: 3353.6909 | C14: 2457 | D14: 553.0653 | E14: 1118.1286 | F14: 746.2972 | G14: 629.54491 | H14: 99.54519 | I14: 689 | J14: 591 | K14: 425 | L14: 347 | M14: 253 | N14: =C14/B14 -> 0.73262566 | O14: =C14/C10-1 -> -0.12468828 | P14: =B14/B10-1 -> -0.12500415
A15: 2019Q2 | B15: 2816.7979 | C15: 1653 | D15: 408.88525 | E15: 578.48942 | F15: 644.99075 | G15: 965.9927 | H15: 64.2347 | I15: 369 | J15: 483 | K15: 270 | L15: 285 | M15: 202 | N15: =C15/B15 -> 0.58683656 | O15: =C15/C11-1 -> -0.27785059 | P15: =B15/B11-1 -> -0.11489823
A16: 2019Q3 | B16: 3026.115 | C16: 2306 | D16: 333.1369 | E16: 841.0438 | F16: 940.53972 | G16: 677.4426 | H16: 46.06359 | I16: 364 | J16: 487 | K16: 568 | L16: 588 | M16: 144 | N16: =C16/B16 -> 0.76203318 | O16: =C16/C12-1 -> -0.23082055 | P16: =B16/B12-1 -> 0.033400464
A17: 2019Q4 | B17: 3446.8356 | C17: 2458 | D17: 342.16431 | E17: 1362.3183 | F17: 811.84172 | G17: 686.01125 | H17: 55.68534 | I17: 310 | J17: 762 | K17: 591 | L17: 610 | M17: 108 | N17: =C17/B17 -> 0.71311785 | O17: =C17/C13-1 -> 0.32793085 | P17: =B17/B13-1 -> 0.20943376
... A43: 2026Q2 | B43: 7518.7048 | C43: 6675 | D43: 1573.7709 | E43: 2250.9399 | F43: 2471.7229 | G43: 720.08008 | H43: 193.58125 | I43: 1524 | J43: 1861 | K43: 2229 | L43: 590 | M43: 242 | N43: =C43/B43 -> 0.88778588 | O43: =C43/C39-1 -> 0.37657249 | P43: =B43/B39-1 -> 0.17387317
A45: 単位：億円。JP輸出＝日本から各地域への848620000（3か月合計）。TEL＝地域別売上（2023Q1まではSPE部門のみ、以降は全社）。輸出は仕向地、TELは顧客所在地の定義で、完全には一致しない。

Sheet 月次輸出
A1: 年月 | B1: 韓国 | C1: 台湾 | D1: 中国 | E1: 北米 | F1: 欧州 | G1: 東南アジア・その他 | H1: 世界
A2: 2010-01 | B2: 74.47611 | C2: 112.19095 | D2: 9.38474 | E2: 53.83561 | F2: 20.21926 | G2: 59.12969 | H2: =SUM(B2:G2) -> 329.23636
A3: 2010-02 | B3: 136.57702 | C3: 163.42396 | D3: 24.70824 | E3: 55.14633 | F3: 17.17317 | G3: 69.93251 | H3: =SUM(B3:G3) -> 466.96123
A4: 2010-03 | B4: 189.75065 | C4: 234.67992 | D4: 50.44512 | E4: 53.64521 | F4: 17.73915 | G4: 53.93482 | H4: =SUM(B4:G4) -> 600.19487
A5: 2010-04 | B5: 137.35813 | C5: 201.48003 | D5: 32.33779 | E5: 102.38496 | F5: 23.68094 | G5: 60.12324 | H5: =SUM(B5:G5) -> 557.36509
A6: 2010-05 | B6: 74.47592 | C6: 144.38444 | D6: 36.90694 | E6: 104.18603 | F6: 29.89539 | G6: 89.61584 | H6: =SUM(B6:G6) -> 479.46456
A7: 2010-06 | B7: 177.61076 | C7: 169.31493 | D7: 66.58291 | E7: 65.51391 | F7: 5.70116 | G7: 60.49272 | H7: =SUM(B7:G7) -> 545.21639
A8: 2010-07 | B8: 136.26442 | C8: 195.44106 | D8: 82.86141 | E8: 86.12688 | F8: 18.54487 | G8: 41.27355 | H8: =SUM(B8:G8) -> 560.51219
A9: 2010-08 | B9: 169.89268 | C9: 214.5649 | D9: 49.54429 | E9: 74.25776 | F9: 47.75379 | G9: 49.78096 | H9: =SUM(B9:G9) -> 605.79438
A10: 2010-09 | B10: 140.33473 | C10: 179.79649 | D10: 80.26818 | E10: 101.73381 | F10: 43.13465 | G10: 56.61735 | H10: =SUM(B10:G10) -> 601.88521
A11: 2010-10 | B11: 109.29475 | C11: 192.19315 | D11: 100.73438 | E11: 94.99111 | F11: 43.98624 | G11: 62.60629 | H11: =SUM(B11:G11) -> 603.80592
A12: 2010-11 | B12: 65.65912 | C12: 245.67673 | D12: 54.82296 | E12: 221.63523 | F12: 79.81625 | G12: 92.31456 | H12: =SUM(B12:G12) -> 759.92485
A13: 2010-12 | B13: 95.43514 | C13: 220.74744 | D13: 90.21567 | E13: 251.29469 | F13: 79.43848 | G13: 60.48068 | H13: =SUM(B13:G13) -> 797.6121
... A201: 2026-08 | B201: 593.69916 | C201: 676.0098 | D201: 1368.2124 | E201: 304.11395 | F201: 87.12095 | G201: 204.40159 | H201: =SUM(B201:G201) -> 3233.5578
A203: 単位：億円/月。日本から各仕向地域への848620000の輸出（確定・確報値）。

Sheet 四半期輸出
A1: 暦四半期 | B1: 韓国 | C1: 台湾 | D1: 中国 | E1: 北米 | F1: 欧州 | G1: 東南アジア・その他 | H1: 世界
A2: 2010Q1 | B2: 400.80378 | C2: 510.29483 | D2: 84.5381 | E2: 162.62715 | F2: 55.13158 | G2: 182.99702 | H2: =SUM(B2:G2) -> 1396.3925
A3: 2010Q2 | B3: 389.44481 | C3: 515.1794 | D3: 135.82764 | E3: 272.0849 | F3: 59.27749 | G3: 210.2318 | H3: =SUM(B3:G3) -> 1582.046
A4: 2010Q3 | B4: 446.49183 | C4: 589.80245 | D4: 212.67388 | E4: 262.11845 | F4: 109.43331 | G4: 147.67186 | H4: =SUM(B4:G4) -> 1768.1918
A5: 2010Q4 | B5: 270.38901 | C5: 658.61732 | D5: 245.77301 | E5: 567.92103 | F5: 203.24097 | G5: 215.40153 | H5: =SUM(B5:G5) -> 2161.3429
A6: 2011Q1 | B6: 302.59681 | C6: 594.28124 | D6: 235.65632 | E6: 549.48502 | F6: 244.43647 | G6: 173.41771 | H6: =SUM(B6:G6) -> 2099.8736
A7: 2011Q2 | B7: 384.59549 | C7: 476.18945 | D7: 254.41634 | E7: 360.88964 | F7: 130.37977 | G7: 220.20512 | H7: =SUM(B7:G7) -> 1826.6758
A8: 2011Q3 | B8: 336.49574 | C8: 213.39778 | D8: 157.00362 | E8: 418.54709 | F8: 81.30664 | G8: 241.64288 | H8: =SUM(B8:G8) -> 1448.3937
A9: 2011Q4 | B9: 521.20417 | C9: 357.10455 | D9: 78.23182 | E9: 325.38356 | F9: 50.34931 | G9: 164.19149 | H9: =SUM(B9:G9) -> 1496.4649
A10: 2012Q1 | B10: 780.4344 | C10: 340.45133 | D10: 214.06644 | E10: 434.76362 | F10: 107.29855 | G10: 234.32621 | H10: =SUM(B10:G10) -> 2111.3405
A11: 2012Q2 | B11: 454.68194 | C11: 479.94007 | D11: 123.34526 | E11: 324.82703 | F11: 88.72426 | G11: 89.47152 | H11: =SUM(B11:G11) -> 1560.9901
A12: 2012Q3 | B12: 219.02487 | C12: 395.29468 | D12: 126.76342 | E12: 403.77287 | F12: 45.93408 | G12: 150.93463 | H12: =SUM(B12:G12) -> 1341.7245
A13: 2012Q4 | B13: 93.94006 | C13: 356.09756 | D13: 75.56965 | E13: 311.63447 | F13: 53.34256 | G13: 80.14648 | H13: =SUM(B13:G13) -> 970.73078
... A67: 2026Q2 | B67: 1573.7709 | C67: 2250.9399 | D67: 2471.7229 | E67: 720.08008 | F67: 193.58125 | G67: 308.60982 | H67: =SUM(B67:G67) -> 7518.7048
A69: 単位：億円/四半期。日本から各仕向地域への848620000の3か月合計。2026Q3は2か月分のため除外。

Sheet グラフ用ラグ
A1: k（輸出が先行＝正） | B1: 世界→TEL海外 | C1: 韓国 | D1: 台湾 | E1: 中国
A2: k=-3 | B2: =ラグ相関!C5 -> 0.47 | C2: =ラグ相関!C7 -> 0.57 | D2: =ラグ相関!C9 -> 0.5 | E2: =ラグ相関!C11 -> 0.36
A3: k=-2 | B3: =ラグ相関!D5 -> 0.59 | C3: =ラグ相関!D7 -> 0.64 | D3: =ラグ相関!D9 -> 0.65 | E3: =ラグ相関!D11 -> 0.56
A4: k=-1 | B4: =ラグ相関!E5 -> 0.75 | C4: =ラグ相関!E7 -> 0.69 | D4: =ラグ相関!E9 -> 0.82 | E4: =ラグ相関!E11 -> 0.76
A5: k=0 | B5: =ラグ相関!F5 -> 0.86 | C5: =ラグ相関!F7 -> 0.83 | D5: =ラグ相関!F9 -> 0.91 | E5: =ラグ相関!F11 -> 0.85
A6: k=1 | B6: =ラグ相関!G5 -> 0.83 | C6: =ラグ相関!G7 -> 0.93 | D6: =ラグ相関!G9 -> 0.9 | E6: =ラグ相関!G11 -> 0.76
A7: k=2 | B7: =ラグ相関!H5 -> 0.73 | C7: =ラグ相関!H7 -> 0.94 | D7: =ラグ相関!H9 -> 0.82 | E7: =ラグ相関!H11 -> 0.6
A8: k=3 | B8: =ラグ相関!I5 -> 0.66 | C8: =ラグ相関!I7 -> 0.93 | D8: =ラグ相関!I9 -> 0.67 | E8: =ラグ相関!I11 -> 0.42
A9: k=4 | B9: =ラグ相関!J5 -> 0.67 | C9: =ラグ相関!J7 -> 0.83 | D9: =ラグ相関!J9 -> 0.58 | E9: =ラグ相関!J11 -> 0.42
A10: k=5 | B10: =ラグ相関!K5 -> 0.53 | C10: =ラグ相関!K7 -> 0.66 | D10: =ラグ相関!K9 -> 0.44 | E10: =ラグ相関!K11 -> 0.42
A11: k=6 | B11: =ラグ相関!L5 -> 0.45 | C11: =ラグ相関!L7 -> 0.63 | D11: =ラグ相関!L9 -> 0.36 | E11: =ラグ相関!L11 -> 0.43
