Workbook

Sheet 手順
A1: 作り方：黄色のセルを上から順に埋める（完成版＝KOKUSAI_予測_簡単版.xlsx が答え）
A2: 凡例：青字＝入力済みのデータ、黄色＝自分で式を入れるセル、緑字＝他シートの参照。四半期集計まではできあがっている。
A3: 式の写し方：E列の式を文字としてコピーし、D列のセルに貼り付けて確定する。F列に範囲があれば、フィルハンドルで下へ広げる。
A4: 確認：H列の値と同じになれば正解。『発展』と『参考』の行は飛ばしてもよい。
A5: 流れ：Step4 回帰（係数→予測と誤差→精度） → Step5 2Q予測（9月の推計→予測→計画との比較→必要な輸出） → 参考 分解モデル。
A7: No | B7: Step | C7: シート | D7: セル | E7: 入れる式（文字としてコピーする） | F7: コピー先 | G7: 意味 | H7: 確認値（答え）
A8: 1 | B8: 4 | C8: 回帰 | D8: C5 | E8: =SLOPE($B$11:$B$22,$C$11:$C$22) | G8: 傾き：b＝Sxy÷Sxx をExcelで出す | H8: C5＝0.0516
A9: 2 | B9: 4 | C9: 回帰 | D9: C6 | E9: =INTERCEPT($B$11:$B$22,$C$11:$C$22) | G9: 切片：a＝yの平均−b×xの平均 | H9: C6＝12.0
A10: 3 | B10: 4 | C10: 回帰 | D10: C7 | E10: =RSQ($B$11:$B$22,$C$11:$C$22) | G10: R²：1−(誤差の二乗和÷yのばらつき) | H10: C7＝0.46
A11: 4 | B11: 4 | C11: 回帰 | D11: D11 | E11: =$C$6+$C$5*C11 | F11: D11:D22 | G11: 予測＝切片＋傾き×世界輸出（$で係数を固定してから下へコピー） | H11: D11＝437
A12: 5 | B12: 4 | C12: 回帰 | D12: E11 | E12: =B11-D11 | F12: E11:E22 | G12: 誤差＝実績−予測 | H12: E11＝13
A13: 6 | B13: 4 | C13: 回帰 | D13: F11 | E13: ='四半期集計'!C6 | F13: F11:F22 | G13: 前期と同じ予測＝1つ前の四半期の売上（四半期集計で1行上を参照） | H13: F11＝327
A14: 7 | B14: 4 | C14: 回帰 | D14: G11 | E14: =B11-F11 | F14: G11:G22 | G14: 前期と同じ予測の誤差＝実績−前期の売上 | H14: G11＝123
A15: 8 | B15: 4（発展） | C15: 回帰 | D15: H11 | E15: =E11/(1-(1/COUNT($C$11:$C$22)+(C11-AVERAGE($C$11:$C$22))^2/DEVSQ($C$11:$C$22))) | F15: H11:H22 | G15: （発展）その四半期を抜いて推計した場合の誤差＝誤差÷(1−h)。hはxが平均から遠いほど大きい | H15: H11＝33
A16: 9 | B16: 4 | C16: 回帰 | D16: C25 | E16: =SQRT(SUMSQ(E11:E22)/COUNT(E11:E22)) | G16: RMSE＝√(誤差の二乗の平均) | H16: C25＝61.7
A17: 10 | B17: 4（発展） | C17: 回帰 | D17: C26 | E17: =SQRT(SUMSQ(H11:H22)/COUNT(H11:H22)) | G17: （発展）抜いて当てた誤差のRMSE | H17: C26＝71.2
A18: 11 | B18: 4 | C18: 回帰 | D18: C27 | E18: =SQRT(SUMSQ(G11:G22)/COUNT(G11:G22)) | G18: 前期と同じ予測のRMSE | H18: C27＝113.5
A19: 12 | B19: 4 | C19: 回帰 | D19: C28 | E19: =1-C26/C27 | G19: 1−モデル÷前期と同じ（抜いて当てた誤差どうしで比べる） | H19: C28＝37%
A20: 13 | B20: 5 | C20: 2Q予測 | D20: C8 | E20: =AVERAGE(C5:C6)*C7 | G20: 9月の推計＝7-8月平均×季節比 | H20: C8＝5,659
A21: 14 | B21: 5 | C21: 2Q予測 | D21: C9 | E21: =SUM(C5:C6,C8) | G21: 7-9月合計＝7月＋8月＋9月推計 | H21: C9＝15,501
A22: 15 | B22: 5 | C22: 2Q予測 | D22: C12 | E22: ='回帰'!C6+'回帰'!C5*C9 | G22: 回帰シートの切片と傾きを使って予測 | H22: C12＝812
A23: 16 | B23: 5 | C23: 2Q予測 | D23: C13 | E23: ='回帰'!C26 | G23: 誤差の目安（回帰シートC26を参照）
A24: 17 | B24: 5 | C24: 2Q予測 | D24: C14 | E24: =C12-C13 | G24: 下限＝予測−誤差の目安 | H24: C14＝741
A25: 18 | B25: 5 | C25: 2Q予測 | D25: C15 | E25: =C12+C13 | G25: 上限＝予測＋誤差の目安
A26: 19 | B26: 5 | C26: 2Q予測 | D26: C20 | E26: =C18-C19 | G26: 計画が示す2Q＝上期計画−1Q実績 | H26: C20＝856
A27: 20 | B27: 5 | C27: 2Q予測 | D27: C21 | E27: =C12-C20 | G27: 予測と計画の差（マイナスなら予測が計画を下回る） | H27: C21＝-44
A28: 21 | B28: 5 | C28: 2Q予測 | D28: C24 | E28: =(C20-'回帰'!C6)/'回帰'!C5 | G28: 予測の式を逆に解く：x＝(y−a)÷b | H28: C24＝16,348
A29: 22 | B29: 5 | C29: 2Q予測 | D29: C25 | E29: =C24-C5-C6 | G29: 9月に必要な輸出＝必要な7-9月合計−7月−8月 | H29: C25＝6,506
A30: 23 | B30: 5 | C30: 2Q予測 | D30: C27 | E30: =C25/C26-1 | G30: 必要な前年同月比＝必要な9月÷前年9月−1 | H30: C27＝69%
A31: 24 | B31: 5 | C31: 2Q予測 | D31: C28 | E31: =C5/'貿易_月次'!B32-1 | G31: 7月の前年同月比（比べる材料） | H31: C28＝41%
A32: 25 | B32: 5 | C32: 2Q予測 | D32: D28 | E32: =C6/'貿易_月次'!B33-1 | G32: 8月の前年同月比
A33: 26 | B33: 参考 | C33: 参考_分解モデル | D33: B5 | E33: =SLOPE($B$12:$B$23,$C$12:$C$23) | G33: 傾き（SLOPE）：中国地場の式 | H33: B5＝0.0537
A34: 27 | B34: 参考 | C34: 参考_分解モデル | D34: C5 | E34: =INTERCEPT($B$12:$B$23,$C$12:$C$23) | G34: 切片（INTERCEPT）：中国地場の式
A35: 28 | B35: 参考 | C35: 参考_分解モデル | D35: D5 | E35: =RSQ($B$12:$B$23,$C$12:$C$23) | G35: R²（RSQ）：中国地場の式
A36: 29 | B36: 参考 | C36: 参考_分解モデル | D36: B6 | E36: =SLOPE($E$12:$E$23,$F$12:$F$23) | G36: 傾き（SLOPE）：グローバルの式 | H36: B6＝0.0634
A37: 30 | B37: 参考 | C37: 参考_分解モデル | D37: C6 | E37: =INTERCEPT($E$12:$E$23,$F$12:$F$23) | G37: 切片（INTERCEPT）：グローバルの式
A38: 31 | B38: 参考 | C38: 参考_分解モデル | D38: D6 | E38: =RSQ($E$12:$E$23,$F$12:$F$23) | G38: R²（RSQ）：グローバルの式 | H38: D6＝0.80
A39: 32 | B39: 参考 | C39: 参考_分解モデル | D39: D12 | E39: =$C$5+$B$5*C12 | F39: D12:D23 | G39: 中国地場の予測 | H39: D12＝195
A40: 33 | B40: 参考 | C40: 参考_分解モデル | D40: G12 | E40: =$C$6+$B$6*F12 | F40: G12:G23 | G40: グローバルの予測 | H40: G12＝216
A41: 34 | B41: 参考 | C41: 参考_分解モデル | D41: I12 | E41: =D12+G12 | F41: I12:I23 | G41: 全社の予測＝2つの予測の和 | H41: I12＝411
A42: 35 | B42: 参考 | C42: 参考_分解モデル | D42: J12 | E42: =H12-I12 | F42: J12:J23 | G42: 全社の誤差＝実績−予測
A43: 36 | B43: 参考 | C43: 参考_分解モデル | D43: D25 | E43: =SQRT(SUMSQ(J12:J23)/COUNT(J12:J23)) | G43: 分解モデルの誤差。単純なモデルとほぼ同じになる | H43: D25＝61.8
A44: 37 | B44: 参考 | C44: 参考_分解モデル | D44: D30 | E44: =AVERAGE(B30:C30)*'2Q予測'!$C$7 | F44: D30:D31 | G44: 9月の推計＝7-8月平均×季節比（2Q予測シートC7）
A45: 38 | B45: 参考 | C45: 参考_分解モデル | D45: E30 | E45: =SUM(B30:D30) | F45: E30:E31 | G45: 7-9月合計
A46: 39 | B46: 参考 | C46: 参考_分解モデル | D46: F30 | E46: =$C$5+$B$5*E30 | G46: 中国地場の予測（中国地場の式を使う）
A47: 40 | B47: 参考 | C47: 参考_分解モデル | D47: F31 | E47: =$C$6+$B$6*E31 | G47: グローバルの予測（グローバルの式を使う）
A48: 41 | B48: 参考 | C48: 参考_分解モデル | D48: F32 | E48: =F30+F31 | G48: 全社の予測 | H48: F32＝850

Sheet 速報_原データ
A1: 財務省 貿易統計 月次速報：概況品「半導体等製造装置」の地域別輸出（原データ）
A2: 青字＝各月の速報PDFから転記した値。価額は百万円、前年同月比は％（例：40.1＝＋40.1％）。
A4: 月 | B4: 地域 | C4: 価額（百万円） | D4: 前年同月比（％） | E4: 数量（トン） | F4: 数量前年比（％） | G4: 出所PDF | I4: 2024年5月の前年同月比（概要PDFより）
A5: 45383 | B5: ASEAN | C5: 17542 | D5: 27.4 | E5: 545 | F5: -1.2 | G5: https://www.customs.go.jp/toukei/shinbun/trade-st/2024/2024044.pdf | I5: 月 | J5: 地域 | K5: 前年同月比（％）
A6: 45383 | B6: Asia | C6: 322037 | D6: 45.2 | E6: 11129 | F6: 43.8 | G6: https://www.customs.go.jp/toukei/shinbun/trade-st/2024/2024044.pdf | I6: 45413 | J6: World | K6: 45.9
A7: 45383 | B7: China | C7: 188866 | D7: 95.4 | E7: 6494 | F7: 94.8 | G7: https://www.customs.go.jp/toukei/shinbun/trade-st/2024/2024044.pdf | I7: 45413 | J7: Asia | K7: 56.2
A8: 45383 | B8: EU | C8: 12280 | D8: -44.5 | E8: 395 | F8: -43.9 | G8: https://www.customs.go.jp/toukei/shinbun/trade-st/2024/2024044.pdf | I8: 45413 | J8: China | K8: 130.7
A9: 45383 | B9: Korea | C9: 45082 | D9: -0.4 | E9: 1611 | F9: 28.9 | G9: https://www.customs.go.jp/toukei/shinbun/trade-st/2024/2024044.pdf | I9: 45413 | J9: US | K9: 137.8
A10: 45383 | B10: US | C10: 42838 | D10: -16.3 | E10: 1188 | F10: -24.7 | G10: https://www.customs.go.jp/toukei/shinbun/trade-st/2024/2024044.pdf | I10: 出所: https://www.customs.go.jp/toukei/shinbun/trade-st/gaiyo2024_05.pdf
A11: 45383 | B11: World | C11: 379038 | D11: 28.2 | E11: 12780 | F11: 27.3 | G11: https://www.customs.go.jp/toukei/shinbun/trade-st/2024/2024044.pdf
A12: 45444 | B12: ASEAN | C12: 16156 | D12: 13.8 | E12: 426 | F12: -30 | G12: https://www.customs.go.jp/toukei/shinbun/trade-st/2024/2024064.pdf
A13: 45444 | B13: Asia | C13: 338211 | D13: 42.9 | E13: 11035 | F13: 28.5 | G13: https://www.customs.go.jp/toukei/shinbun/trade-st/2024/2024064.pdf
A14: 45444 | B14: China | C14: 192584 | D14: 47.7 | E14: 6249 | F14: 30.5 | G14: https://www.customs.go.jp/toukei/shinbun/trade-st/2024/2024064.pdf
A15: 45444 | B15: EU | C15: 10419 | D15: -48.7 | E15: 280 | F15: -49.7 | G15: https://www.customs.go.jp/toukei/shinbun/trade-st/2024/2024064.pdf
A16: 45444 | B16: Korea | C16: 54349 | D16: 7.6 | E16: 1963 | F16: 42.6 | G16: https://www.customs.go.jp/toukei/shinbun/trade-st/2024/2024064.pdf
A17: 45444 | B17: US | C17: 47981 | D17: 58.4 | E17: 1018 | F17: 18.2 | G17: https://www.customs.go.jp/toukei/shinbun/trade-st/2024/2024064.pdf
A18: 45444 | B18: World | C18: 397166 | D18: 37.9 | E18: 12343 | F18: 23 | G18: https://www.customs.go.jp/toukei/shinbun/trade-st/2024/2024064.pdf
A19: 45474 | B19: ASEAN | C19: 19766 | D19: 35.4 | E19: 564 | F19: -14.4 | G19: https://www.customs.go.jp/toukei/shinbun/trade-st/2024/2024074.pdf
A20: 45474 | B20: Asia | C20: 314213 | D20: 32.6 | E20: 9989 | F20: -2.3 | G20: https://www.customs.go.jp/toukei/shinbun/trade-st/2024/2024074.pdf
A21: 45474 | B21: China | C21: 163858 | D21: 16.6 | E21: 5287 | F21: -19.1 | G21: https://www.customs.go.jp/toukei/shinbun/trade-st/2024/2024074.pdf
A22: 45474 | B22: EU | C22: 8783 | D22: -49.1 | E22: 261 | F22: -56.9 | G22: https://www.customs.go.jp/toukei/shinbun/trade-st/2024/2024074.pdf
... A200: 46235 | B200: World | C200: 489764 | D200: 40.1 | E200: 15572 | F200: 43.1 | G200: https://www.customs.go.jp/toukei/shinbun/trade-st/2026/2026084.pdf

Sheet 貿易_月次
A1: 半導体等製造装置の輸出（億円）— 月次パネル
A2: 当月の速報値を優先。無い月は翌年同月の速報値÷(1＋前年同月比)で逆算。2023年5月は2段逆算、韓国・ASEAN・EUの同月は前後月の平均で補間。
B3: World | C3: Asia | D3: China | E3: Korea | F3: US | G3: EU | H3: ASEAN
A4: 月 | B4: 世界 | C4: アジア | D4: 中国 | E4: 韓国 | F4: 米国 | G4: EU | H4: ASEAN | I4: 中国以外 | J4: アジア残差（台湾等） | K4: 値の出所
A5: 45017 | B5: =IF(COUNTIFS(速報_原データ!$A$5:$A$200,$A5,速報_原データ!$B$5:$B$200,B$3)>0,SUMIFS(速報_原データ!$C$5:$C$200,速報_原データ!$A$5:$A$200,$A5,速報_原データ!$B$5:$B$200,B$3)/100,IF(COUNTIFS(速報_原データ!$A$5:$A$200,EDATE($A5,12),速報_原データ!$B$5:$B$200,B$3)>0,SUMIFS(速報_原データ!$C$5:$C$200,速報_原データ!$A$5:$A$200,EDATE($A5,12),速報_原データ!$B$5:$B$200,B$3)/100/(1+SUMIFS(速報_原データ!$D$5:$D$200,速報_原データ!$A$5:$A$200,EDATE($A5,12),速報_原データ!$B$5:$B$200,B$3)/100),IF(COUNTIFS(速報_原データ!$I$6:$I$9,EDATE($A5,12),速報_原データ!$J$6:$J$9,B$3)>0,B17/(1+SUMIFS(速報_原データ!$K$6:$K$9,速報_原データ!$I$6:$I$9,EDATE($A5,12),速報_原データ!$J$6:$J$9,B$3)/100),AVERAGE(B4,B6)))) -> 2956.6147 | C5: =IF(COUNTIFS(速報_原データ!$A$5:$A$200,$A5,速報_原データ!$B$5:$B$200,C$3)>0,SUMIFS(速報_原データ!$C$5:$C$200,速報_原データ!$A$5:$A$200,$A5,速報_原データ!$B$5:$B$200,C$3)/100,IF(COUNTIFS(速報_原データ!$A$5:$A$200,EDATE($A5,12),速報_原データ!$B$5:$B$200,C$3)>0,SUMIFS(速報_原データ!$C$5:$C$200,速報_原データ!$A$5:$A$200,EDATE($A5,12),速報_原データ!$B$5:$B$200,C$3)/100/(1+SUMIFS(速報_原データ!$D$5:$D$200,速報_原データ!$A$5:$A$200,EDATE($A5,12),速報_原データ!$B$5:$B$200,C$3)/100),IF(COUNTIFS(速報_原データ!$I$6:$I$9,EDATE($A5,12),速報_原データ!$J$6:$J$9,C$3)>0,C17/(1+SUMIFS(速報_原データ!$K$6:$K$9,速報_原データ!$I$6:$I$9,EDATE($A5,12),速報_原データ!$J$6:$J$9,C$3)/100),AVERAGE(C4,C6)))) -> 2217.8857 | D5: =IF(COUNTIFS(速報_原データ!$A$5:$A$200,$A5,速報_原データ!$B$5:$B$200,D$3)>0,SUMIFS(速報_原データ!$C$5:$C$200,速報_原データ!$A$5:$A$200,$A5,速報_原データ!$B$5:$B$200,D$3)/100,IF(COUNTIFS(速報_原データ!$A$5:$A$200,EDATE($A5,12),速報_原データ!$B$5:$B$200,D$3)>0,SUMIFS(速報_原データ!$C$5:$C$200,速報_原データ!$A$5:$A$200,EDATE($A5,12),速報_原データ!$B$5:$B$200,D$3)/100/(1+SUMIFS(速報_原データ!$D$5:$D$200,速報_原データ!$A$5:$A$200,EDATE($A5,12),速報_原データ!$B$5:$B$200,D$3)/100),IF(COUNTIFS(速報_原データ!$I$6:$I$9,EDATE($A5,12),速報_原データ!$J$6:$J$9,D$3)>0,D17/(1+SUMIFS(速報_原データ!$K$6:$K$9,速報_原データ!$I$6:$I$9,EDATE($A5,12),速報_原データ!$J$6:$J$9,D$3)/100),AVERAGE(D4,D6)))) -> 966.5609 | E5: =IF(COUNTIFS(速報_原データ!$A$5:$A$200,$A5,速報_原データ!$B$5:$B$200,E$3)>0,SUMIFS(速報_原データ!$C$5:$C$200,速報_原データ!$A$5:$A$200,$A5,速報_原データ!$B$5:$B$200,E$3)/100,IF(COUNTIFS(速報_原データ!$A$5:$A$200,EDATE($A5,12),速報_原データ!$B$5:$B$200,E$3)>0,SUMIFS(速報_原データ!$C$5:$C$200,速報_原データ!$A$5:$A$200,EDATE($A5,12),速報_原データ!$B$5:$B$200,E$3)/100/(1+SUMIFS(速報_原データ!$D$5:$D$200,速報_原データ!$A$5:$A$200,EDATE($A5,12),速報_原データ!$B$5:$B$200,E$3)/100),IF(COUNTIFS(速報_原データ!$I$6:$I$9,EDATE($A5,12),速報_原データ!$J$6:$J$9,E$3)>0,E17/(1+SUMIFS(速報_原データ!$K$6:$K$9,速報_原データ!$I$6:$I$9,EDATE($A5,12),速報_原データ!$J$6:$J$9,E$3)/100),AVERAGE(E4,E6)))) -> 452.63052 | F5: =IF(COUNTIFS(速報_原データ!$A$5:$A$200,$A5,速報_原データ!$B$5:$B$200,F$3)>0,SUMIFS(速報_原データ!$C$5:$C$200,速報_原データ!$A$5:$A$200,$A5,速報_原データ!$B$5:$B$200,F$3)/100,IF(COUNTIFS(速報_原データ!$A$5:$A$200,EDATE($A5,12),速報_原データ!$B$5:$B$200,F$3)>0,SUMIFS(速報_原データ!$C$5:$C$200,速報_原データ!$A$5:$A$200,EDATE($A5,12),速報_原データ!$B$5:$B$200,F$3)/100/(1+SUMIFS(速報_原データ!$D$5:$D$200,速報_原データ!$A$5:$A$200,EDATE($A5,12),速報_原データ!$B$5:$B$200,F$3)/100),IF(COUNTIFS(速報_原データ!$I$6:$I$9,EDATE($A5,12),速報_原データ!$J$6:$J$9,F$3)>0,F17/(1+SUMIFS(速報_原データ!$K$6:$K$9,速報_原データ!$I$6:$I$9,EDATE($A5,12),速報_原データ!$J$6:$J$9,F$3)/100),AVERAGE(F4,F6)))) -> 511.80406 | G5: =IF(COUNTIFS(速報_原データ!$A$5:$A$200,$A5,速報_原データ!$B$5:$B$200,G$3)>0,SUMIFS(速報_原データ!$C$5:$C$200,速報_原データ!$A$5:$A$200,$A5,速報_原データ!$B$5:$B$200,G$3)/100,IF(COUNTIFS(速報_原データ!$A$5:$A$200,EDATE($A5,12),速報_原データ!$B$5:$B$200,G$3)>0,SUMIFS(速報_原データ!$C$5:$C$200,速報_原データ!$A$5:$A$200,EDATE($A5,12),速報_原データ!$B$5:$B$200,G$3)/100/(1+SUMIFS(速報_原データ!$D$5:$D$200,速報_原データ!$A$5:$A$200,EDATE($A5,12),速報_原データ!$B$5:$B$200,G$3)/100),IF(COUNTIFS(速報_原データ!$I$6:$I$9,EDATE($A5,12),速報_原データ!$J$6:$J$9,G$3)>0,G17/(1+SUMIFS(速報_原データ!$K$6:$K$9,速報_原データ!$I$6:$I$9,EDATE($A5,12),速報_原データ!$J$6:$J$9,G$3)/100),AVERAGE(G4,G6)))) -> 221.26126 | H5: =IF(COUNTIFS(速報_原データ!$A$5:$A$200,$A5,速報_原データ!$B$5:$B$200,H$3)>0,SUMIFS(速報_原データ!$C$5:$C$200,速報_原データ!$A$5:$A$200,$A5,速報_原データ!$B$5:$B$200,H$3)/100,IF(COUNTIFS(速報_原データ!$A$5:$A$200,EDATE($A5,12),速報_原データ!$B$5:$B$200,H$3)>0,SUMIFS(速報_原データ!$C$5:$C$200,速報_原データ!$A$5:$A$200,EDATE($A5,12),速報_原データ!$B$5:$B$200,H$3)/100/(1+SUMIFS(速報_原データ!$D$5:$D$200,速報_原データ!$A$5:$A$200,EDATE($A5,12),速報_原データ!$B$5:$B$200,H$3)/100),IF(COUNTIFS(速報_原データ!$I$6:$I$9,EDATE($A5,12),速報_原データ!$J$6:$J$9,H$3)>0,H17/(1+SUMIFS(速報_原データ!$K$6:$K$9,速報_原データ!$I$6:$I$9,EDATE($A5,12),速報_原データ!$J$6:$J$9,H$3)/100),AVERAGE(H4,H6)))) -> 137.69231 | I5: =B5-D5 -> 1990.0538 | J5: =C5-D5-E5-H5 -> 661.00194 | K5: 翌年同月速報の前年比から逆算
A6: 45047 | B6: =IF(COUNTIFS(速報_原データ!$A$5:$A$200,$A6,速報_原データ!$B$5:$B$200,B$3)>0,SUMIFS(速報_原データ!$C$5:$C$200,速報_原データ!$A$5:$A$200,$A6,速報_原データ!$B$5:$B$200,B$3)/100,IF(COUNTIFS(速報_原データ!$A$5:$A$200,EDATE($A6,12),速報_原データ!$B$5:$B$200,B$3)>0,SUMIFS(速報_原データ!$C$5:$C$200,速報_原データ!$A$5:$A$200,EDATE($A6,12),速報_原データ!$B$5:$B$200,B$3)/100/(1+SUMIFS(速報_原データ!$D$5:$D$200,速報_原データ!$A$5:$A$200,EDATE($A6,12),速報_原データ!$B$5:$B$200,B$3)/100),IF(COUNTIFS(速報_原データ!$I$6:$I$9,EDATE($A6,12),速報_原データ!$J$6:$J$9,B$3)>0,B18/(1+SUMIFS(速報_原データ!$K$6:$K$9,速報_原データ!$I$6:$I$9,EDATE($A6,12),速報_原データ!$J$6:$J$9,B$3)/100),AVERAGE(B5,B7)))) -> 2348.2233 | C6: =IF(COUNTIFS(速報_原データ!$A$5:$A$200,$A6,速報_原データ!$B$5:$B$200,C$3)>0,SUMIFS(速報_原データ!$C$5:$C$200,速報_原データ!$A$5:$A$200,$A6,速報_原データ!$B$5:$B$200,C$3)/100,IF(COUNTIFS(速報_原データ!$A$5:$A$200,EDATE($A6,12),速報_原データ!$B$5:$B$200,C$3)>0,SUMIFS(速報_原データ!$C$5:$C$200,速報_原データ!$A$5:$A$200,EDATE($A6,12),速報_原データ!$B$5:$B$200,C$3)/100/(1+SUMIFS(速報_原データ!$D$5:$D$200,速報_原データ!$A$5:$A$200,EDATE($A6,12),速報_原データ!$B$5:$B$200,C$3)/100),IF(COUNTIFS(速報_原データ!$I$6:$I$9,EDATE($A6,12),速報_原データ!$J$6:$J$9,C$3)>0,C18/(1+SUMIFS(速報_原データ!$K$6:$K$9,速報_原データ!$I$6:$I$9,EDATE($A6,12),速報_原データ!$J$6:$J$9,C$3)/100),AVERAGE(C5,C7)))) -> 1897.3356 | D6: =IF(COUNTIFS(速報_原データ!$A$5:$A$200,$A6,速報_原データ!$B$5:$B$200,D$3)>0,SUMIFS(速報_原データ!$C$5:$C$200,速報_原データ!$A$5:$A$200,$A6,速報_原データ!$B$5:$B$200,D$3)/100,IF(COUNTIFS(速報_原データ!$A$5:$A$200,EDATE($A6,12),速報_原データ!$B$5:$B$200,D$3)>0,SUMIFS(速報_原データ!$C$5:$C$200,速報_原データ!$A$5:$A$200,EDATE($A6,12),速報_原データ!$B$5:$B$200,D$3)/100/(1+SUMIFS(速報_原データ!$D$5:$D$200,速報_原データ!$A$5:$A$200,EDATE($A6,12),速報_原データ!$B$5:$B$200,D$3)/100),IF(COUNTIFS(速報_原データ!$I$6:$I$9,EDATE($A6,12),速報_原データ!$J$6:$J$9,D$3)>0,D18/(1+SUMIFS(速報_原データ!$K$6:$K$9,速報_原データ!$I$6:$I$9,EDATE($A6,12),速報_原データ!$J$6:$J$9,D$3)/100),AVERAGE(D5,D7)))) -> 816.893 | E6: =IF(COUNTIFS(速報_原データ!$A$5:$A$200,$A6,速報_原データ!$B$5:$B$200,E$3)>0,SUMIFS(速報_原データ!$C$5:$C$200,速報_原データ!$A$5:$A$200,$A6,速報_原データ!$B$5:$B$200,E$3)/100,IF(COUNTIFS(速報_原データ!$A$5:$A$200,EDATE($A6,12),速報_原データ!$B$5:$B$200,E$3)>0,SUMIFS(速報_原データ!$C$5:$C$200,速報_原データ!$A$5:$A$200,EDATE($A6,12),速報_原データ!$B$5:$B$200,E$3)/100/(1+SUMIFS(速報_原データ!$D$5:$D$200,速報_原データ!$A$5:$A$200,EDATE($A6,12),速報_原データ!$B$5:$B$200,E$3)/100),IF(COUNTIFS(速報_原データ!$I$6:$I$9,EDATE($A6,12),速報_原データ!$J$6:$J$9,E$3)>0,E18/(1+SUMIFS(速報_原データ!$K$6:$K$9,速報_原データ!$I$6:$I$9,EDATE($A6,12),速報_原データ!$J$6:$J$9,E$3)/100),AVERAGE(E5,E7)))) -> 478.86638 | F6: =IF(COUNTIFS(速報_原データ!$A$5:$A$200,$A6,速報_原データ!$B$5:$B$200,F$3)>0,SUMIFS(速報_原データ!$C$5:$C$200,速報_原データ!$A$5:$A$200,$A6,速報_原データ!$B$5:$B$200,F$3)/100,IF(COUNTIFS(速報_原データ!$A$5:$A$200,EDATE($A6,12),速報_原データ!$B$5:$B$200,F$3)>0,SUMIFS(速報_原データ!$C$5:$C$200,速報_原データ!$A$5:$A$200,EDATE($A6,12),速報_原データ!$B$5:$B$200,F$3)/100/(1+SUMIFS(速報_原データ!$D$5:$D$200,速報_原データ!$A$5:$A$200,EDATE($A6,12),速報_原データ!$B$5:$B$200,F$3)/100),IF(COUNTIFS(速報_原データ!$I$6:$I$9,EDATE($A6,12),速報_原データ!$J$6:$J$9,F$3)>0,F18/(1+SUMIFS(速報_原データ!$K$6:$K$9,速報_原データ!$I$6:$I$9,EDATE($A6,12),速報_原データ!$J$6:$J$9,F$3)/100),AVERAGE(F5,F7)))) -> 165.80106 | G6: =IF(COUNTIFS(速報_原データ!$A$5:$A$200,$A6,速報_原データ!$B$5:$B$200,G$3)>0,SUMIFS(速報_原データ!$C$5:$C$200,速報_原データ!$A$5:$A$200,$A6,速報_原データ!$B$5:$B$200,G$3)/100,IF(COUNTIFS(速報_原データ!$A$5:$A$200,EDATE($A6,12),速報_原データ!$B$5:$B$200,G$3)>0,SUMIFS(速報_原データ!$C$5:$C$200,速報_原データ!$A$5:$A$200,EDATE($A6,12),速報_原データ!$B$5:$B$200,G$3)/100/(1+SUMIFS(速報_原データ!$D$5:$D$200,速報_原データ!$A$5:$A$200,EDATE($A6,12),速報_原データ!$B$5:$B$200,G$3)/100),IF(COUNTIFS(速報_原データ!$I$6:$I$9,EDATE($A6,12),速報_原データ!$J$6:$J$9,G$3)>0,G18/(1+SUMIFS(速報_原データ!$K$6:$K$9,速報_原データ!$I$6:$I$9,EDATE($A6,12),速報_原データ!$J$6:$J$9,G$3)/100),AVERAGE(G5,G7)))) -> 212.18034 | H6: =IF(COUNTIFS(速報_原データ!$A$5:$A$200,$A6,速報_原データ!$B$5:$B$200,H$3)>0,SUMIFS(速報_原データ!$C$5:$C$200,速報_原データ!$A$5:$A$200,$A6,速報_原データ!$B$5:$B$200,H$3)/100,IF(COUNTIFS(速報_原データ!$A$5:$A$200,EDATE($A6,12),速報_原データ!$B$5:$B$200,H$3)>0,SUMIFS(速報_原データ!$C$5:$C$200,速報_原データ!$A$5:$A$200,EDATE($A6,12),速報_原データ!$B$5:$B$200,H$3)/100/(1+SUMIFS(速報_原データ!$D$5:$D$200,速報_原データ!$A$5:$A$200,EDATE($A6,12),速報_原データ!$B$5:$B$200,H$3)/100),IF(COUNTIFS(速報_原データ!$I$6:$I$9,EDATE($A6,12),速報_原データ!$J$6:$J$9,H$3)>0,H18/(1+SUMIFS(速報_原データ!$K$6:$K$9,速報_原データ!$I$6:$I$9,EDATE($A6,12),速報_原データ!$J$6:$J$9,H$3)/100),AVERAGE(H5,H7)))) -> 139.83034 | I6: =B6-D6 -> 1531.3303 | J6: =C6-D6-E6-H6 -> 461.74586 | K6: 2段逆算（韓国・ASEAN・EUは補間）
A7: 45078 | B7: =IF(COUNTIFS(速報_原データ!$A$5:$A$200,$A7,速報_原データ!$B$5:$B$200,B$3)>0,SUMIFS(速報_原データ!$C$5:$C$200,速報_原データ!$A$5:$A$200,$A7,速報_原データ!$B$5:$B$200,B$3)/100,IF(COUNTIFS(速報_原データ!$A$5:$A$200,EDATE($A7,12),速報_原データ!$B$5:$B$200,B$3)>0,SUMIFS(速報_原データ!$C$5:$C$200,速報_原データ!$A$5:$A$200,EDATE($A7,12),速報_原データ!$B$5:$B$200,B$3)/100/(1+SUMIFS(速報_原データ!$D$5:$D$200,速報_原データ!$A$5:$A$200,EDATE($A7,12),速報_原データ!$B$5:$B$200,B$3)/100),IF(COUNTIFS(速報_原データ!$I$6:$I$9,EDATE($A7,12),速報_原データ!$J$6:$J$9,B$3)>0,B19/(1+SUMIFS(速報_原データ!$K$6:$K$9,速報_原データ!$I$6:$I$9,EDATE($A7,12),速報_原データ!$J$6:$J$9,B$3)/100),AVERAGE(B6,B8)))) -> 2880.1015 | C7: =IF(COUNTIFS(速報_原データ!$A$5:$A$200,$A7,速報_原データ!$B$5:$B$200,C$3)>0,SUMIFS(速報_原データ!$C$5:$C$200,速報_原データ!$A$5:$A$200,$A7,速報_原データ!$B$5:$B$200,C$3)/100,IF(COUNTIFS(速報_原データ!$A$5:$A$200,EDATE($A7,12),速報_原データ!$B$5:$B$200,C$3)>0,SUMIFS(速報_原データ!$C$5:$C$200,速報_原データ!$A$5:$A$200,EDATE($A7,12),速報_原データ!$B$5:$B$200,C$3)/100/(1+SUMIFS(速報_原データ!$D$5:$D$200,速報_原データ!$A$5:$A$200,EDATE($A7,12),速報_原データ!$B$5:$B$200,C$3)/100),IF(COUNTIFS(速報_原データ!$I$6:$I$9,EDATE($A7,12),速報_原データ!$J$6:$J$9,C$3)>0,C19/(1+SUMIFS(速報_原データ!$K$6:$K$9,速報_原データ!$I$6:$I$9,EDATE($A7,12),速報_原データ!$J$6:$J$9,C$3)/100),AVERAGE(C6,C8)))) -> 2366.767 | D7: =IF(COUNTIFS(速報_原データ!$A$5:$A$200,$A7,速報_原データ!$B$5:$B$200,D$3)>0,SUMIFS(速報_原データ!$C$5:$C$200,速報_原データ!$A$5:$A$200,$A7,速報_原データ!$B$5:$B$200,D$3)/100,IF(COUNTIFS(速報_原データ!$A$5:$A$200,EDATE($A7,12),速報_原データ!$B$5:$B$200,D$3)>0,SUMIFS(速報_原データ!$C$5:$C$200,速報_原データ!$A$5:$A$200,EDATE($A7,12),速報_原データ!$B$5:$B$200,D$3)/100/(1+SUMIFS(速報_原データ!$D$5:$D$200,速報_原データ!$A$5:$A$200,EDATE($A7,12),速報_原データ!$B$5:$B$200,D$3)/100),IF(COUNTIFS(速報_原データ!$I$6:$I$9,EDATE($A7,12),速報_原データ!$J$6:$J$9,D$3)>0,D19/(1+SUMIFS(速報_原データ!$K$6:$K$9,速報_原データ!$I$6:$I$9,EDATE($A7,12),速報_原データ!$J$6:$J$9,D$3)/100),AVERAGE(D6,D8)))) -> 1303.8863 | E7: =IF(COUNTIFS(速報_原データ!$A$5:$A$200,$A7,速報_原データ!$B$5:$B$200,E$3)>0,SUMIFS(速報_原データ!$C$5:$C$200,速報_原データ!$A$5:$A$200,$A7,速報_原データ!$B$5:$B$200,E$3)/100,IF(COUNTIFS(速報_原データ!$A$5:$A$200,EDATE($A7,12),速報_原データ!$B$5:$B$200,E$3)>0,SUMIFS(速報_原データ!$C$5:$C$200,速報_原データ!$A$5:$A$200,EDATE($A7,12),速報_原データ!$B$5:$B$200,E$3)/100/(1+SUMIFS(速報_原データ!$D$5:$D$200,速報_原データ!$A$5:$A$200,EDATE($A7,12),速報_原データ!$B$5:$B$200,E$3)/100),IF(COUNTIFS(速報_原データ!$I$6:$I$9,EDATE($A7,12),速報_原データ!$J$6:$J$9,E$3)>0,E19/(1+SUMIFS(速報_原データ!$K$6:$K$9,速報_原データ!$I$6:$I$9,EDATE($A7,12),速報_原データ!$J$6:$J$9,E$3)/100),AVERAGE(E6,E8)))) -> 505.10223 | F7: =IF(COUNTIFS(速報_原データ!$A$5:$A$200,$A7,速報_原データ!$B$5:$B$200,F$3)>0,SUMIFS(速報_原データ!$C$5:$C$200,速報_原データ!$A$5:$A$200,$A7,速報_原データ!$B$5:$B$200,F$3)/100,IF(COUNTIFS(速報_原データ!$A$5:$A$200,EDATE($A7,12),速報_原データ!$B$5:$B$200,F$3)>0,SUMIFS(速報_原データ!$C$5:$C$200,速報_原データ!$A$5:$A$200,EDATE($A7,12),速報_原データ!$B$5:$B$200,F$3)/100/(1+SUMIFS(速報_原データ!$D$5:$D$200,速報_原データ!$A$5:$A$200,EDATE($A7,12),速報_原データ!$B$5:$B$200,F$3)/100),IF(COUNTIFS(速報_原データ!$I$6:$I$9,EDATE($A7,12),速報_原データ!$J$6:$J$9,F$3)>0,F19/(1+SUMIFS(速報_原データ!$K$6:$K$9,速報_原データ!$I$6:$I$9,EDATE($A7,12),速報_原データ!$J$6:$J$9,F$3)/100),AVERAGE(F6,F8)))) -> 302.91035 | G7: =IF(COUNTIFS(速報_原データ!$A$5:$A$200,$A7,速報_原データ!$B$5:$B$200,G$3)>0,SUMIFS(速報_原データ!$C$5:$C$200,速報_原データ!$A$5:$A$200,$A7,速報_原データ!$B$5:$B$200,G$3)/100,IF(COUNTIFS(速報_原データ!$A$5:$A$200,EDATE($A7,12),速報_原データ!$B$5:$B$200,G$3)>0,SUMIFS(速報_原データ!$C$5:$C$200,速報_原データ!$A$5:$A$200,EDATE($A7,12),速報_原データ!$B$5:$B$200,G$3)/100/(1+SUMIFS(速報_原データ!$D$5:$D$200,速報_原データ!$A$5:$A$200,EDATE($A7,12),速報_原データ!$B$5:$B$200,G$3)/100),IF(COUNTIFS(速報_原データ!$I$6:$I$9,EDATE($A7,12),速報_原データ!$J$6:$J$9,G$3)>0,G19/(1+SUMIFS(速報_原データ!$K$6:$K$9,速報_原データ!$I$6:$I$9,EDATE($A7,12),速報_原データ!$J$6:$J$9,G$3)/100),AVERAGE(G6,G8)))) -> 203.09942 | H7: =IF(COUNTIFS(速報_原データ!$A$5:$A$200,$A7,速報_原データ!$B$5:$B$200,H$3)>0,SUMIFS(速報_原データ!$C$5:$C$200,速報_原データ!$A$5:$A$200,$A7,速報_原データ!$B$5:$B$200,H$3)/100,IF(COUNTIFS(速報_原データ!$A$5:$A$200,EDATE($A7,12),速報_原データ!$B$5:$B$200,H$3)>0,SUMIFS(速報_原データ!$C$5:$C$200,速報_原データ!$A$5:$A$200,EDATE($A7,12),速報_原データ!$B$5:$B$200,H$3)/100/(1+SUMIFS(速報_原データ!$D$5:$D$200,速報_原データ!$A$5:$A$200,EDATE($A7,12),速報_原データ!$B$5:$B$200,H$3)/100),IF(COUNTIFS(速報_原データ!$I$6:$I$9,EDATE($A7,12),速報_原データ!$J$6:$J$9,H$3)>0,H19/(1+SUMIFS(速報_原データ!$K$6:$K$9,速報_原データ!$I$6:$I$9,EDATE($A7,12),速報_原データ!$J$6:$J$9,H$3)/100),AVERAGE(H6,H8)))) -> 141.96837 | I7: =B7-D7 -> 1576.2153 | J7: =C7-D7-E7-H7 -> 415.81012 | K7: 翌年同月速報の前年比から逆算
A8: 45108 | B8: =IF(COUNTIFS(速報_原データ!$A$5:$A$200,$A8,速報_原データ!$B$5:$B$200,B$3)>0,SUMIFS(速報_原データ!$C$5:$C$200,速報_原データ!$A$5:$A$200,$A8,速報_原データ!$B$5:$B$200,B$3)/100,IF(COUNTIFS(速報_原データ!$A$5:$A$200,EDATE($A8,12),速報_原データ!$B$5:$B$200,B$3)>0,SUMIFS(速報_原データ!$C$5:$C$200,速報_原データ!$A$5:$A$200,EDATE($A8,12),速報_原データ!$B$5:$B$200,B$3)/100/(1+SUMIFS(速報_原データ!$D$5:$D$200,速報_原データ!$A$5:$A$200,EDATE($A8,12),速報_原データ!$B$5:$B$200,B$3)/100),IF(COUNTIFS(速報_原データ!$I$6:$I$9,EDATE($A8,12),速報_原データ!$J$6:$J$9,B$3)>0,B20/(1+SUMIFS(速報_原データ!$K$6:$K$9,速報_原データ!$I$6:$I$9,EDATE($A8,12),速報_原データ!$J$6:$J$9,B$3)/100),AVERAGE(B7,B9)))) -> 2883.7559 | C8: =IF(COUNTIFS(速報_原データ!$A$5:$A$200,$A8,速報_原データ!$B$5:$B$200,C$3)>0,SUMIFS(速報_原データ!$C$5:$C$200,速報_原データ!$A$5:$A$200,$A8,速報_原データ!$B$5:$B$200,C$3)/100,IF(COUNTIFS(速報_原データ!$A$5:$A$200,EDATE($A8,12),速報_原データ!$B$5:$B$200,C$3)>0,SUMIFS(速報_原データ!$C$5:$C$200,速報_原データ!$A$5:$A$200,EDATE($A8,12),速報_原データ!$B$5:$B$200,C$3)/100/(1+SUMIFS(速報_原データ!$D$5:$D$200,速報_原データ!$A$5:$A$200,EDATE($A8,12),速報_原データ!$B$5:$B$200,C$3)/100),IF(COUNTIFS(速報_原データ!$I$6:$I$9,EDATE($A8,12),速報_原データ!$J$6:$J$9,C$3)>0,C20/(1+SUMIFS(速報_原データ!$K$6:$K$9,速報_原データ!$I$6:$I$9,EDATE($A8,12),速報_原データ!$J$6:$J$9,C$3)/100),AVERAGE(C7,C9)))) -> 2369.6305 | D8: =IF(COUNTIFS(速報_原データ!$A$5:$A$200,$A8,速報_原データ!$B$5:$B$200,D$3)>0,SUMIFS(速報_原データ!$C$5:$C$200,速報_原データ!$A$5:$A$200,$A8,速報_原データ!$B$5:$B$200,D$3)/100,IF(COUNTIFS(速報_原データ!$A$5:$A$200,EDATE($A8,12),速報_原データ!$B$5:$B$200,D$3)>0,SUMIFS(速報_原データ!$C$5:$C$200,速報_原データ!$A$5:$A$200,EDATE($A8,12),速報_原データ!$B$5:$B$200,D$3)/100/(1+SUMIFS(速報_原データ!$D$5:$D$200,速報_原データ!$A$5:$A$200,EDATE($A8,12),速報_原データ!$B$5:$B$200,D$3)/100),IF(COUNTIFS(速報_原データ!$I$6:$I$9,EDATE($A8,12),速報_原データ!$J$6:$J$9,D$3)>0,D20/(1+SUMIFS(速報_原データ!$K$6:$K$9,速報_原データ!$I$6:$I$9,EDATE($A8,12),速報_原データ!$J$6:$J$9,D$3)/100),AVERAGE(D7,D9)))) -> 1405.3002 | E8: =IF(COUNTIFS(速報_原データ!$A$5:$A$200,$A8,速報_原データ!$B$5:$B$200,E$3)>0,SUMIFS(速報_原データ!$C$5:$C$200,速報_原データ!$A$5:$A$200,$A8,速報_原データ!$B$5:$B$200,E$3)/100,IF(COUNTIFS(速報_原データ!$A$5:$A$200,EDATE($A8,12),速報_原データ!$B$5:$B$200,E$3)>0,SUMIFS(速報_原データ!$C$5:$C$200,速報_原データ!$A$5:$A$200,EDATE($A8,12),速報_原データ!$B$5:$B$200,E$3)/100/(1+SUMIFS(速報_原データ!$D$5:$D$200,速報_原データ!$A$5:$A$200,EDATE($A8,12),速報_原データ!$B$5:$B$200,E$3)/100),IF(COUNTIFS(速報_原データ!$I$6:$I$9,EDATE($A8,12),速報_原データ!$J$6:$J$9,E$3)>0,E20/(1+SUMIFS(速報_原データ!$K$6:$K$9,速報_原データ!$I$6:$I$9,EDATE($A8,12),速報_原データ!$J$6:$J$9,E$3)/100),AVERAGE(E7,E9)))) -> 440.55938 | F8: =IF(COUNTIFS(速報_原データ!$A$5:$A$200,$A8,速報_原データ!$B$5:$B$200,F$3)>0,SUMIFS(速報_原データ!$C$5:$C$200,速報_原データ!$A$5:$A$200,$A8,速報_原データ!$B$5:$B$200,F$3)/100,IF(COUNTIFS(速報_原データ!$A$5:$A$200,EDATE($A8,12),速報_原データ!$B$5:$B$200,F$3)>0,SUMIFS(速報_原データ!$C$5:$C$200,速報_原データ!$A$5:$A$200,EDATE($A8,12),速報_原データ!$B$5:$B$200,F$3)/100/(1+SUMIFS(速報_原データ!$D$5:$D$200,速報_原データ!$A$5:$A$200,EDATE($A8,12),速報_原データ!$B$5:$B$200,F$3)/100),IF(COUNTIFS(速報_原データ!$I$6:$I$9,EDATE($A8,12),速報_原データ!$J$6:$J$9,F$3)>0,F20/(1+SUMIFS(速報_原データ!$K$6:$K$9,速報_原データ!$I$6:$I$9,EDATE($A8,12),速報_原データ!$J$6:$J$9,F$3)/100),AVERAGE(F7,F9)))) -> 336.11621 | G8: =IF(COUNTIFS(速報_原データ!$A$5:$A$200,$A8,速報_原データ!$B$5:$B$200,G$3)>0,SUMIFS(速報_原データ!$C$5:$C$200,速報_原データ!$A$5:$A$200,$A8,速報_原データ!$B$5:$B$200,G$3)/100,IF(COUNTIFS(速報_原データ!$A$5:$A$200,EDATE($A8,12),速報_原データ!$B$5:$B$200,G$3)>0,SUMIFS(速報_原データ!$C$5:$C$200,速報_原データ!$A$5:$A$200,EDATE($A8,12),速報_原データ!$B$5:$B$200,G$3)/100/(1+SUMIFS(速報_原データ!$D$5:$D$200,速報_原データ!$A$5:$A$200,EDATE($A8,12),速報_原データ!$B$5:$B$200,G$3)/100),IF(COUNTIFS(速報_原データ!$I$6:$I$9,EDATE($A8,12),速報_原データ!$J$6:$J$9,G$3)>0,G20/(1+SUMIFS(速報_原データ!$K$6:$K$9,速報_原データ!$I$6:$I$9,EDATE($A8,12),速報_原データ!$J$6:$J$9,G$3)/100),AVERAGE(G7,G9)))) -> 172.55403 | H8: =IF(COUNTIFS(速報_原データ!$A$5:$A$200,$A8,速報_原データ!$B$5:$B$200,H$3)>0,SUMIFS(速報_原データ!$C$5:$C$200,速報_原データ!$A$5:$A$200,$A8,速報_原データ!$B$5:$B$200,H$3)/100,IF(COUNTIFS(速報_原データ!$A$5:$A$200,EDATE($A8,12),速報_原データ!$B$5:$B$200,H$3)>0,SUMIFS(速報_原データ!$C$5:$C$200,速報_原データ!$A$5:$A$200,EDATE($A8,12),速報_原データ!$B$5:$B$200,H$3)/100/(1+SUMIFS(速報_原データ!$D$5:$D$200,速報_原データ!$A$5:$A$200,EDATE($A8,12),速報_原データ!$B$5:$B$200,H$3)/100),IF(COUNTIFS(速報_原データ!$I$6:$I$9,EDATE($A8,12),速報_原データ!$J$6:$J$9,H$3)>0,H20/(1+SUMIFS(速報_原データ!$K$6:$K$9,速報_原データ!$I$6:$I$9,EDATE($A8,12),速報_原データ!$J$6:$J$9,H$3)/100),AVERAGE(H7,H9)))) -> 145.98227 | I8: =B8-D8 -> 1478.4557 | J8: =C8-D8-E8-H8 -> 377.78864 | K8: 翌年同月速報の前年比から逆算
A9: 45139 | B9: =IF(COUNTIFS(速報_原データ!$A$5:$A$200,$A9,速報_原データ!$B$5:$B$200,B$3)>0,SUMIFS(速報_原データ!$C$5:$C$200,速報_原データ!$A$5:$A$200,$A9,速報_原データ!$B$5:$B$200,B$3)/100,IF(COUNTIFS(速報_原データ!$A$5:$A$200,EDATE($A9,12),速報_原データ!$B$5:$B$200,B$3)>0,SUMIFS(速報_原データ!$C$5:$C$200,速報_原データ!$A$5:$A$200,EDATE($A9,12),速報_原データ!$B$5:$B$200,B$3)/100/(1+SUMIFS(速報_原データ!$D$5:$D$200,速報_原データ!$A$5:$A$200,EDATE($A9,12),速報_原データ!$B$5:$B$200,B$3)/100),IF(COUNTIFS(速報_原データ!$I$6:$I$9,EDATE($A9,12),速報_原データ!$J$6:$J$9,B$3)>0,B21/(1+SUMIFS(速報_原データ!$K$6:$K$9,速報_原データ!$I$6:$I$9,EDATE($A9,12),速報_原データ!$J$6:$J$9,B$3)/100),AVERAGE(B8,B10)))) -> 2209.5619 | C9: =IF(COUNTIFS(速報_原データ!$A$5:$A$200,$A9,速報_原データ!$B$5:$B$200,C$3)>0,SUMIFS(速報_原データ!$C$5:$C$200,速報_原データ!$A$5:$A$200,$A9,速報_原データ!$B$5:$B$200,C$3)/100,IF(COUNTIFS(速報_原データ!$A$5:$A$200,EDATE($A9,12),速報_原データ!$B$5:$B$200,C$3)>0,SUMIFS(速報_原データ!$C$5:$C$200,速報_原データ!$A$5:$A$200,EDATE($A9,12),速報_原データ!$B$5:$B$200,C$3)/100/(1+SUMIFS(速報_原データ!$D$5:$D$200,速報_原データ!$A$5:$A$200,EDATE($A9,12),速報_原データ!$B$5:$B$200,C$3)/100),IF(COUNTIFS(速報_原データ!$I$6:$I$9,EDATE($A9,12),速報_原データ!$J$6:$J$9,C$3)>0,C21/(1+SUMIFS(速報_原データ!$K$6:$K$9,速報_原データ!$I$6:$I$9,EDATE($A9,12),速報_原データ!$J$6:$J$9,C$3)/100),AVERAGE(C8,C10)))) -> 1788.133 | D9: =IF(COUNTIFS(速報_原データ!$A$5:$A$200,$A9,速報_原データ!$B$5:$B$200,D$3)>0,SUMIFS(速報_原データ!$C$5:$C$200,速報_原データ!$A$5:$A$200,$A9,速報_原データ!$B$5:$B$200,D$3)/100,IF(COUNTIFS(速報_原データ!$A$5:$A$200,EDATE($A9,12),速報_原データ!$B$5:$B$200,D$3)>0,SUMIFS(速報_原データ!$C$5:$C$200,速報_原データ!$A$5:$A$200,EDATE($A9,12),速報_原データ!$B$5:$B$200,D$3)/100/(1+SUMIFS(速報_原データ!$D$5:$D$200,速報_原データ!$A$5:$A$200,EDATE($A9,12),速報_原データ!$B$5:$B$200,D$3)/100),IF(COUNTIFS(速報_原データ!$I$6:$I$9,EDATE($A9,12),速報_原データ!$J$6:$J$9,D$3)>0,D21/(1+SUMIFS(速報_原データ!$K$6:$K$9,速報_原データ!$I$6:$I$9,EDATE($A9,12),速報_原データ!$J$6:$J$9,D$3)/100),AVERAGE(D8,D10)))) -> 1113.4097 | E9: =IF(COUNTIFS(速報_原データ!$A$5:$A$200,$A9,速報_原データ!$B$5:$B$200,E$3)>0,SUMIFS(速報_原データ!$C$5:$C$200,速報_原データ!$A$5:$A$200,$A9,速報_原データ!$B$5:$B$200,E$3)/100,IF(COUNTIFS(速報_原データ!$A$5:$A$200,EDATE($A9,12),速報_原データ!$B$5:$B$200,E$3)>0,SUMIFS(速報_原データ!$C$5:$C$200,速報_原データ!$A$5:$A$200,EDATE($A9,12),速報_原データ!$B$5:$B$200,E$3)/100/(1+SUMIFS(速報_原データ!$D$5:$D$200,速報_原データ!$A$5:$A$200,EDATE($A9,12),速報_原データ!$B$5:$B$200,E$3)/100),IF(COUNTIFS(速報_原データ!$I$6:$I$9,EDATE($A9,12),速報_原データ!$J$6:$J$9,E$3)>0,E21/(1+SUMIFS(速報_原データ!$K$6:$K$9,速報_原データ!$I$6:$I$9,EDATE($A9,12),速報_原データ!$J$6:$J$9,E$3)/100),AVERAGE(E8,E10)))) -> 290.47249 | F9: =IF(COUNTIFS(速報_原データ!$A$5:$A$200,$A9,速報_原データ!$B$5:$B$200,F$3)>0,SUMIFS(速報_原データ!$C$5:$C$200,速報_原データ!$A$5:$A$200,$A9,速報_原データ!$B$5:$B$200,F$3)/100,IF(COUNTIFS(速報_原データ!$A$5:$A$200,EDATE($A9,12),速報_原データ!$B$5:$B$200,F$3)>0,SUMIFS(速報_原データ!$C$5:$C$200,速報_原データ!$A$5:$A$200,EDATE($A9,12),速報_原データ!$B$5:$B$200,F$3)/100/(1+SUMIFS(速報_原データ!$D$5:$D$200,速報_原データ!$A$5:$A$200,EDATE($A9,12),速報_原データ!$B$5:$B$200,F$3)/100),IF(COUNTIFS(速報_原データ!$I$6:$I$9,EDATE($A9,12),速報_原データ!$J$6:$J$9,F$3)>0,F21/(1+SUMIFS(速報_原データ!$K$6:$K$9,速報_原データ!$I$6:$I$9,EDATE($A9,12),速報_原データ!$J$6:$J$9,F$3)/100),AVERAGE(F8,F10)))) -> 263.91089 | G9: =IF(COUNTIFS(速報_原データ!$A$5:$A$200,$A9,速報_原データ!$B$5:$B$200,G$3)>0,SUMIFS(速報_原データ!$C$5:$C$200,速報_原データ!$A$5:$A$200,$A9,速報_原データ!$B$5:$B$200,G$3)/100,IF(COUNTIFS(速報_原データ!$A$5:$A$200,EDATE($A9,12),速報_原データ!$B$5:$B$200,G$3)>0,SUMIFS(速報_原データ!$C$5:$C$200,速報_原データ!$A$5:$A$200,EDATE($A9,12),速報_原データ!$B$5:$B$200,G$3)/100/(1+SUMIFS(速報_原データ!$D$5:$D$200,速報_原データ!$A$5:$A$200,EDATE($A9,12),速報_原データ!$B$5:$B$200,G$3)/100),IF(COUNTIFS(速報_原データ!$I$6:$I$9,EDATE($A9,12),速報_原データ!$J$6:$J$9,G$3)>0,G21/(1+SUMIFS(速報_原データ!$K$6:$K$9,速報_原データ!$I$6:$I$9,EDATE($A9,12),速報_原データ!$J$6:$J$9,G$3)/100),AVERAGE(G8,G10)))) -> 139.9759 | H9: =IF(COUNTIFS(速報_原データ!$A$5:$A$200,$A9,速報_原データ!$B$5:$B$200,H$3)>0,SUMIFS(速報_原データ!$C$5:$C$200,速報_原データ!$A$5:$A$200,$A9,速報_原データ!$B$5:$B$200,H$3)/100,IF(COUNTIFS(速報_原データ!$A$5:$A$200,EDATE($A9,12),速報_原データ!$B$5:$B$200,H$3)>0,SUMIFS(速報_原データ!$C$5:$C$200,速報_原データ!$A$5:$A$200,EDATE($A9,12),速報_原データ!$B$5:$B$200,H$3)/100/(1+SUMIFS(速報_原データ!$D$5:$D$200,速報_原データ!$A$5:$A$200,EDATE($A9,12),速報_原データ!$B$5:$B$200,H$3)/100),IF(COUNTIFS(速報_原データ!$I$6:$I$9,EDATE($A9,12),速報_原データ!$J$6:$J$9,H$3)>0,H21/(1+SUMIFS(速報_原データ!$K$6:$K$9,速報_原データ!$I$6:$I$9,EDATE($A9,12),速報_原データ!$J$6:$J$9,H$3)/100),AVERAGE(H8,H10)))) -> 139.41216 | I9: =B9-D9 -> 1096.1522 | J9: =C9-D9-E9-H9 -> 244.8387 | K9: 翌年同月速報の前年比から逆算
A10: 45170 | B10: =IF(COUNTIFS(速報_原データ!$A$5:$A$200,$A10,速報_原データ!$B$5:$B$200,B$3)>0,SUMIFS(速報_原データ!$C$5:$C$200,速報_原データ!$A$5:$A$200,$A10,速報_原データ!$B$5:$B$200,B$3)/100,IF(COUNTIFS(速報_原データ!$A$5:$A$200,EDATE($A10,12),速報_原データ!$B$5:$B$200,B$3)>0,SUMIFS(速報_原データ!$C$5:$C$200,速報_原データ!$A$5:$A$200,EDATE($A10,12),速報_原データ!$B$5:$B$200,B$3)/100/(1+SUMIFS(速報_原データ!$D$5:$D$200,速報_原データ!$A$5:$A$200,EDATE($A10,12),速報_原データ!$B$5:$B$200,B$3)/100),IF(COUNTIFS(速報_原データ!$I$6:$I$9,EDATE($A10,12),速報_原データ!$J$6:$J$9,B$3)>0,B22/(1+SUMIFS(速報_原データ!$K$6:$K$9,速報_原データ!$I$6:$I$9,EDATE($A10,12),速報_原データ!$J$6:$J$9,B$3)/100),AVERAGE(B9,B11)))) -> 3143.5234 | C10: =IF(COUNTIFS(速報_原データ!$A$5:$A$200,$A10,速報_原データ!$B$5:$B$200,C$3)>0,SUMIFS(速報_原データ!$C$5:$C$200,速報_原データ!$A$5:$A$200,$A10,速報_原データ!$B$5:$B$200,C$3)/100,IF(COUNTIFS(速報_原データ!$A$5:$A$200,EDATE($A10,12),速報_原データ!$B$5:$B$200,C$3)>0,SUMIFS(速報_原データ!$C$5:$C$200,速報_原データ!$A$5:$A$200,EDATE($A10,12),速報_原データ!$B$5:$B$200,C$3)/100/(1+SUMIFS(速報_原データ!$D$5:$D$200,速報_原データ!$A$5:$A$200,EDATE($A10,12),速報_原データ!$B$5:$B$200,C$3)/100),IF(COUNTIFS(速報_原データ!$I$6:$I$9,EDATE($A10,12),速報_原データ!$J$6:$J$9,C$3)>0,C22/(1+SUMIFS(速報_原データ!$K$6:$K$9,速報_原データ!$I$6:$I$9,EDATE($A10,12),速報_原データ!$J$6:$J$9,C$3)/100),AVERAGE(C9,C11)))) -> 2634.847 | D10: =IF(COUNTIFS(速報_原データ!$A$5:$A$200,$A10,速報_原データ!$B$5:$B$200,D$3)>0,SUMIFS(速報_原データ!$C$5:$C$200,速報_原データ!$A$5:$A$200,$A10,速報_原データ!$B$5:$B$200,D$3)/100,IF(COUNTIFS(速報_原データ!$A$5:$A$200,EDATE($A10,12),速報_原データ!$B$5:$B$200,D$3)>0,SUMIFS(速報_原データ!$C$5:$C$200,速報_原データ!$A$5:$A$200,EDATE($A10,12),速報_原データ!$B$5:$B$200,D$3)/100/(1+SUMIFS(速報_原データ!$D$5:$D$200,速報_原データ!$A$5:$A$200,EDATE($A10,12),速報_原データ!$B$5:$B$200,D$3)/100),IF(COUNTIFS(速報_原データ!$I$6:$I$9,EDATE($A10,12),速報_原データ!$J$6:$J$9,D$3)>0,D22/(1+SUMIFS(速報_原データ!$K$6:$K$9,速報_原データ!$I$6:$I$9,EDATE($A10,12),速報_原データ!$J$6:$J$9,D$3)/100),AVERAGE(D9,D11)))) -> 1666.7038 | E10: =IF(COUNTIFS(速報_原データ!$A$5:$A$200,$A10,速報_原データ!$B$5:$B$200,E$3)>0,SUMIFS(速報_原データ!$C$5:$C$200,速報_原データ!$A$5:$A$200,$A10,速報_原データ!$B$5:$B$200,E$3)/100,IF(COUNTIFS(速報_原データ!$A$5:$A$200,EDATE($A10,12),速報_原データ!$B$5:$B$200,E$3)>0,SUMIFS(速報_原データ!$C$5:$C$200,速報_原データ!$A$5:$A$200,EDATE($A10,12),速報_原データ!$B$5:$B$200,E$3)/100/(1+SUMIFS(速報_原データ!$D$5:$D$200,速報_原データ!$A$5:$A$200,EDATE($A10,12),速報_原データ!$B$5:$B$200,E$3)/100),IF(COUNTIFS(速報_原データ!$I$6:$I$9,EDATE($A10,12),速報_原データ!$J$6:$J$9,E$3)>0,E22/(1+SUMIFS(速報_原データ!$K$6:$K$9,速報_原データ!$I$6:$I$9,EDATE($A10,12),速報_原データ!$J$6:$J$9,E$3)/100),AVERAGE(E9,E11)))) -> 446.48097 | F10: =IF(COUNTIFS(速報_原データ!$A$5:$A$200,$A10,速報_原データ!$B$5:$B$200,F$3)>0,SUMIFS(速報_原データ!$C$5:$C$200,速報_原データ!$A$5:$A$200,$A10,速報_原データ!$B$5:$B$200,F$3)/100,IF(COUNTIFS(速報_原データ!$A$5:$A$200,EDATE($A10,12),速報_原データ!$B$5:$B$200,F$3)>0,SUMIFS(速報_原データ!$C$5:$C$200,速報_原データ!$A$5:$A$200,EDATE($A10,12),速報_原データ!$B$5:$B$200,F$3)/100/(1+SUMIFS(速報_原データ!$D$5:$D$200,速報_原データ!$A$5:$A$200,EDATE($A10,12),速報_原データ!$B$5:$B$200,F$3)/100),IF(COUNTIFS(速報_原データ!$I$6:$I$9,EDATE($A10,12),速報_原データ!$J$6:$J$9,F$3)>0,F22/(1+SUMIFS(速報_原データ!$K$6:$K$9,速報_原データ!$I$6:$I$9,EDATE($A10,12),速報_原データ!$J$6:$J$9,F$3)/100),AVERAGE(F9,F11)))) -> 334.7851 | G10: =IF(COUNTIFS(速報_原データ!$A$5:$A$200,$A10,速報_原データ!$B$5:$B$200,G$3)>0,SUMIFS(速報_原データ!$C$5:$C$200,速報_原データ!$A$5:$A$200,$A10,速報_原データ!$B$5:$B$200,G$3)/100,IF(COUNTIFS(速報_原データ!$A$5:$A$200,EDATE($A10,12),速報_原データ!$B$5:$B$200,G$3)>0,SUMIFS(速報_原データ!$C$5:$C$200,速報_原データ!$A$5:$A$200,EDATE($A10,12),速報_原データ!$B$5:$B$200,G$3)/100/(1+SUMIFS(速報_原データ!$D$5:$D$200,速報_原データ!$A$5:$A$200,EDATE($A10,12),速報_原データ!$B$5:$B$200,G$3)/100),IF(COUNTIFS(速報_原データ!$I$6:$I$9,EDATE($A10,12),速報_原データ!$J$6:$J$9,G$3)>0,G22/(1+SUMIFS(速報_原データ!$K$6:$K$9,速報_原データ!$I$6:$I$9,EDATE($A10,12),速報_原データ!$J$6:$J$9,G$3)/100),AVERAGE(G9,G11)))) -> 167.20395 | H10: =IF(COUNTIFS(速報_原データ!$A$5:$A$200,$A10,速報_原データ!$B$5:$B$200,H$3)>0,SUMIFS(速報_原データ!$C$5:$C$200,速報_原データ!$A$5:$A$200,$A10,速報_原データ!$B$5:$B$200,H$3)/100,IF(COUNTIFS(速報_原データ!$A$5:$A$200,EDATE($A10,12),速報_原データ!$B$5:$B$200,H$3)>0,SUMIFS(速報_原データ!$C$5:$C$200,速報_原データ!$A$5:$A$200,EDATE($A10,12),速報_原データ!$B$5:$B$200,H$3)/100/(1+SUMIFS(速報_原データ!$D$5:$D$200,速報_原データ!$A$5:$A$200,EDATE($A10,12),速報_原データ!$B$5:$B$200,H$3)/100),IF(COUNTIFS(速報_原データ!$I$6:$I$9,EDATE($A10,12),速報_原データ!$J$6:$J$9,H$3)>0,H22/(1+SUMIFS(速報_原データ!$K$6:$K$9,速報_原データ!$I$6:$I$9,EDATE($A10,12),速報_原データ!$J$6:$J$9,H$3)/100),AVERAGE(H9,H11)))) -> 174.63538 | I10: =B10-D10 -> 1476.8196 | J10: =C10-D10-E10-H10 -> 347.0269 | K10: 翌年同月速報の前年比から逆算
A11: 45200 | B11: =IF(COUNTIFS(速報_原データ!$A$5:$A$200,$A11,速報_原データ!$B$5:$B$200,B$3)>0,SUMIFS(速報_原データ!$C$5:$C$200,速報_原データ!$A$5:$A$200,$A11,速報_原データ!$B$5:$B$200,B$3)/100,IF(COUNTIFS(速報_原データ!$A$5:$A$200,EDATE($A11,12),速報_原データ!$B$5:$B$200,B$3)>0,SUMIFS(速報_原データ!$C$5:$C$200,速報_原データ!$A$5:$A$200,EDATE($A11,12),速報_原データ!$B$5:$B$200,B$3)/100/(1+SUMIFS(速報_原データ!$D$5:$D$200,速報_原データ!$A$5:$A$200,EDATE($A11,12),速報_原データ!$B$5:$B$200,B$3)/100),IF(COUNTIFS(速報_原データ!$I$6:$I$9,EDATE($A11,12),速報_原データ!$J$6:$J$9,B$3)>0,B23/(1+SUMIFS(速報_原データ!$K$6:$K$9,速報_原データ!$I$6:$I$9,EDATE($A11,12),速報_原データ!$J$6:$J$9,B$3)/100),AVERAGE(B10,B12)))) -> 2858.331 | C11: =IF(COUNTIFS(速報_原データ!$A$5:$A$200,$A11,速報_原データ!$B$5:$B$200,C$3)>0,SUMIFS(速報_原データ!$C$5:$C$200,速報_原データ!$A$5:$A$200,$A11,速報_原データ!$B$5:$B$200,C$3)/100,IF(COUNTIFS(速報_原データ!$A$5:$A$200,EDATE($A11,12),速報_原データ!$B$5:$B$200,C$3)>0,SUMIFS(速報_原データ!$C$5:$C$200,速報_原データ!$A$5:$A$200,EDATE($A11,12),速報_原データ!$B$5:$B$200,C$3)/100/(1+SUMIFS(速報_原データ!$D$5:$D$200,速報_原データ!$A$5:$A$200,EDATE($A11,12),速報_原データ!$B$5:$B$200,C$3)/100),IF(COUNTIFS(速報_原データ!$I$6:$I$9,EDATE($A11,12),速報_原データ!$J$6:$J$9,C$3)>0,C23/(1+SUMIFS(速報_原データ!$K$6:$K$9,速報_原データ!$I$6:$I$9,EDATE($A11,12),速報_原データ!$J$6:$J$9,C$3)/100),AVERAGE(C10,C12)))) -> 2188.3844 | D11: =IF(COUNTIFS(速報_原データ!$A$5:$A$200,$A11,速報_原データ!$B$5:$B$200,D$3)>0,SUMIFS(速報_原データ!$C$5:$C$200,速報_原データ!$A$5:$A$200,$A11,速報_原データ!$B$5:$B$200,D$3)/100,IF(COUNTIFS(速報_原データ!$A$5:$A$200,EDATE($A11,12),速報_原データ!$B$5:$B$200,D$3)>0,SUMIFS(速報_原データ!$C$5:$C$200,速報_原データ!$A$5:$A$200,EDATE($A11,12),速報_原データ!$B$5:$B$200,D$3)/100/(1+SUMIFS(速報_原データ!$D$5:$D$200,速報_原データ!$A$5:$A$200,EDATE($A11,12),速報_原データ!$B$5:$B$200,D$3)/100),IF(COUNTIFS(速報_原データ!$I$6:$I$9,EDATE($A11,12),速報_原データ!$J$6:$J$9,D$3)>0,D23/(1+SUMIFS(速報_原データ!$K$6:$K$9,速報_原データ!$I$6:$I$9,EDATE($A11,12),速報_原データ!$J$6:$J$9,D$3)/100),AVERAGE(D10,D12)))) -> 1379.6177 | E11: =IF(COUNTIFS(速報_原データ!$A$5:$A$200,$A11,速報_原データ!$B$5:$B$200,E$3)>0,SUMIFS(速報_原データ!$C$5:$C$200,速報_原データ!$A$5:$A$200,$A11,速報_原データ!$B$5:$B$200,E$3)/100,IF(COUNTIFS(速報_原データ!$A$5:$A$200,EDATE($A11,12),速報_原データ!$B$5:$B$200,E$3)>0,SUMIFS(速報_原データ!$C$5:$C$200,速報_原データ!$A$5:$A$200,EDATE($A11,12),速報_原データ!$B$5:$B$200,E$3)/100/(1+SUMIFS(速報_原データ!$D$5:$D$200,速報_原データ!$A$5:$A$200,EDATE($A11,12),速報_原データ!$B$5:$B$200,E$3)/100),IF(COUNTIFS(速報_原データ!$I$6:$I$9,EDATE($A11,12),速報_原データ!$J$6:$J$9,E$3)>0,E23/(1+SUMIFS(速報_原データ!$K$6:$K$9,速報_原データ!$I$6:$I$9,EDATE($A11,12),速報_原データ!$J$6:$J$9,E$3)/100),AVERAGE(E10,E12)))) -> 279.40784 | F11: =IF(COUNTIFS(速報_原データ!$A$5:$A$200,$A11,速報_原データ!$B$5:$B$200,F$3)>0,SUMIFS(速報_原データ!$C$5:$C$200,速報_原データ!$A$5:$A$200,$A11,速報_原データ!$B$5:$B$200,F$3)/100,IF(COUNTIFS(速報_原データ!$A$5:$A$200,EDATE($A11,12),速報_原データ!$B$5:$B$200,F$3)>0,SUMIFS(速報_原データ!$C$5:$C$200,速報_原データ!$A$5:$A$200,EDATE($A11,12),速報_原データ!$B$5:$B$200,F$3)/100/(1+SUMIFS(速報_原データ!$D$5:$D$200,速報_原データ!$A$5:$A$200,EDATE($A11,12),速報_原データ!$B$5:$B$200,F$3)/100),IF(COUNTIFS(速報_原データ!$I$6:$I$9,EDATE($A11,12),速報_原データ!$J$6:$J$9,F$3)>0,F23/(1+SUMIFS(速報_原データ!$K$6:$K$9,速報_原データ!$I$6:$I$9,EDATE($A11,12),速報_原データ!$J$6:$J$9,F$3)/100),AVERAGE(F10,F12)))) -> 499.86111 | G11: =IF(COUNTIFS(速報_原データ!$A$5:$A$200,$A11,速報_原データ!$B$5:$B$200,G$3)>0,SUMIFS(速報_原データ!$C$5:$C$200,速報_原データ!$A$5:$A$200,$A11,速報_原データ!$B$5:$B$200,G$3)/100,IF(COUNTIFS(速報_原データ!$A$5:$A$200,EDATE($A11,12),速報_原データ!$B$5:$B$200,G$3)>0,SUMIFS(速報_原データ!$C$5:$C$200,速報_原データ!$A$5:$A$200,EDATE($A11,12),速報_原データ!$B$5:$B$200,G$3)/100/(1+SUMIFS(速報_原データ!$D$5:$D$200,速報_原データ!$A$5:$A$200,EDATE($A11,12),速報_原データ!$B$5:$B$200,G$3)/100),IF(COUNTIFS(速報_原データ!$I$6:$I$9,EDATE($A11,12),速報_原データ!$J$6:$J$9,G$3)>0,G23/(1+SUMIFS(速報_原データ!$K$6:$K$9,速報_原データ!$I$6:$I$9,EDATE($A11,12),速報_原データ!$J$6:$J$9,G$3)/100),AVERAGE(G10,G12)))) -> 166.2169 | H11: =IF(COUNTIFS(速報_原データ!$A$5:$A$200,$A11,速報_原データ!$B$5:$B$200,H$3)>0,SUMIFS(速報_原データ!$C$5:$C$200,速報_原データ!$A$5:$A$200,$A11,速報_原データ!$B$5:$B$200,H$3)/100,IF(COUNTIFS(速報_原データ!$A$5:$A$200,EDATE($A11,12),速報_原データ!$B$5:$B$200,H$3)>0,SUMIFS(速報_原データ!$C$5:$C$200,速報_原データ!$A$5:$A$200,EDATE($A11,12),速報_原データ!$B$5:$B$200,H$3)/100/(1+SUMIFS(速報_原データ!$D$5:$D$200,速報_原データ!$A$5:$A$200,EDATE($A11,12),速報_原データ!$B$5:$B$200,H$3)/100),IF(COUNTIFS(速報_原データ!$I$6:$I$9,EDATE($A11,12),速報_原データ!$J$6:$J$9,H$3)>0,H23/(1+SUMIFS(速報_原データ!$K$6:$K$9,速報_原データ!$I$6:$I$9,EDATE($A11,12),速報_原データ!$J$6:$J$9,H$3)/100),AVERAGE(H10,H12)))) -> 143.84651 | I11: =B11-D11 -> 1478.7133 | J11: =C11-D11-E11-H11 -> 385.51233 | K11: 翌年同月速報の前年比から逆算
A12: 45231 | B12: =IF(COUNTIFS(速報_原データ!$A$5:$A$200,$A12,速報_原データ!$B$5:$B$200,B$3)>0,SUMIFS(速報_原データ!$C$5:$C$200,速報_原データ!$A$5:$A$200,$A12,速報_原データ!$B$5:$B$200,B$3)/100,IF(COUNTIFS(速報_原データ!$A$5:$A$200,EDATE($A12,12),速報_原データ!$B$5:$B$200,B$3)>0,SUMIFS(速報_原データ!$C$5:$C$200,速報_原データ!$A$5:$A$200,EDATE($A12,12),速報_原データ!$B$5:$B$200,B$3)/100/(1+SUMIFS(速報_原データ!$D$5:$D$200,速報_原データ!$A$5:$A$200,EDATE($A12,12),速報_原データ!$B$5:$B$200,B$3)/100),IF(COUNTIFS(速報_原データ!$I$6:$I$9,EDATE($A12,12),速報_原データ!$J$6:$J$9,B$3)>0,B24/(1+SUMIFS(速報_原データ!$K$6:$K$9,速報_原データ!$I$6:$I$9,EDATE($A12,12),速報_原データ!$J$6:$J$9,B$3)/100),AVERAGE(B11,B13)))) -> 2833.9137 | C12: =IF(COUNTIFS(速報_原データ!$A$5:$A$200,$A12,速報_原データ!$B$5:$B$200,C$3)>0,SUMIFS(速報_原データ!$C$5:$C$200,速報_原データ!$A$5:$A$200,$A12,速報_原データ!$B$5:$B$200,C$3)/100,IF(COUNTIFS(速報_原データ!$A$5:$A$200,EDATE($A12,12),速報_原データ!$B$5:$B$200,C$3)>0,SUMIFS(速報_原データ!$C$5:$C$200,速報_原データ!$A$5:$A$200,EDATE($A12,12),速報_原データ!$B$5:$B$200,C$3)/100/(1+SUMIFS(速報_原データ!$D$5:$D$200,速報_原データ!$A$5:$A$200,EDATE($A12,12),速報_原データ!$B$5:$B$200,C$3)/100),IF(COUNTIFS(速報_原データ!$I$6:$I$9,EDATE($A12,12),速報_原データ!$J$6:$J$9,C$3)>0,C24/(1+SUMIFS(速報_原データ!$K$6:$K$9,速報_原データ!$I$6:$I$9,EDATE($A12,12),速報_原データ!$J$6:$J$9,C$3)/100),AVERAGE(C11,C13)))) -> 2353.8231 | D12: =IF(COUNTIFS(速報_原データ!$A$5:$A$200,$A12,速報_原データ!$B$5:$B$200,D$3)>0,SUMIFS(速報_原データ!$C$5:$C$200,速報_原データ!$A$5:$A$200,$A12,速報_原データ!$B$5:$B$200,D$3)/100,IF(COUNTIFS(速報_原データ!$A$5:$A$200,EDATE($A12,12),速報_原データ!$B$5:$B$200,D$3)>0,SUMIFS(速報_原データ!$C$5:$C$200,速報_原データ!$A$5:$A$200,EDATE($A12,12),速報_原データ!$B$5:$B$200,D$3)/100/(1+SUMIFS(速報_原データ!$D$5:$D$200,速報_原データ!$A$5:$A$200,EDATE($A12,12),速報_原データ!$B$5:$B$200,D$3)/100),IF(COUNTIFS(速報_原データ!$I$6:$I$9,EDATE($A12,12),速報_原データ!$J$6:$J$9,D$3)>0,D24/(1+SUMIFS(速報_原データ!$K$6:$K$9,速報_原データ!$I$6:$I$9,EDATE($A12,12),速報_原データ!$J$6:$J$9,D$3)/100),AVERAGE(D11,D13)))) -> 1575.1823 | E12: =IF(COUNTIFS(速報_原データ!$A$5:$A$200,$A12,速報_原データ!$B$5:$B$200,E$3)>0,SUMIFS(速報_原データ!$C$5:$C$200,速報_原データ!$A$5:$A$200,$A12,速報_原データ!$B$5:$B$200,E$3)/100,IF(COUNTIFS(速報_原データ!$A$5:$A$200,EDATE($A12,12),速報_原データ!$B$5:$B$200,E$3)>0,SUMIFS(速報_原データ!$C$5:$C$200,速報_原データ!$A$5:$A$200,EDATE($A12,12),速報_原データ!$B$5:$B$200,E$3)/100/(1+SUMIFS(速報_原データ!$D$5:$D$200,速報_原データ!$A$5:$A$200,EDATE($A12,12),速報_原データ!$B$5:$B$200,E$3)/100),IF(COUNTIFS(速報_原データ!$I$6:$I$9,EDATE($A12,12),速報_原データ!$J$6:$J$9,E$3)>0,E24/(1+SUMIFS(速報_原データ!$K$6:$K$9,速報_原データ!$I$6:$I$9,EDATE($A12,12),速報_原データ!$J$6:$J$9,E$3)/100),AVERAGE(E11,E13)))) -> 293.03844 | F12: =IF(COUNTIFS(速報_原データ!$A$5:$A$200,$A12,速報_原データ!$B$5:$B$200,F$3)>0,SUMIFS(速報_原データ!$C$5:$C$200,速報_原データ!$A$5:$A$200,$A12,速報_原データ!$B$5:$B$200,F$3)/100,IF(COUNTIFS(速報_原データ!$A$5:$A$200,EDATE($A12,12),速報_原データ!$B$5:$B$200,F$3)>0,SUMIFS(速報_原データ!$C$5:$C$200,速報_原データ!$A$5:$A$200,EDATE($A12,12),速報_原データ!$B$5:$B$200,F$3)/100/(1+SUMIFS(速報_原データ!$D$5:$D$200,速報_原データ!$A$5:$A$200,EDATE($A12,12),速報_原データ!$B$5:$B$200,F$3)/100),IF(COUNTIFS(速報_原データ!$I$6:$I$9,EDATE($A12,12),速報_原データ!$J$6:$J$9,F$3)>0,F24/(1+SUMIFS(速報_原データ!$K$6:$K$9,速報_原データ!$I$6:$I$9,EDATE($A12,12),速報_原データ!$J$6:$J$9,F$3)/100),AVERAGE(F11,F13)))) -> 357.14286 | G12: =IF(COUNTIFS(速報_原データ!$A$5:$A$200,$A12,速報_原データ!$B$5:$B$200,G$3)>0,SUMIFS(速報_原データ!$C$5:$C$200,速報_原データ!$A$5:$A$200,$A12,速報_原データ!$B$5:$B$200,G$3)/100,IF(COUNTIFS(速報_原データ!$A$5:$A$200,EDATE($A12,12),速報_原データ!$B$5:$B$200,G$3)>0,SUMIFS(速報_原データ!$C$5:$C$200,速報_原データ!$A$5:$A$200,EDATE($A12,12),速報_原データ!$B$5:$B$200,G$3)/100/(1+SUMIFS(速報_原データ!$D$5:$D$200,速報_原データ!$A$5:$A$200,EDATE($A12,12),速報_原データ!$B$5:$B$200,G$3)/100),IF(COUNTIFS(速報_原データ!$I$6:$I$9,EDATE($A12,12),速報_原データ!$J$6:$J$9,G$3)>0,G24/(1+SUMIFS(速報_原データ!$K$6:$K$9,速報_原データ!$I$6:$I$9,EDATE($A12,12),速報_原データ!$J$6:$J$9,G$3)/100),AVERAGE(G11,G13)))) -> 114.23645 | H12: =IF(COUNTIFS(速報_原データ!$A$5:$A$200,$A12,速報_原データ!$B$5:$B$200,H$3)>0,SUMIFS(速報_原データ!$C$5:$C$200,速報_原データ!$A$5:$A$200,$A12,速報_原データ!$B$5:$B$200,H$3)/100,IF(COUNTIFS(速報_原データ!$A$5:$A$200,EDATE($A12,12),速報_原データ!$B$5:$B$200,H$3)>0,SUMIFS(速報_原データ!$C$5:$C$200,速報_原データ!$A$5:$A$200,EDATE($A12,12),速報_原データ!$B$5:$B$200,H$3)/100/(1+SUMIFS(速報_原データ!$D$5:$D$200,速報_原データ!$A$5:$A$200,EDATE($A12,12),速報_原データ!$B$5:$B$200,H$3)/100),IF(COUNTIFS(速報_原データ!$I$6:$I$9,EDATE($A12,12),速報_原データ!$J$6:$J$9,H$3)>0,H24/(1+SUMIFS(速報_原データ!$K$6:$K$9,速報_原データ!$I$6:$I$9,EDATE($A12,12),速報_原データ!$J$6:$J$9,H$3)/100),AVERAGE(H11,H13)))) -> 143.6339 | I12: =B12-D12 -> 1258.7314 | J12: =C12-D12-E12-H12 -> 341.96842 | K12: 翌年同月速報の前年比から逆算
A13: 45261 | B13: =IF(COUNTIFS(速報_原データ!$A$5:$A$200,$A13,速報_原データ!$B$5:$B$200,B$3)>0,SUMIFS(速報_原データ!$C$5:$C$200,速報_原データ!$A$5:$A$200,$A13,速報_原データ!$B$5:$B$200,B$3)/100,IF(COUNTIFS(速報_原データ!$A$5:$A$200,EDATE($A13,12),速報_原データ!$B$5:$B$200,B$3)>0,SUMIFS(速報_原データ!$C$5:$C$200,速報_原データ!$A$5:$A$200,EDATE($A13,12),速報_原データ!$B$5:$B$200,B$3)/100/(1+SUMIFS(速報_原データ!$D$5:$D$200,速報_原データ!$A$5:$A$200,EDATE($A13,12),速報_原データ!$B$5:$B$200,B$3)/100),IF(COUNTIFS(速報_原データ!$I$6:$I$9,EDATE($A13,12),速報_原データ!$J$6:$J$9,B$3)>0,B25/(1+SUMIFS(速報_原データ!$K$6:$K$9,速報_原データ!$I$6:$I$9,EDATE($A13,12),速報_原データ!$J$6:$J$9,B$3)/100),AVERAGE(B12,B14)))) -> 4071.0759 | C13: =IF(COUNTIFS(速報_原データ!$A$5:$A$200,$A13,速報_原データ!$B$5:$B$200,C$3)>0,SUMIFS(速報_原データ!$C$5:$C$200,速報_原データ!$A$5:$A$200,$A13,速報_原データ!$B$5:$B$200,C$3)/100,IF(COUNTIFS(速報_原データ!$A$5:$A$200,EDATE($A13,12),速報_原データ!$B$5:$B$200,C$3)>0,SUMIFS(速報_原データ!$C$5:$C$200,速報_原データ!$A$5:$A$200,EDATE($A13,12),速報_原データ!$B$5:$B$200,C$3)/100/(1+SUMIFS(速報_原データ!$D$5:$D$200,速報_原データ!$A$5:$A$200,EDATE($A13,12),速報_原データ!$B$5:$B$200,C$3)/100),IF(COUNTIFS(速報_原データ!$I$6:$I$9,EDATE($A13,12),速報_原データ!$J$6:$J$9,C$3)>0,C25/(1+SUMIFS(速報_原データ!$K$6:$K$9,速報_原データ!$I$6:$I$9,EDATE($A13,12),速報_原データ!$J$6:$J$9,C$3)/100),AVERAGE(C12,C14)))) -> 3532.6619 | D13: =IF(COUNTIFS(速報_原データ!$A$5:$A$200,$A13,速報_原データ!$B$5:$B$200,D$3)>0,SUMIFS(速報_原データ!$C$5:$C$200,速報_原データ!$A$5:$A$200,$A13,速報_原データ!$B$5:$B$200,D$3)/100,IF(COUNTIFS(速報_原データ!$A$5:$A$200,EDATE($A13,12),速報_原データ!$B$5:$B$200,D$3)>0,SUMIFS(速報_原データ!$C$5:$C$200,速報_原データ!$A$5:$A$200,EDATE($A13,12),速報_原データ!$B$5:$B$200,D$3)/100/(1+SUMIFS(速報_原データ!$D$5:$D$200,速報_原データ!$A$5:$A$200,EDATE($A13,12),速報_原データ!$B$5:$B$200,D$3)/100),IF(COUNTIFS(速報_原データ!$I$6:$I$9,EDATE($A13,12),速報_原データ!$J$6:$J$9,D$3)>0,D25/(1+SUMIFS(速報_原データ!$K$6:$K$9,速報_原データ!$I$6:$I$9,EDATE($A13,12),速報_原データ!$J$6:$J$9,D$3)/100),AVERAGE(D12,D14)))) -> 2224.1518 | E13: =IF(COUNTIFS(速報_原データ!$A$5:$A$200,$A13,速報_原データ!$B$5:$B$200,E$3)>0,SUMIFS(速報_原データ!$C$5:$C$200,速報_原データ!$A$5:$A$200,$A13,速報_原データ!$B$5:$B$200,E$3)/100,IF(COUNTIFS(速報_原データ!$A$5:$A$200,EDATE($A13,12),速報_原データ!$B$5:$B$200,E$3)>0,SUMIFS(速報_原データ!$C$5:$C$200,速報_原データ!$A$5:$A$200,EDATE($A13,12),速報_原データ!$B$5:$B$200,E$3)/100/(1+SUMIFS(速報_原データ!$D$5:$D$200,速報_原データ!$A$5:$A$200,EDATE($A13,12),速報_原データ!$B$5:$B$200,E$3)/100),IF(COUNTIFS(速報_原データ!$I$6:$I$9,EDATE($A13,12),速報_原データ!$J$6:$J$9,E$3)>0,E25/(1+SUMIFS(速報_原データ!$K$6:$K$9,速報_原データ!$I$6:$I$9,EDATE($A13,12),速報_原データ!$J$6:$J$9,E$3)/100),AVERAGE(E12,E14)))) -> 576.84341 | F13: =IF(COUNTIFS(速報_原データ!$A$5:$A$200,$A13,速報_原データ!$B$5:$B$200,F$3)>0,SUMIFS(速報_原データ!$C$5:$C$200,速報_原データ!$A$5:$A$200,$A13,速報_原データ!$B$5:$B$200,F$3)/100,IF(COUNTIFS(速報_原データ!$A$5:$A$200,EDATE($A13,12),速報_原データ!$B$5:$B$200,F$3)>0,SUMIFS(速報_原データ!$C$5:$C$200,速報_原データ!$A$5:$A$200,EDATE($A13,12),速報_原データ!$B$5:$B$200,F$3)/100/(1+SUMIFS(速報_原データ!$D$5:$D$200,速報_原データ!$A$5:$A$200,EDATE($A13,12),速報_原データ!$B$5:$B$200,F$3)/100),IF(COUNTIFS(速報_原データ!$I$6:$I$9,EDATE($A13,12),速報_原データ!$J$6:$J$9,F$3)>0,F25/(1+SUMIFS(速報_原データ!$K$6:$K$9,速報_原データ!$I$6:$I$9,EDATE($A13,12),速報_原データ!$J$6:$J$9,F$3)/100),AVERAGE(F12,F14)))) -> 407.62231 | G13: =IF(COUNTIFS(速報_原データ!$A$5:$A$200,$A13,速報_原データ!$B$5:$B$200,G$3)>0,SUMIFS(速報_原データ!$C$5:$C$200,速報_原データ!$A$5:$A$200,$A13,速報_原データ!$B$5:$B$200,G$3)/100,IF(COUNTIFS(速報_原データ!$A$5:$A$200,EDATE($A13,12),速報_原データ!$B$5:$B$200,G$3)>0,SUMIFS(速報_原データ!$C$5:$C$200,速報_原データ!$A$5:$A$200,EDATE($A13,12),速報_原データ!$B$5:$B$200,G$3)/100/(1+SUMIFS(速報_原データ!$D$5:$D$200,速報_原データ!$A$5:$A$200,EDATE($A13,12),速報_原データ!$B$5:$B$200,G$3)/100),IF(COUNTIFS(速報_原データ!$I$6:$I$9,EDATE($A13,12),速報_原データ!$J$6:$J$9,G$3)>0,G25/(1+SUMIFS(速報_原データ!$K$6:$K$9,速報_原データ!$I$6:$I$9,EDATE($A13,12),速報_原データ!$J$6:$J$9,G$3)/100),AVERAGE(G12,G14)))) -> 119.26941 | H13: =IF(COUNTIFS(速報_原データ!$A$5:$A$200,$A13,速報_原データ!$B$5:$B$200,H$3)>0,SUMIFS(速報_原データ!$C$5:$C$200,速報_原データ!$A$5:$A$200,$A13,速報_原データ!$B$5:$B$200,H$3)/100,IF(COUNTIFS(速報_原データ!$A$5:$A$200,EDATE($A13,12),速報_原データ!$B$5:$B$200,H$3)>0,SUMIFS(速報_原データ!$C$5:$C$200,速報_原データ!$A$5:$A$200,EDATE($A13,12),速報_原データ!$B$5:$B$200,H$3)/100/(1+SUMIFS(速報_原データ!$D$5:$D$200,速報_原データ!$A$5:$A$200,EDATE($A13,12),速報_原データ!$B$5:$B$200,H$3)/100),IF(COUNTIFS(速報_原データ!$I$6:$I$9,EDATE($A13,12),速報_原データ!$J$6:$J$9,H$3)>0,H25/(1+SUMIFS(速報_原データ!$K$6:$K$9,速報_原データ!$I$6:$I$9,EDATE($A13,12),速報_原データ!$J$6:$J$9,H$3)/100),AVERAGE(H12,H14)))) -> 202.08955 | I13: =B13-D13 -> 1846.9242 | J13: =C13-D13-E13-H13 -> 529.57712 | K13: 翌年同月速報の前年比から逆算
A14: 45292 | B14: =IF(COUNTIFS(速報_原データ!$A$5:$A$200,$A14,速報_原データ!$B$5:$B$200,B$3)>0,SUMIFS(速報_原データ!$C$5:$C$200,速報_原データ!$A$5:$A$200,$A14,速報_原データ!$B$5:$B$200,B$3)/100,IF(COUNTIFS(速報_原データ!$A$5:$A$200,EDATE($A14,12),速報_原データ!$B$5:$B$200,B$3)>0,SUMIFS(速報_原データ!$C$5:$C$200,速報_原データ!$A$5:$A$200,EDATE($A14,12),速報_原データ!$B$5:$B$200,B$3)/100/(1+SUMIFS(速報_原データ!$D$5:$D$200,速報_原データ!$A$5:$A$200,EDATE($A14,12),速報_原データ!$B$5:$B$200,B$3)/100),IF(COUNTIFS(速報_原データ!$I$6:$I$9,EDATE($A14,12),速報_原データ!$J$6:$J$9,B$3)>0,B26/(1+SUMIFS(速報_原データ!$K$6:$K$9,速報_原データ!$I$6:$I$9,EDATE($A14,12),速報_原データ!$J$6:$J$9,B$3)/100),AVERAGE(B13,B15)))) -> 2911.3246 | C14: =IF(COUNTIFS(速報_原データ!$A$5:$A$200,$A14,速報_原データ!$B$5:$B$200,C$3)>0,SUMIFS(速報_原データ!$C$5:$C$200,速報_原データ!$A$5:$A$200,$A14,速報_原データ!$B$5:$B$200,C$3)/100,IF(COUNTIFS(速報_原データ!$A$5:$A$200,EDATE($A14,12),速報_原データ!$B$5:$B$200,C$3)>0,SUMIFS(速報_原データ!$C$5:$C$200,速報_原データ!$A$5:$A$200,EDATE($A14,12),速報_原データ!$B$5:$B$200,C$3)/100/(1+SUMIFS(速報_原データ!$D$5:$D$200,速報_原データ!$A$5:$A$200,EDATE($A14,12),速報_原データ!$B$5:$B$200,C$3)/100),IF(COUNTIFS(速報_原データ!$I$6:$I$9,EDATE($A14,12),速報_原データ!$J$6:$J$9,C$3)>0,C26/(1+SUMIFS(速報_原データ!$K$6:$K$9,速報_原データ!$I$6:$I$9,EDATE($A14,12),速報_原データ!$J$6:$J$9,C$3)/100),AVERAGE(C13,C15)))) -> 2413.3721 | D14: =IF(COUNTIFS(速報_原データ!$A$5:$A$200,$A14,速報_原データ!$B$5:$B$200,D$3)>0,SUMIFS(速報_原データ!$C$5:$C$200,速報_原データ!$A$5:$A$200,$A14,速報_原データ!$B$5:$B$200,D$3)/100,IF(COUNTIFS(速報_原データ!$A$5:$A$200,EDATE($A14,12),速報_原データ!$B$5:$B$200,D$3)>0,SUMIFS(速報_原データ!$C$5:$C$200,速報_原データ!$A$5:$A$200,EDATE($A14,12),速報_原データ!$B$5:$B$200,D$3)/100/(1+SUMIFS(速報_原データ!$D$5:$D$200,速報_原データ!$A$5:$A$200,EDATE($A14,12),速報_原データ!$B$5:$B$200,D$3)/100),IF(COUNTIFS(速報_原データ!$I$6:$I$9,EDATE($A14,12),速報_原データ!$J$6:$J$9,D$3)>0,D26/(1+SUMIFS(速報_原データ!$K$6:$K$9,速報_原データ!$I$6:$I$9,EDATE($A14,12),速報_原データ!$J$6:$J$9,D$3)/100),AVERAGE(D13,D15)))) -> 1240.9975 | E14: =IF(COUNTIFS(速報_原データ!$A$5:$A$200,$A14,速報_原データ!$B$5:$B$200,E$3)>0,SUMIFS(速報_原データ!$C$5:$C$200,速報_原データ!$A$5:$A$200,$A14,速報_原データ!$B$5:$B$200,E$3)/100,IF(COUNTIFS(速報_原データ!$A$5:$A$200,EDATE($A14,12),速報_原データ!$B$5:$B$200,E$3)>0,SUMIFS(速報_原データ!$C$5:$C$200,速報_原データ!$A$5:$A$200,EDATE($A14,12),速報_原データ!$B$5:$B$200,E$3)/100/(1+SUMIFS(速報_原データ!$D$5:$D$200,速報_原データ!$A$5:$A$200,EDATE($A14,12),速報_原データ!$B$5:$B$200,E$3)/100),IF(COUNTIFS(速報_原データ!$I$6:$I$9,EDATE($A14,12),速報_原データ!$J$6:$J$9,E$3)>0,E26/(1+SUMIFS(速報_原データ!$K$6:$K$9,速報_原データ!$I$6:$I$9,EDATE($A14,12),速報_原データ!$J$6:$J$9,E$3)/100),AVERAGE(E13,E15)))) -> 598.60355 | F14: =IF(COUNTIFS(速報_原データ!$A$5:$A$200,$A14,速報_原データ!$B$5:$B$200,F$3)>0,SUMIFS(速報_原データ!$C$5:$C$200,速報_原データ!$A$5:$A$200,$A14,速報_原データ!$B$5:$B$200,F$3)/100,IF(COUNTIFS(速報_原データ!$A$5:$A$200,EDATE($A14,12),速報_原データ!$B$5:$B$200,F$3)>0,SUMIFS(速報_原データ!$C$5:$C$200,速報_原データ!$A$5:$A$200,EDATE($A14,12),速報_原データ!$B$5:$B$200,F$3)/100/(1+SUMIFS(速報_原データ!$D$5:$D$200,速報_原データ!$A$5:$A$200,EDATE($A14,12),速報_原データ!$B$5:$B$200,F$3)/100),IF(COUNTIFS(速報_原データ!$I$6:$I$9,EDATE($A14,12),速報_原データ!$J$6:$J$9,F$3)>0,F26/(1+SUMIFS(速報_原データ!$K$6:$K$9,速報_原データ!$I$6:$I$9,EDATE($A14,12),速報_原データ!$J$6:$J$9,F$3)/100),AVERAGE(F13,F15)))) -> 362.10526 | G14: =IF(COUNTIFS(速報_原データ!$A$5:$A$200,$A14,速報_原データ!$B$5:$B$200,G$3)>0,SUMIFS(速報_原データ!$C$5:$C$200,速報_原データ!$A$5:$A$200,$A14,速報_原データ!$B$5:$B$200,G$3)/100,IF(COUNTIFS(速報_原データ!$A$5:$A$200,EDATE($A14,12),速報_原データ!$B$5:$B$200,G$3)>0,SUMIFS(速報_原データ!$C$5:$C$200,速報_原データ!$A$5:$A$200,EDATE($A14,12),速報_原データ!$B$5:$B$200,G$3)/100/(1+SUMIFS(速報_原データ!$D$5:$D$200,速報_原データ!$A$5:$A$200,EDATE($A14,12),速報_原データ!$B$5:$B$200,G$3)/100),IF(COUNTIFS(速報_原データ!$I$6:$I$9,EDATE($A14,12),速報_原データ!$J$6:$J$9,G$3)>0,G26/(1+SUMIFS(速報_原データ!$K$6:$K$9,速報_原データ!$I$6:$I$9,EDATE($A14,12),速報_原データ!$J$6:$J$9,G$3)/100),AVERAGE(G13,G15)))) -> 129.10663 | H14: =IF(COUNTIFS(速報_原データ!$A$5:$A$200,$A14,速報_原データ!$B$5:$B$200,H$3)>0,SUMIFS(速報_原データ!$C$5:$C$200,速報_原データ!$A$5:$A$200,$A14,速報_原データ!$B$5:$B$200,H$3)/100,IF(COUNTIFS(速報_原データ!$A$5:$A$200,EDATE($A14,12),速報_原データ!$B$5:$B$200,H$3)>0,SUMIFS(速報_原データ!$C$5:$C$200,速報_原データ!$A$5:$A$200,EDATE($A14,12),速報_原データ!$B$5:$B$200,H$3)/100/(1+SUMIFS(速報_原データ!$D$5:$D$200,速報_原データ!$A$5:$A$200,EDATE($A14,12),速報_原データ!$B$5:$B$200,H$3)/100),IF(COUNTIFS(速報_原データ!$I$6:$I$9,EDATE($A14,12),速報_原データ!$J$6:$J$9,H$3)>0,H26/(1+SUMIFS(速報_原データ!$K$6:$K$9,速報_原データ!$I$6:$I$9,EDATE($A14,12),速報_原データ!$J$6:$J$9,H$3)/100),AVERAGE(H13,H15)))) -> 187.63547 | I14: =B14-D14 -> 1670.3271 | J14: =C14-D14-E14-H14 -> 386.1356 | K14: 翌年同月速報の前年比から逆算
A15: 45323 | B15: =IF(COUNTIFS(速報_原データ!$A$5:$A$200,$A15,速報_原データ!$B$5:$B$200,B$3)>0,SUMIFS(速報_原データ!$C$5:$C$200,速報_原データ!$A$5:$A$200,$A15,速報_原データ!$B$5:$B$200,B$3)/100,IF(COUNTIFS(速報_原データ!$A$5:$A$200,EDATE($A15,12),速報_原データ!$B$5:$B$200,B$3)>0,SUMIFS(速報_原データ!$C$5:$C$200,速報_原データ!$A$5:$A$200,EDATE($A15,12),速報_原データ!$B$5:$B$200,B$3)/100/(1+SUMIFS(速報_原データ!$D$5:$D$200,速報_原データ!$A$5:$A$200,EDATE($A15,12),速報_原データ!$B$5:$B$200,B$3)/100),IF(COUNTIFS(速報_原データ!$I$6:$I$9,EDATE($A15,12),速報_原データ!$J$6:$J$9,B$3)>0,B27/(1+SUMIFS(速報_原データ!$K$6:$K$9,速報_原データ!$I$6:$I$9,EDATE($A15,12),速報_原データ!$J$6:$J$9,B$3)/100),AVERAGE(B14,B16)))) -> 3104.3975 | C15: =IF(COUNTIFS(速報_原データ!$A$5:$A$200,$A15,速報_原データ!$B$5:$B$200,C$3)>0,SUMIFS(速報_原データ!$C$5:$C$200,速報_原データ!$A$5:$A$200,$A15,速報_原データ!$B$5:$B$200,C$3)/100,IF(COUNTIFS(速報_原データ!$A$5:$A$200,EDATE($A15,12),速報_原データ!$B$5:$B$200,C$3)>0,SUMIFS(速報_原データ!$C$5:$C$200,速報_原データ!$A$5:$A$200,EDATE($A15,12),速報_原データ!$B$5:$B$200,C$3)/100/(1+SUMIFS(速報_原データ!$D$5:$D$200,速報_原データ!$A$5:$A$200,EDATE($A15,12),速報_原データ!$B$5:$B$200,C$3)/100),IF(COUNTIFS(速報_原データ!$I$6:$I$9,EDATE($A15,12),速報_原データ!$J$6:$J$9,C$3)>0,C27/(1+SUMIFS(速報_原データ!$K$6:$K$9,速報_原データ!$I$6:$I$9,EDATE($A15,12),速報_原データ!$J$6:$J$9,C$3)/100),AVERAGE(C14,C16)))) -> 2612.649 | D15: =IF(COUNTIFS(速報_原データ!$A$5:$A$200,$A15,速報_原データ!$B$5:$B$200,D$3)>0,SUMIFS(速報_原データ!$C$5:$C$200,速報_原データ!$A$5:$A$200,$A15,速報_原データ!$B$5:$B$200,D$3)/100,IF(COUNTIFS(速報_原データ!$A$5:$A$200,EDATE($A15,12),速報_原データ!$B$5:$B$200,D$3)>0,SUMIFS(速報_原データ!$C$5:$C$200,速報_原データ!$A$5:$A$200,EDATE($A15,12),速報_原データ!$B$5:$B$200,D$3)/100/(1+SUMIFS(速報_原データ!$D$5:$D$200,速報_原データ!$A$5:$A$200,EDATE($A15,12),速報_原データ!$B$5:$B$200,D$3)/100),IF(COUNTIFS(速報_原データ!$I$6:$I$9,EDATE($A15,12),速報_原データ!$J$6:$J$9,D$3)>0,D27/(1+SUMIFS(速報_原データ!$K$6:$K$9,速報_原データ!$I$6:$I$9,EDATE($A15,12),速報_原データ!$J$6:$J$9,D$3)/100),AVERAGE(D14,D16)))) -> 1655.8343 | E15: =IF(COUNTIFS(速報_原データ!$A$5:$A$200,$A15,速報_原データ!$B$5:$B$200,E$3)>0,SUMIFS(速報_原データ!$C$5:$C$200,速報_原データ!$A$5:$A$200,$A15,速報_原データ!$B$5:$B$200,E$3)/100,IF(COUNTIFS(速報_原データ!$A$5:$A$200,EDATE($A15,12),速報_原データ!$B$5:$B$200,E$3)>0,SUMIFS(速報_原データ!$C$5:$C$200,速報_原データ!$A$5:$A$200,EDATE($A15,12),速報_原データ!$B$5:$B$200,E$3)/100/(1+SUMIFS(速報_原データ!$D$5:$D$200,速報_原データ!$A$5:$A$200,EDATE($A15,12),速報_原データ!$B$5:$B$200,E$3)/100),IF(COUNTIFS(速報_原データ!$I$6:$I$9,EDATE($A15,12),速報_原データ!$J$6:$J$9,E$3)>0,E27/(1+SUMIFS(速報_原データ!$K$6:$K$9,速報_原データ!$I$6:$I$9,EDATE($A15,12),速報_原データ!$J$6:$J$9,E$3)/100),AVERAGE(E14,E16)))) -> 487.67629 | F15: =IF(COUNTIFS(速報_原データ!$A$5:$A$200,$A15,速報_原データ!$B$5:$B$200,F$3)>0,SUMIFS(速報_原データ!$C$5:$C$200,速報_原データ!$A$5:$A$200,$A15,速報_原データ!$B$5:$B$200,F$3)/100,IF(COUNTIFS(速報_原データ!$A$5:$A$200,EDATE($A15,12),速報_原データ!$B$5:$B$200,F$3)>0,SUMIFS(速報_原データ!$C$5:$C$200,速報_原データ!$A$5:$A$200,EDATE($A15,12),速報_原データ!$B$5:$B$200,F$3)/100/(1+SUMIFS(速報_原データ!$D$5:$D$200,速報_原データ!$A$5:$A$200,EDATE($A15,12),速報_原データ!$B$5:$B$200,F$3)/100),IF(COUNTIFS(速報_原データ!$I$6:$I$9,EDATE($A15,12),速報_原データ!$J$6:$J$9,F$3)>0,F27/(1+SUMIFS(速報_原データ!$K$6:$K$9,速報_原データ!$I$6:$I$9,EDATE($A15,12),速報_原データ!$J$6:$J$9,F$3)/100),AVERAGE(F14,F16)))) -> 360.67278 | G15: =IF(COUNTIFS(速報_原データ!$A$5:$A$200,$A15,速報_原データ!$B$5:$B$200,G$3)>0,SUMIFS(速報_原データ!$C$5:$C$200,速報_原データ!$A$5:$A$200,$A15,速報_原データ!$B$5:$B$200,G$3)/100,IF(COUNTIFS(速報_原データ!$A$5:$A$200,EDATE($A15,12),速報_原データ!$B$5:$B$200,G$3)>0,SUMIFS(速報_原データ!$C$5:$C$200,速報_原データ!$A$5:$A$200,EDATE($A15,12),速報_原データ!$B$5:$B$200,G$3)/100/(1+SUMIFS(速報_原データ!$D$5:$D$200,速報_原データ!$A$5:$A$200,EDATE($A15,12),速報_原データ!$B$5:$B$200,G$3)/100),IF(COUNTIFS(速報_原データ!$I$6:$I$9,EDATE($A15,12),速報_原データ!$J$6:$J$9,G$3)>0,G27/(1+SUMIFS(速報_原データ!$K$6:$K$9,速報_原データ!$I$6:$I$9,EDATE($A15,12),速報_原データ!$J$6:$J$9,G$3)/100),AVERAGE(G14,G16)))) -> 126.60848 | H15: =IF(COUNTIFS(速報_原データ!$A$5:$A$200,$A15,速報_原データ!$B$5:$B$200,H$3)>0,SUMIFS(速報_原データ!$C$5:$C$200,速報_原データ!$A$5:$A$200,$A15,速報_原データ!$B$5:$B$200,H$3)/100,IF(COUNTIFS(速報_原データ!$A$5:$A$200,EDATE($A15,12),速報_原データ!$B$5:$B$200,H$3)>0,SUMIFS(速報_原データ!$C$5:$C$200,速報_原データ!$A$5:$A$200,EDATE($A15,12),速報_原データ!$B$5:$B$200,H$3)/100/(1+SUMIFS(速報_原データ!$D$5:$D$200,速報_原データ!$A$5:$A$200,EDATE($A15,12),速報_原データ!$B$5:$B$200,H$3)/100),IF(COUNTIFS(速報_原データ!$I$6:$I$9,EDATE($A15,12),速報_原データ!$J$6:$J$9,H$3)>0,H27/(1+SUMIFS(速報_原データ!$K$6:$K$9,速報_原データ!$I$6:$I$9,EDATE($A15,12),速報_原データ!$J$6:$J$9,H$3)/100),AVERAGE(H14,H16)))) -> 148.75491 | I15: =B15-D15 -> 1448.5632 | J15: =C15-D15-E15-H15 -> 320.38353 | K15: 翌年同月速報の前年比から逆算
A16: 45352 | B16: =IF(COUNTIFS(速報_原データ!$A$5:$A$200,$A16,速報_原データ!$B$5:$B$200,B$3)>0,SUMIFS(速報_原データ!$C$5:$C$200,速報_原データ!$A$5:$A$200,$A16,速報_原データ!$B$5:$B$200,B$3)/100,IF(COUNTIFS(速報_原データ!$A$5:$A$200,EDATE($A16,12),速報_原データ!$B$5:$B$200,B$3)>0,SUMIFS(速報_原データ!$C$5:$C$200,速報_原データ!$A$5:$A$200,EDATE($A16,12),速報_原データ!$B$5:$B$200,B$3)/100/(1+SUMIFS(速報_原データ!$D$5:$D$200,速報_原データ!$A$5:$A$200,EDATE($A16,12),速報_原データ!$B$5:$B$200,B$3)/100),IF(COUNTIFS(速報_原データ!$I$6:$I$9,EDATE($A16,12),速報_原データ!$J$6:$J$9,B$3)>0,B28/(1+SUMIFS(速報_原データ!$K$6:$K$9,速報_原データ!$I$6:$I$9,EDATE($A16,12),速報_原データ!$J$6:$J$9,B$3)/100),AVERAGE(B15,B17)))) -> 4349.2147 | C16: =IF(COUNTIFS(速報_原データ!$A$5:$A$200,$A16,速報_原データ!$B$5:$B$200,C$3)>0,SUMIFS(速報_原データ!$C$5:$C$200,速報_原データ!$A$5:$A$200,$A16,速報_原データ!$B$5:$B$200,C$3)/100,IF(COUNTIFS(速報_原データ!$A$5:$A$200,EDATE($A16,12),速報_原データ!$B$5:$B$200,C$3)>0,SUMIFS(速報_原データ!$C$5:$C$200,速報_原データ!$A$5:$A$200,EDATE($A16,12),速報_原データ!$B$5:$B$200,C$3)/100/(1+SUMIFS(速報_原データ!$D$5:$D$200,速報_原データ!$A$5:$A$200,EDATE($A16,12),速報_原データ!$B$5:$B$200,C$3)/100),IF(COUNTIFS(速報_原データ!$I$6:$I$9,EDATE($A16,12),速報_原データ!$J$6:$J$9,C$3)>0,C28/(1+SUMIFS(速報_原データ!$K$6:$K$9,速報_原データ!$I$6:$I$9,EDATE($A16,12),速報_原データ!$J$6:$J$9,C$3)/100),AVERAGE(C15,C17)))) -> 3731.9686 | D16: =IF(COUNTIFS(速報_原データ!$A$5:$A$200,$A16,速報_原データ!$B$5:$B$200,D$3)>0,SUMIFS(速報_原データ!$C$5:$C$200,速報_原データ!$A$5:$A$200,$A16,速報_原データ!$B$5:$B$200,D$3)/100,IF(COUNTIFS(速報_原データ!$A$5:$A$200,EDATE($A16,12),速報_原データ!$B$5:$B$200,D$3)>0,SUMIFS(速報_原データ!$C$5:$C$200,速報_原データ!$A$5:$A$200,EDATE($A16,12),速報_原データ!$B$5:$B$200,D$3)/100/(1+SUMIFS(速報_原データ!$D$5:$D$200,速報_原データ!$A$5:$A$200,EDATE($A16,12),速報_原データ!$B$5:$B$200,D$3)/100),IF(COUNTIFS(速報_原データ!$I$6:$I$9,EDATE($A16,12),速報_原データ!$J$6:$J$9,D$3)>0,D28/(1+SUMIFS(速報_原データ!$K$6:$K$9,速報_原データ!$I$6:$I$9,EDATE($A16,12),速報_原データ!$J$6:$J$9,D$3)/100),AVERAGE(D15,D17)))) -> 2315.7701 | E16: =IF(COUNTIFS(速報_原データ!$A$5:$A$200,$A16,速報_原データ!$B$5:$B$200,E$3)>0,SUMIFS(速報_原データ!$C$5:$C$200,速報_原データ!$A$5:$A$200,$A16,速報_原データ!$B$5:$B$200,E$3)/100,IF(COUNTIFS(速報_原データ!$A$5:$A$200,EDATE($A16,12),速報_原データ!$B$5:$B$200,E$3)>0,SUMIFS(速報_原データ!$C$5:$C$200,速報_原データ!$A$5:$A$200,EDATE($A16,12),速報_原データ!$B$5:$B$200,E$3)/100/(1+SUMIFS(速報_原データ!$D$5:$D$200,速報_原データ!$A$5:$A$200,EDATE($A16,12),速報_原データ!$B$5:$B$200,E$3)/100),IF(COUNTIFS(速報_原データ!$I$6:$I$9,EDATE($A16,12),速報_原データ!$J$6:$J$9,E$3)>0,E28/(1+SUMIFS(速報_原データ!$K$6:$K$9,速報_原データ!$I$6:$I$9,EDATE($A16,12),速報_原データ!$J$6:$J$9,E$3)/100),AVERAGE(E15,E17)))) -> 603.34139 | F16: =IF(COUNTIFS(速報_原データ!$A$5:$A$200,$A16,速報_原データ!$B$5:$B$200,F$3)>0,SUMIFS(速報_原データ!$C$5:$C$200,速報_原データ!$A$5:$A$200,$A16,速報_原データ!$B$5:$B$200,F$3)/100,IF(COUNTIFS(速報_原データ!$A$5:$A$200,EDATE($A16,12),速報_原データ!$B$5:$B$200,F$3)>0,SUMIFS(速報_原データ!$C$5:$C$200,速報_原データ!$A$5:$A$200,EDATE($A16,12),速報_原データ!$B$5:$B$200,F$3)/100/(1+SUMIFS(速報_原データ!$D$5:$D$200,速報_原データ!$A$5:$A$200,EDATE($A16,12),速報_原データ!$B$5:$B$200,F$3)/100),IF(COUNTIFS(速報_原データ!$I$6:$I$9,EDATE($A16,12),速報_原データ!$J$6:$J$9,F$3)>0,F28/(1+SUMIFS(速報_原データ!$K$6:$K$9,速報_原データ!$I$6:$I$9,EDATE($A16,12),速報_原データ!$J$6:$J$9,F$3)/100),AVERAGE(F15,F17)))) -> 463.94366 | G16: =IF(COUNTIFS(速報_原データ!$A$5:$A$200,$A16,速報_原データ!$B$5:$B$200,G$3)>0,SUMIFS(速報_原データ!$C$5:$C$200,速報_原データ!$A$5:$A$200,$A16,速報_原データ!$B$5:$B$200,G$3)/100,IF(COUNTIFS(速報_原データ!$A$5:$A$200,EDATE($A16,12),速報_原データ!$B$5:$B$200,G$3)>0,SUMIFS(速報_原データ!$C$5:$C$200,速報_原データ!$A$5:$A$200,EDATE($A16,12),速報_原データ!$B$5:$B$200,G$3)/100/(1+SUMIFS(速報_原データ!$D$5:$D$200,速報_原データ!$A$5:$A$200,EDATE($A16,12),速報_原データ!$B$5:$B$200,G$3)/100),IF(COUNTIFS(速報_原データ!$I$6:$I$9,EDATE($A16,12),速報_原データ!$J$6:$J$9,G$3)>0,G28/(1+SUMIFS(速報_原データ!$K$6:$K$9,速報_原データ!$I$6:$I$9,EDATE($A16,12),速報_原データ!$J$6:$J$9,G$3)/100),AVERAGE(G15,G17)))) -> 145.26485 | H16: =IF(COUNTIFS(速報_原データ!$A$5:$A$200,$A16,速報_原データ!$B$5:$B$200,H$3)>0,SUMIFS(速報_原データ!$C$5:$C$200,速報_原データ!$A$5:$A$200,$A16,速報_原データ!$B$5:$B$200,H$3)/100,IF(COUNTIFS(速報_原データ!$A$5:$A$200,EDATE($A16,12),速報_原データ!$B$5:$B$200,H$3)>0,SUMIFS(速報_原データ!$C$5:$C$200,速報_原データ!$A$5:$A$200,EDATE($A16,12),速報_原データ!$B$5:$B$200,H$3)/100/(1+SUMIFS(速報_原データ!$D$5:$D$200,速報_原データ!$A$5:$A$200,EDATE($A16,12),速報_原データ!$B$5:$B$200,H$3)/100),IF(COUNTIFS(速報_原データ!$I$6:$I$9,EDATE($A16,12),速報_原データ!$J$6:$J$9,H$3)>0,H28/(1+SUMIFS(速報_原データ!$K$6:$K$9,速報_原データ!$I$6:$I$9,EDATE($A16,12),速報_原データ!$J$6:$J$9,H$3)/100),AVERAGE(H15,H17)))) -> 191.92568 | I16: =B16-D16 -> 2033.4446 | J16: =C16-D16-E16-H16 -> 620.93141 | K16: 翌年同月速報の前年比から逆算
... A45: 46235 | B45: =IF(COUNTIFS(速報_原データ!$A$5:$A$200,$A45,速報_原データ!$B$5:$B$200,B$3)>0,SUMIFS(速報_原データ!$C$5:$C$200,速報_原データ!$A$5:$A$200,$A45,速報_原データ!$B$5:$B$200,B$3)/100,IF(COUNTIFS(速報_原データ!$A$5:$A$200,EDATE($A45,12),速報_原データ!$B$5:$B$200,B$3)>0,SUMIFS(速報_原データ!$C$5:$C$200,速報_原データ!$A$5:$A$200,EDATE($A45,12),速報_原データ!$B$5:$B$200,B$3)/100/(1+SUMIFS(速報_原データ!$D$5:$D$200,速報_原データ!$A$5:$A$200,EDATE($A45,12),速報_原データ!$B$5:$B$200,B$3)/100),IF(COUNTIFS(速報_原データ!$I$6:$I$9,EDATE($A45,12),速報_原データ!$J$6:$J$9,B$3)>0,B57/(1+SUMIFS(速報_原データ!$K$6:$K$9,速報_原データ!$I$6:$I$9,EDATE($A45,12),速報_原データ!$J$6:$J$9,B$3)/100),AVERAGE(B44,B46)))) -> 4897.64 | C45: =IF(COUNTIFS(速報_原データ!$A$5:$A$200,$A45,速報_原データ!$B$5:$B$200,C$3)>0,SUMIFS(速報_原データ!$C$5:$C$200,速報_原データ!$A$5:$A$200,$A45,速報_原データ!$B$5:$B$200,C$3)/100,IF(COUNTIFS(速報_原データ!$A$5:$A$200,EDATE($A45,12),速報_原データ!$B$5:$B$200,C$3)>0,SUMIFS(速報_原データ!$C$5:$C$200,速報_原データ!$A$5:$A$200,EDATE($A45,12),速報_原データ!$B$5:$B$200,C$3)/100/(1+SUMIFS(速報_原データ!$D$5:$D$200,速報_原データ!$A$5:$A$200,EDATE($A45,12),速報_原データ!$B$5:$B$200,C$3)/100),IF(COUNTIFS(速報_原データ!$I$6:$I$9,EDATE($A45,12),速報_原データ!$J$6:$J$9,C$3)>0,C57/(1+SUMIFS(速報_原データ!$K$6:$K$9,速報_原データ!$I$6:$I$9,EDATE($A45,12),速報_原データ!$J$6:$J$9,C$3)/100),AVERAGE(C44,C46)))) -> 4241.08 | D45: =IF(COUNTIFS(速報_原データ!$A$5:$A$200,$A45,速報_原データ!$B$5:$B$200,D$3)>0,SUMIFS(速報_原データ!$C$5:$C$200,速報_原データ!$A$5:$A$200,$A45,速報_原データ!$B$5:$B$200,D$3)/100,IF(COUNTIFS(速報_原データ!$A$5:$A$200,EDATE($A45,12),速報_原データ!$B$5:$B$200,D$3)>0,SUMIFS(速報_原データ!$C$5:$C$200,速報_原データ!$A$5:$A$200,EDATE($A45,12),速報_原データ!$B$5:$B$200,D$3)/100/(1+SUMIFS(速報_原データ!$D$5:$D$200,速報_原データ!$A$5:$A$200,EDATE($A45,12),速報_原データ!$B$5:$B$200,D$3)/100),IF(COUNTIFS(速報_原データ!$I$6:$I$9,EDATE($A45,12),速報_原データ!$J$6:$J$9,D$3)>0,D57/(1+SUMIFS(速報_原データ!$K$6:$K$9,速報_原データ!$I$6:$I$9,EDATE($A45,12),速報_原データ!$J$6:$J$9,D$3)/100),AVERAGE(D44,D46)))) -> 1947.91 | E45: =IF(COUNTIFS(速報_原データ!$A$5:$A$200,$A45,速報_原データ!$B$5:$B$200,E$3)>0,SUMIFS(速報_原データ!$C$5:$C$200,速報_原データ!$A$5:$A$200,$A45,速報_原データ!$B$5:$B$200,E$3)/100,IF(COUNTIFS(速報_原データ!$A$5:$A$200,EDATE($A45,12),速報_原データ!$B$5:$B$200,E$3)>0,SUMIFS(速報_原データ!$C$5:$C$200,速報_原データ!$A$5:$A$200,EDATE($A45,12),速報_原データ!$B$5:$B$200,E$3)/100/(1+SUMIFS(速報_原データ!$D$5:$D$200,速報_原データ!$A$5:$A$200,EDATE($A45,12),速報_原データ!$B$5:$B$200,E$3)/100),IF(COUNTIFS(速報_原データ!$I$6:$I$9,EDATE($A45,12),速報_原データ!$J$6:$J$9,E$3)>0,E57/(1+SUMIFS(速報_原データ!$K$6:$K$9,速報_原データ!$I$6:$I$9,EDATE($A45,12),速報_原データ!$J$6:$J$9,E$3)/100),AVERAGE(E44,E46)))) -> 850.51 | F45: =IF(COUNTIFS(速報_原データ!$A$5:$A$200,$A45,速報_原データ!$B$5:$B$200,F$3)>0,SUMIFS(速報_原データ!$C$5:$C$200,速報_原データ!$A$5:$A$200,$A45,速報_原データ!$B$5:$B$200,F$3)/100,IF(COUNTIFS(速報_原データ!$A$5:$A$200,EDATE($A45,12),速報_原データ!$B$5:$B$200,F$3)>0,SUMIFS(速報_原データ!$C$5:$C$200,速報_原データ!$A$5:$A$200,EDATE($A45,12),速報_原データ!$B$5:$B$200,F$3)/100/(1+SUMIFS(速報_原データ!$D$5:$D$200,速報_原データ!$A$5:$A$200,EDATE($A45,12),速報_原データ!$B$5:$B$200,F$3)/100),IF(COUNTIFS(速報_原データ!$I$6:$I$9,EDATE($A45,12),速報_原データ!$J$6:$J$9,F$3)>0,F57/(1+SUMIFS(速報_原データ!$K$6:$K$9,速報_原データ!$I$6:$I$9,EDATE($A45,12),速報_原データ!$J$6:$J$9,F$3)/100),AVERAGE(F44,F46)))) -> 484.94 | G45: =IF(COUNTIFS(速報_原データ!$A$5:$A$200,$A45,速報_原データ!$B$5:$B$200,G$3)>0,SUMIFS(速報_原データ!$C$5:$C$200,速報_原データ!$A$5:$A$200,$A45,速報_原データ!$B$5:$B$200,G$3)/100,IF(COUNTIFS(速報_原データ!$A$5:$A$200,EDATE($A45,12),速報_原データ!$B$5:$B$200,G$3)>0,SUMIFS(速報_原データ!$C$5:$C$200,速報_原データ!$A$5:$A$200,EDATE($A45,12),速報_原データ!$B$5:$B$200,G$3)/100/(1+SUMIFS(速報_原データ!$D$5:$D$200,速報_原データ!$A$5:$A$200,EDATE($A45,12),速報_原データ!$B$5:$B$200,G$3)/100),IF(COUNTIFS(速報_原データ!$I$6:$I$9,EDATE($A45,12),速報_原データ!$J$6:$J$9,G$3)>0,G57/(1+SUMIFS(速報_原データ!$K$6:$K$9,速報_原データ!$I$6:$I$9,EDATE($A45,12),速報_原データ!$J$6:$J$9,G$3)/100),AVERAGE(G44,G46)))) -> 135.5 | H45: =IF(COUNTIFS(速報_原データ!$A$5:$A$200,$A45,速報_原データ!$B$5:$B$200,H$3)>0,SUMIFS(速報_原データ!$C$5:$C$200,速報_原データ!$A$5:$A$200,$A45,速報_原データ!$B$5:$B$200,H$3)/100,IF(COUNTIFS(速報_原データ!$A$5:$A$200,EDATE($A45,12),速報_原データ!$B$5:$B$200,H$3)>0,SUMIFS(速報_原データ!$C$5:$C$200,速報_原データ!$A$5:$A$200,EDATE($A45,12),速報_原データ!$B$5:$B$200,H$3)/100/(1+SUMIFS(速報_原データ!$D$5:$D$200,速報_原データ!$A$5:$A$200,EDATE($A45,12),速報_原データ!$B$5:$B$200,H$3)/100),IF(COUNTIFS(速報_原データ!$I$6:$I$9,EDATE($A45,12),速報_原データ!$J$6:$J$9,H$3)>0,H57/(1+SUMIFS(速報_原データ!$K$6:$K$9,速報_原データ!$I$6:$I$9,EDATE($A45,12),速報_原データ!$J$6:$J$9,H$3)/100),AVERAGE(H44,H46)))) -> 356.47 | I45: =B45-D45 -> 2949.73 | J45: =C45-D45-E45-H45 -> 1086.19 | K45: 当月速報

Sheet KOKUSAI_四半期
A1: KOKUSAI ELECTRIC（6525）四半期売上収益（億円）
A2: 青字＝決算説明資料からの転記。27/3期から装置・サービスの区分基準が変更されたため、1Qの内訳は空欄。
A4: 四半期 | B4: 期間 | C4: 期末月 | D4: 売上収益 | E4: 装置（旧基準） | F4: サービス（旧基準） | G4: 中国地場比率 | H4: 中国地場売上 | I4: グローバル売上
A5: 24/3期 1Q | B5: 2023年4-6月 | C5: 45078 | D5: 327 | E5: 185 | F5: 142 | G5: 0.29 | H5: =D5*G5 -> 94.83 | I5: =D5-H5 -> 232.17
A6: 24/3期 2Q | B6: 2023年7-9月 | C6: 45170 | D6: 450 | E6: 262 | F6: 188 | G6: 0.49 | H6: =D6*G6 -> 220.5 | I6: =D6-H6 -> 229.5
A7: 24/3期 3Q | B7: 2023年10-12月 | C7: 45261 | D7: 540 | E7: 375 | F7: 164 | G7: 0.45 | H7: =D7*G7 -> 243 | I7: =D7-H7 -> 297
A8: 24/3期 4Q | B8: 2024年1-3月 | C8: 45352 | D8: 492 | E8: 361 | F8: 131 | G8: 0.5 | H8: =D8*G8 -> 246 | I8: =D8-H8 -> 246
A9: 25/3期 1Q | B9: 2024年4-6月 | C9: 45444 | D9: 652 | E9: 439 | F9: 214 | G9: 0.5 | H9: =D9*G9 -> 326 | I9: =D9-H9 -> 326
A10: 25/3期 2Q | B10: 2024年7-9月 | C10: 45536 | D10: 493 | E10: 315 | F10: 179 | G10: 0.44 | H10: =D10*G10 -> 216.92 | I10: =D10-H10 -> 276.08
A11: 25/3期 3Q | B11: 2024年10-12月 | C11: 45627 | D11: 601 | E11: 420 | F11: 182 | G11: 0.4 | H11: =D11*G11 -> 240.4 | I11: =D11-H11 -> 360.6
A12: 25/3期 4Q | B12: 2025年1-3月 | C12: 45717 | D12: 643 | E12: 470 | F12: 173 | G12: 0.41 | H12: =D12*G12 -> 263.63 | I12: =D12-H12 -> 379.37
A13: 26/3期 1Q | B13: 2025年4-6月 | C13: 45809 | D13: 518 | E13: 317 | F13: 201 | G13: 0.38 | H13: =D13*G13 -> 196.84 | I13: =D13-H13 -> 321.16
A14: 26/3期 2Q | B14: 2025年7-9月 | C14: 45901 | D14: 654 | E14: 416 | F14: 239 | G14: 0.44 | H14: =D14*G14 -> 287.76 | I14: =D14-H14 -> 366.24
A15: 26/3期 3Q | B15: 2025年10-12月 | C15: 45992 | D15: 559 | E15: 313 | F15: 246 | G15: 0.31 | H15: =D15*G15 -> 173.29 | I15: =D15-H15 -> 385.71
A16: 26/3期 4Q | B16: 2026年1-3月 | C16: 46082 | D16: 620 | E16: 355 | F16: 266 | G16: 0.26 | H16: =D16*G16 -> 161.2 | I16: =D16-H16 -> 458.8
A17: 27/3期 1Q | B17: 2026年4-6月 | C17: 46174 | D17: 754 | G17: 0.25 | H17: =D17*G17 -> 188.5 | I17: =D17-H17 -> 565.5
A19: 出所: 24/3期〜25/3期は25/3期決算説明資料、26/3期は26/3期決算説明資料、27/3期1Qは決算報道（売上754億円、中国地場25％）。
A20: 中国地場比率は会社開示の四半期比率を全社売上に掛けて金額化した近似（比率の母数が装置売上である場合は過大）。

Sheet 四半期集計
A1: 四半期ごとの輸出額（億円）— 期末月からkか月ずらした3か月合計
A2: k＝輸出（通関）が売上計上に先行する月数。k=1なら、7-9月期に6-8月の輸出を対応させる。
D3: k = | E3: 0 | F3: （k=0：同じ3か月） | I3: k = | J3: 1 | K3: （k=1：1か月先行）
A4: 四半期 | B4: 期末月 | C4: 売上収益 | D4: 世界 | E4: 中国 | F4: 中国以外 | G4: 韓国 | H4: 実質シェア | I4: 世界 | J4: 中国 | K4: 中国以外 | L4: 韓国 | M4: 実質シェア
A6: 24/3期 1Q | B6: =KOKUSAI_四半期!C5 -> 45078 | C6: =KOKUSAI_四半期!D5 -> 327 | D6: =IF(COUNTIFS(貿易_月次!$A$5:$A$45,">="&EDATE($B6,-2-$E$3),貿易_月次!$A$5:$A$45,"<="&EDATE($B6,-$E$3))=3,SUMIFS(貿易_月次!$B$5:$B$45,貿易_月次!$A$5:$A$45,">="&EDATE($B6,-2-$E$3),貿易_月次!$A$5:$A$45,"<="&EDATE($B6,-$E$3)),"") -> 8184.9395 | E6: =IF(COUNTIFS(貿易_月次!$A$5:$A$45,">="&EDATE($B6,-2-$E$3),貿易_月次!$A$5:$A$45,"<="&EDATE($B6,-$E$3))=3,SUMIFS(貿易_月次!$D$5:$D$45,貿易_月次!$A$5:$A$45,">="&EDATE($B6,-2-$E$3),貿易_月次!$A$5:$A$45,"<="&EDATE($B6,-$E$3)),"") -> 3087.3402 | F6: =IF(COUNTIFS(貿易_月次!$A$5:$A$45,">="&EDATE($B6,-2-$E$3),貿易_月次!$A$5:$A$45,"<="&EDATE($B6,-$E$3))=3,SUMIFS(貿易_月次!$I$5:$I$45,貿易_月次!$A$5:$A$45,">="&EDATE($B6,-2-$E$3),貿易_月次!$A$5:$A$45,"<="&EDATE($B6,-$E$3)),"") -> 5097.5993 | G6: =IF(COUNTIFS(貿易_月次!$A$5:$A$45,">="&EDATE($B6,-2-$E$3),貿易_月次!$A$5:$A$45,"<="&EDATE($B6,-$E$3))=3,SUMIFS(貿易_月次!$E$5:$E$45,貿易_月次!$A$5:$A$45,">="&EDATE($B6,-2-$E$3),貿易_月次!$A$5:$A$45,"<="&EDATE($B6,-$E$3)),"") -> 1436.5991 | H6: =IF(AND(ISNUMBER(C6),ISNUMBER(D6)),C6/D6,"") -> 0.039951425 | I6: =IF(COUNTIFS(貿易_月次!$A$5:$A$45,">="&EDATE($B6,-2-$J$3),貿易_月次!$A$5:$A$45,"<="&EDATE($B6,-$J$3))=3,SUMIFS(貿易_月次!$B$5:$B$45,貿易_月次!$A$5:$A$45,">="&EDATE($B6,-2-$J$3),貿易_月次!$A$5:$A$45,"<="&EDATE($B6,-$J$3)),"") | J6: =IF(COUNTIFS(貿易_月次!$A$5:$A$45,">="&EDATE($B6,-2-$J$3),貿易_月次!$A$5:$A$45,"<="&EDATE($B6,-$J$3))=3,SUMIFS(貿易_月次!$D$5:$D$45,貿易_月次!$A$5:$A$45,">="&EDATE($B6,-2-$J$3),貿易_月次!$A$5:$A$45,"<="&EDATE($B6,-$J$3)),"") | K6: =IF(COUNTIFS(貿易_月次!$A$5:$A$45,">="&EDATE($B6,-2-$J$3),貿易_月次!$A$5:$A$45,"<="&EDATE($B6,-$J$3))=3,SUMIFS(貿易_月次!$I$5:$I$45,貿易_月次!$A$5:$A$45,">="&EDATE($B6,-2-$J$3),貿易_月次!$A$5:$A$45,"<="&EDATE($B6,-$J$3)),"") | L6: =IF(COUNTIFS(貿易_月次!$A$5:$A$45,">="&EDATE($B6,-2-$J$3),貿易_月次!$A$5:$A$45,"<="&EDATE($B6,-$J$3))=3,SUMIFS(貿易_月次!$E$5:$E$45,貿易_月次!$A$5:$A$45,">="&EDATE($B6,-2-$J$3),貿易_月次!$A$5:$A$45,"<="&EDATE($B6,-$J$3)),"") | M6: =IF(AND(ISNUMBER(C6),ISNUMBER(I6)),C6/I6,"")
A7: 24/3期 2Q | B7: =KOKUSAI_四半期!C6 -> 45170 | C7: =KOKUSAI_四半期!D6 -> 450 | D7: =IF(COUNTIFS(貿易_月次!$A$5:$A$45,">="&EDATE($B7,-2-$E$3),貿易_月次!$A$5:$A$45,"<="&EDATE($B7,-$E$3))=3,SUMIFS(貿易_月次!$B$5:$B$45,貿易_月次!$A$5:$A$45,">="&EDATE($B7,-2-$E$3),貿易_月次!$A$5:$A$45,"<="&EDATE($B7,-$E$3)),"") -> 8236.8411 | E7: =IF(COUNTIFS(貿易_月次!$A$5:$A$45,">="&EDATE($B7,-2-$E$3),貿易_月次!$A$5:$A$45,"<="&EDATE($B7,-$E$3))=3,SUMIFS(貿易_月次!$D$5:$D$45,貿易_月次!$A$5:$A$45,">="&EDATE($B7,-2-$E$3),貿易_月次!$A$5:$A$45,"<="&EDATE($B7,-$E$3)),"") -> 4185.4136 | F7: =IF(COUNTIFS(貿易_月次!$A$5:$A$45,">="&EDATE($B7,-2-$E$3),貿易_月次!$A$5:$A$45,"<="&EDATE($B7,-$E$3))=3,SUMIFS(貿易_月次!$I$5:$I$45,貿易_月次!$A$5:$A$45,">="&EDATE($B7,-2-$E$3),貿易_月次!$A$5:$A$45,"<="&EDATE($B7,-$E$3)),"") -> 4051.4275 | G7: =IF(COUNTIFS(貿易_月次!$A$5:$A$45,">="&EDATE($B7,-2-$E$3),貿易_月次!$A$5:$A$45,"<="&EDATE($B7,-$E$3))=3,SUMIFS(貿易_月次!$E$5:$E$45,貿易_月次!$A$5:$A$45,">="&EDATE($B7,-2-$E$3),貿易_月次!$A$5:$A$45,"<="&EDATE($B7,-$E$3)),"") -> 1177.5128 | H7: =IF(AND(ISNUMBER(C7),ISNUMBER(D7)),C7/D7,"") -> 0.054632595 | I7: =IF(COUNTIFS(貿易_月次!$A$5:$A$45,">="&EDATE($B7,-2-$J$3),貿易_月次!$A$5:$A$45,"<="&EDATE($B7,-$J$3))=3,SUMIFS(貿易_月次!$B$5:$B$45,貿易_月次!$A$5:$A$45,">="&EDATE($B7,-2-$J$3),貿易_月次!$A$5:$A$45,"<="&EDATE($B7,-$J$3)),"") -> 7973.4192 | J7: =IF(COUNTIFS(貿易_月次!$A$5:$A$45,">="&EDATE($B7,-2-$J$3),貿易_月次!$A$5:$A$45,"<="&EDATE($B7,-$J$3))=3,SUMIFS(貿易_月次!$D$5:$D$45,貿易_月次!$A$5:$A$45,">="&EDATE($B7,-2-$J$3),貿易_月次!$A$5:$A$45,"<="&EDATE($B7,-$J$3)),"") -> 3822.5961 | K7: =IF(COUNTIFS(貿易_月次!$A$5:$A$45,">="&EDATE($B7,-2-$J$3),貿易_月次!$A$5:$A$45,"<="&EDATE($B7,-$J$3))=3,SUMIFS(貿易_月次!$I$5:$I$45,貿易_月次!$A$5:$A$45,">="&EDATE($B7,-2-$J$3),貿易_月次!$A$5:$A$45,"<="&EDATE($B7,-$J$3)),"") -> 4150.8232 | L7: =IF(COUNTIFS(貿易_月次!$A$5:$A$45,">="&EDATE($B7,-2-$J$3),貿易_月次!$A$5:$A$45,"<="&EDATE($B7,-$J$3))=3,SUMIFS(貿易_月次!$E$5:$E$45,貿易_月次!$A$5:$A$45,">="&EDATE($B7,-2-$J$3),貿易_月次!$A$5:$A$45,"<="&EDATE($B7,-$J$3)),"") -> 1236.1341 | M7: =IF(AND(ISNUMBER(C7),ISNUMBER(I7)),C7/I7,"") -> 0.056437519
A8: 24/3期 3Q | B8: =KOKUSAI_四半期!C7 -> 45261 | C8: =KOKUSAI_四半期!D7 -> 540 | D8: =IF(COUNTIFS(貿易_月次!$A$5:$A$45,">="&EDATE($B8,-2-$E$3),貿易_月次!$A$5:$A$45,"<="&EDATE($B8,-$E$3))=3,SUMIFS(貿易_月次!$B$5:$B$45,貿易_月次!$A$5:$A$45,">="&EDATE($B8,-2-$E$3),貿易_月次!$A$5:$A$45,"<="&EDATE($B8,-$E$3)),"") -> 9763.3206 | E8: =IF(COUNTIFS(貿易_月次!$A$5:$A$45,">="&EDATE($B8,-2-$E$3),貿易_月次!$A$5:$A$45,"<="&EDATE($B8,-$E$3))=3,SUMIFS(貿易_月次!$D$5:$D$45,貿易_月次!$A$5:$A$45,">="&EDATE($B8,-2-$E$3),貿易_月次!$A$5:$A$45,"<="&EDATE($B8,-$E$3)),"") -> 5178.9518 | F8: =IF(COUNTIFS(貿易_月次!$A$5:$A$45,">="&EDATE($B8,-2-$E$3),貿易_月次!$A$5:$A$45,"<="&EDATE($B8,-$E$3))=3,SUMIFS(貿易_月次!$I$5:$I$45,貿易_月次!$A$5:$A$45,">="&EDATE($B8,-2-$E$3),貿易_月次!$A$5:$A$45,"<="&EDATE($B8,-$E$3)),"") -> 4584.3688 | G8: =IF(COUNTIFS(貿易_月次!$A$5:$A$45,">="&EDATE($B8,-2-$E$3),貿易_月次!$A$5:$A$45,"<="&EDATE($B8,-$E$3))=3,SUMIFS(貿易_月次!$E$5:$E$45,貿易_月次!$A$5:$A$45,">="&EDATE($B8,-2-$E$3),貿易_月次!$A$5:$A$45,"<="&EDATE($B8,-$E$3)),"") -> 1149.2897 | H8: =IF(AND(ISNUMBER(C8),ISNUMBER(D8)),C8/D8,"") -> 0.055309051 | I8: =IF(COUNTIFS(貿易_月次!$A$5:$A$45,">="&EDATE($B8,-2-$J$3),貿易_月次!$A$5:$A$45,"<="&EDATE($B8,-$J$3))=3,SUMIFS(貿易_月次!$B$5:$B$45,貿易_月次!$A$5:$A$45,">="&EDATE($B8,-2-$J$3),貿易_月次!$A$5:$A$45,"<="&EDATE($B8,-$J$3)),"") -> 8835.7681 | J8: =IF(COUNTIFS(貿易_月次!$A$5:$A$45,">="&EDATE($B8,-2-$J$3),貿易_月次!$A$5:$A$45,"<="&EDATE($B8,-$J$3))=3,SUMIFS(貿易_月次!$D$5:$D$45,貿易_月次!$A$5:$A$45,">="&EDATE($B8,-2-$J$3),貿易_月次!$A$5:$A$45,"<="&EDATE($B8,-$J$3)),"") -> 4621.5038 | K8: =IF(COUNTIFS(貿易_月次!$A$5:$A$45,">="&EDATE($B8,-2-$J$3),貿易_月次!$A$5:$A$45,"<="&EDATE($B8,-$J$3))=3,SUMIFS(貿易_月次!$I$5:$I$45,貿易_月次!$A$5:$A$45,">="&EDATE($B8,-2-$J$3),貿易_月次!$A$5:$A$45,"<="&EDATE($B8,-$J$3)),"") -> 4214.2643 | L8: =IF(COUNTIFS(貿易_月次!$A$5:$A$45,">="&EDATE($B8,-2-$J$3),貿易_月次!$A$5:$A$45,"<="&EDATE($B8,-$J$3))=3,SUMIFS(貿易_月次!$E$5:$E$45,貿易_月次!$A$5:$A$45,">="&EDATE($B8,-2-$J$3),貿易_月次!$A$5:$A$45,"<="&EDATE($B8,-$J$3)),"") -> 1018.9272 | M8: =IF(AND(ISNUMBER(C8),ISNUMBER(I8)),C8/I8,"") -> 0.06111523
A9: 24/3期 4Q | B9: =KOKUSAI_四半期!C8 -> 45352 | C9: =KOKUSAI_四半期!D8 -> 492 | D9: =IF(COUNTIFS(貿易_月次!$A$5:$A$45,">="&EDATE($B9,-2-$E$3),貿易_月次!$A$5:$A$45,"<="&EDATE($B9,-$E$3))=3,SUMIFS(貿易_月次!$B$5:$B$45,貿易_月次!$A$5:$A$45,">="&EDATE($B9,-2-$E$3),貿易_月次!$A$5:$A$45,"<="&EDATE($B9,-$E$3)),"") -> 10364.937 | E9: =IF(COUNTIFS(貿易_月次!$A$5:$A$45,">="&EDATE($B9,-2-$E$3),貿易_月次!$A$5:$A$45,"<="&EDATE($B9,-$E$3))=3,SUMIFS(貿易_月次!$D$5:$D$45,貿易_月次!$A$5:$A$45,">="&EDATE($B9,-2-$E$3),貿易_月次!$A$5:$A$45,"<="&EDATE($B9,-$E$3)),"") -> 5212.6018 | F9: =IF(COUNTIFS(貿易_月次!$A$5:$A$45,">="&EDATE($B9,-2-$E$3),貿易_月次!$A$5:$A$45,"<="&EDATE($B9,-$E$3))=3,SUMIFS(貿易_月次!$I$5:$I$45,貿易_月次!$A$5:$A$45,">="&EDATE($B9,-2-$E$3),貿易_月次!$A$5:$A$45,"<="&EDATE($B9,-$E$3)),"") -> 5152.3349 | G9: =IF(COUNTIFS(貿易_月次!$A$5:$A$45,">="&EDATE($B9,-2-$E$3),貿易_月次!$A$5:$A$45,"<="&EDATE($B9,-$E$3))=3,SUMIFS(貿易_月次!$E$5:$E$45,貿易_月次!$A$5:$A$45,">="&EDATE($B9,-2-$E$3),貿易_月次!$A$5:$A$45,"<="&EDATE($B9,-$E$3)),"") -> 1689.6212 | H9: =IF(AND(ISNUMBER(C9),ISNUMBER(D9)),C9/D9,"") -> 0.047467728 | I9: =IF(COUNTIFS(貿易_月次!$A$5:$A$45,">="&EDATE($B9,-2-$J$3),貿易_月次!$A$5:$A$45,"<="&EDATE($B9,-$J$3))=3,SUMIFS(貿易_月次!$B$5:$B$45,貿易_月次!$A$5:$A$45,">="&EDATE($B9,-2-$J$3),貿易_月次!$A$5:$A$45,"<="&EDATE($B9,-$J$3)),"") -> 10086.798 | J9: =IF(COUNTIFS(貿易_月次!$A$5:$A$45,">="&EDATE($B9,-2-$J$3),貿易_月次!$A$5:$A$45,"<="&EDATE($B9,-$J$3))=3,SUMIFS(貿易_月次!$D$5:$D$45,貿易_月次!$A$5:$A$45,">="&EDATE($B9,-2-$J$3),貿易_月次!$A$5:$A$45,"<="&EDATE($B9,-$J$3)),"") -> 5120.9835 | K9: =IF(COUNTIFS(貿易_月次!$A$5:$A$45,">="&EDATE($B9,-2-$J$3),貿易_月次!$A$5:$A$45,"<="&EDATE($B9,-$J$3))=3,SUMIFS(貿易_月次!$I$5:$I$45,貿易_月次!$A$5:$A$45,">="&EDATE($B9,-2-$J$3),貿易_月次!$A$5:$A$45,"<="&EDATE($B9,-$J$3)),"") -> 4965.8145 | L9: =IF(COUNTIFS(貿易_月次!$A$5:$A$45,">="&EDATE($B9,-2-$J$3),貿易_月次!$A$5:$A$45,"<="&EDATE($B9,-$J$3))=3,SUMIFS(貿易_月次!$E$5:$E$45,貿易_月次!$A$5:$A$45,">="&EDATE($B9,-2-$J$3),貿易_月次!$A$5:$A$45,"<="&EDATE($B9,-$J$3)),"") -> 1663.1233 | M9: =IF(AND(ISNUMBER(C9),ISNUMBER(I9)),C9/I9,"") -> 0.048776629
A10: 25/3期 1Q | B10: =KOKUSAI_四半期!C9 -> 45444 | C10: =KOKUSAI_四半期!D9 -> 652 | D10: =IF(COUNTIFS(貿易_月次!$A$5:$A$45,">="&EDATE($B10,-2-$E$3),貿易_月次!$A$5:$A$45,"<="&EDATE($B10,-$E$3))=3,SUMIFS(貿易_月次!$B$5:$B$45,貿易_月次!$A$5:$A$45,">="&EDATE($B10,-2-$E$3),貿易_月次!$A$5:$A$45,"<="&EDATE($B10,-$E$3)),"") -> 11188.098 | E10: =IF(COUNTIFS(貿易_月次!$A$5:$A$45,">="&EDATE($B10,-2-$E$3),貿易_月次!$A$5:$A$45,"<="&EDATE($B10,-$E$3))=3,SUMIFS(貿易_月次!$D$5:$D$45,貿易_月次!$A$5:$A$45,">="&EDATE($B10,-2-$E$3),貿易_月次!$A$5:$A$45,"<="&EDATE($B10,-$E$3)),"") -> 5699.0722 | F10: =IF(COUNTIFS(貿易_月次!$A$5:$A$45,">="&EDATE($B10,-2-$E$3),貿易_月次!$A$5:$A$45,"<="&EDATE($B10,-$E$3))=3,SUMIFS(貿易_月次!$I$5:$I$45,貿易_月次!$A$5:$A$45,">="&EDATE($B10,-2-$E$3),貿易_月次!$A$5:$A$45,"<="&EDATE($B10,-$E$3)),"") -> 5489.0256 | G10: =IF(COUNTIFS(貿易_月次!$A$5:$A$45,">="&EDATE($B10,-2-$E$3),貿易_月次!$A$5:$A$45,"<="&EDATE($B10,-$E$3))=3,SUMIFS(貿易_月次!$E$5:$E$45,貿易_月次!$A$5:$A$45,">="&EDATE($B10,-2-$E$3),貿易_月次!$A$5:$A$45,"<="&EDATE($B10,-$E$3)),"") -> 1384.3523 | H10: =IF(AND(ISNUMBER(C10),ISNUMBER(D10)),C10/D10,"") -> 0.058276216 | I10: =IF(COUNTIFS(貿易_月次!$A$5:$A$45,">="&EDATE($B10,-2-$J$3),貿易_月次!$A$5:$A$45,"<="&EDATE($B10,-$J$3))=3,SUMIFS(貿易_月次!$B$5:$B$45,貿易_月次!$A$5:$A$45,">="&EDATE($B10,-2-$J$3),貿易_月次!$A$5:$A$45,"<="&EDATE($B10,-$J$3)),"") -> 11565.652 | J10: =IF(COUNTIFS(貿易_月次!$A$5:$A$45,">="&EDATE($B10,-2-$J$3),貿易_月次!$A$5:$A$45,"<="&EDATE($B10,-$J$3))=3,SUMIFS(貿易_月次!$D$5:$D$45,貿易_月次!$A$5:$A$45,">="&EDATE($B10,-2-$J$3),貿易_月次!$A$5:$A$45,"<="&EDATE($B10,-$J$3)),"") -> 6089.0022 | K10: =IF(COUNTIFS(貿易_月次!$A$5:$A$45,">="&EDATE($B10,-2-$J$3),貿易_月次!$A$5:$A$45,"<="&EDATE($B10,-$J$3))=3,SUMIFS(貿易_月次!$I$5:$I$45,貿易_月次!$A$5:$A$45,">="&EDATE($B10,-2-$J$3),貿易_月次!$A$5:$A$45,"<="&EDATE($B10,-$J$3)),"") -> 5476.6502 | L10: =IF(COUNTIFS(貿易_月次!$A$5:$A$45,">="&EDATE($B10,-2-$J$3),貿易_月次!$A$5:$A$45,"<="&EDATE($B10,-$J$3))=3,SUMIFS(貿易_月次!$E$5:$E$45,貿易_月次!$A$5:$A$45,">="&EDATE($B10,-2-$J$3),貿易_月次!$A$5:$A$45,"<="&EDATE($B10,-$J$3)),"") -> 1444.2037 | M10: =IF(AND(ISNUMBER(C10),ISNUMBER(I10)),C10/I10,"") -> 0.056373819
A11: 25/3期 2Q | B11: =KOKUSAI_四半期!C10 -> 45536 | C11: =KOKUSAI_四半期!D10 -> 493 | D11: =IF(COUNTIFS(貿易_月次!$A$5:$A$45,">="&EDATE($B11,-2-$E$3),貿易_月次!$A$5:$A$45,"<="&EDATE($B11,-$E$3))=3,SUMIFS(貿易_月次!$B$5:$B$45,貿易_月次!$A$5:$A$45,">="&EDATE($B11,-2-$E$3),貿易_月次!$A$5:$A$45,"<="&EDATE($B11,-$E$3)),"") -> 11084.95 | E11: =IF(COUNTIFS(貿易_月次!$A$5:$A$45,">="&EDATE($B11,-2-$E$3),貿易_月次!$A$5:$A$45,"<="&EDATE($B11,-$E$3))=3,SUMIFS(貿易_月次!$D$5:$D$45,貿易_月次!$A$5:$A$45,">="&EDATE($B11,-2-$E$3),貿易_月次!$A$5:$A$45,"<="&EDATE($B11,-$E$3)),"") -> 5384.56 | F11: =IF(COUNTIFS(貿易_月次!$A$5:$A$45,">="&EDATE($B11,-2-$E$3),貿易_月次!$A$5:$A$45,"<="&EDATE($B11,-$E$3))=3,SUMIFS(貿易_月次!$I$5:$I$45,貿易_月次!$A$5:$A$45,">="&EDATE($B11,-2-$E$3),貿易_月次!$A$5:$A$45,"<="&EDATE($B11,-$E$3)),"") -> 5700.39 | G11: =IF(COUNTIFS(貿易_月次!$A$5:$A$45,">="&EDATE($B11,-2-$E$3),貿易_月次!$A$5:$A$45,"<="&EDATE($B11,-$E$3))=3,SUMIFS(貿易_月次!$E$5:$E$45,貿易_月次!$A$5:$A$45,">="&EDATE($B11,-2-$E$3),貿易_月次!$A$5:$A$45,"<="&EDATE($B11,-$E$3)),"") -> 1441.57 | H11: =IF(AND(ISNUMBER(C11),ISNUMBER(D11)),C11/D11,"") -> 0.044474716 | I11: =IF(COUNTIFS(貿易_月次!$A$5:$A$45,">="&EDATE($B11,-2-$J$3),貿易_月次!$A$5:$A$45,"<="&EDATE($B11,-$J$3))=3,SUMIFS(貿易_月次!$B$5:$B$45,貿易_月次!$A$5:$A$45,">="&EDATE($B11,-2-$J$3),貿易_月次!$A$5:$A$45,"<="&EDATE($B11,-$J$3)),"") -> 11086.34 | J11: =IF(COUNTIFS(貿易_月次!$A$5:$A$45,">="&EDATE($B11,-2-$J$3),貿易_月次!$A$5:$A$45,"<="&EDATE($B11,-$J$3))=3,SUMIFS(貿易_月次!$D$5:$D$45,貿易_月次!$A$5:$A$45,">="&EDATE($B11,-2-$J$3),貿易_月次!$A$5:$A$45,"<="&EDATE($B11,-$J$3)),"") -> 5363.69 | K11: =IF(COUNTIFS(貿易_月次!$A$5:$A$45,">="&EDATE($B11,-2-$J$3),貿易_月次!$A$5:$A$45,"<="&EDATE($B11,-$J$3))=3,SUMIFS(貿易_月次!$I$5:$I$45,貿易_月次!$A$5:$A$45,">="&EDATE($B11,-2-$J$3),貿易_月次!$A$5:$A$45,"<="&EDATE($B11,-$J$3)),"") -> 5722.65 | L11: =IF(COUNTIFS(貿易_月次!$A$5:$A$45,">="&EDATE($B11,-2-$J$3),貿易_月次!$A$5:$A$45,"<="&EDATE($B11,-$J$3))=3,SUMIFS(貿易_月次!$E$5:$E$45,貿易_月次!$A$5:$A$45,">="&EDATE($B11,-2-$J$3),貿易_月次!$A$5:$A$45,"<="&EDATE($B11,-$J$3)),"") -> 1504.2 | M11: =IF(AND(ISNUMBER(C11),ISNUMBER(I11)),C11/I11,"") -> 0.044469139
A12: 25/3期 3Q | B12: =KOKUSAI_四半期!C11 -> 45627 | C12: =KOKUSAI_四半期!D11 -> 601 | D12: =IF(COUNTIFS(貿易_月次!$A$5:$A$45,">="&EDATE($B12,-2-$E$3),貿易_月次!$A$5:$A$45,"<="&EDATE($B12,-$E$3))=3,SUMIFS(貿易_月次!$B$5:$B$45,貿易_月次!$A$5:$A$45,">="&EDATE($B12,-2-$E$3),貿易_月次!$A$5:$A$45,"<="&EDATE($B12,-$E$3)),"") -> 12322.19 | E12: =IF(COUNTIFS(貿易_月次!$A$5:$A$45,">="&EDATE($B12,-2-$E$3),貿易_月次!$A$5:$A$45,"<="&EDATE($B12,-$E$3))=3,SUMIFS(貿易_月次!$D$5:$D$45,貿易_月次!$A$5:$A$45,">="&EDATE($B12,-2-$E$3),貿易_月次!$A$5:$A$45,"<="&EDATE($B12,-$E$3)),"") -> 5474.59 | F12: =IF(COUNTIFS(貿易_月次!$A$5:$A$45,">="&EDATE($B12,-2-$E$3),貿易_月次!$A$5:$A$45,"<="&EDATE($B12,-$E$3))=3,SUMIFS(貿易_月次!$I$5:$I$45,貿易_月次!$A$5:$A$45,">="&EDATE($B12,-2-$E$3),貿易_月次!$A$5:$A$45,"<="&EDATE($B12,-$E$3)),"") -> 6847.6 | G12: =IF(COUNTIFS(貿易_月次!$A$5:$A$45,">="&EDATE($B12,-2-$E$3),貿易_月次!$A$5:$A$45,"<="&EDATE($B12,-$E$3))=3,SUMIFS(貿易_月次!$E$5:$E$45,貿易_月次!$A$5:$A$45,">="&EDATE($B12,-2-$E$3),貿易_月次!$A$5:$A$45,"<="&EDATE($B12,-$E$3)),"") -> 1880.28 | H12: =IF(AND(ISNUMBER(C12),ISNUMBER(D12)),C12/D12,"") -> 0.048773798 | I12: =IF(COUNTIFS(貿易_月次!$A$5:$A$45,">="&EDATE($B12,-2-$J$3),貿易_月次!$A$5:$A$45,"<="&EDATE($B12,-$J$3))=3,SUMIFS(貿易_月次!$B$5:$B$45,貿易_月次!$A$5:$A$45,">="&EDATE($B12,-2-$J$3),貿易_月次!$A$5:$A$45,"<="&EDATE($B12,-$J$3)),"") -> 11789.85 | J12: =IF(COUNTIFS(貿易_月次!$A$5:$A$45,">="&EDATE($B12,-2-$J$3),貿易_月次!$A$5:$A$45,"<="&EDATE($B12,-$J$3))=3,SUMIFS(貿易_月次!$D$5:$D$45,貿易_月次!$A$5:$A$45,">="&EDATE($B12,-2-$J$3),貿易_月次!$A$5:$A$45,"<="&EDATE($B12,-$J$3)),"") -> 5428.46 | K12: =IF(COUNTIFS(貿易_月次!$A$5:$A$45,">="&EDATE($B12,-2-$J$3),貿易_月次!$A$5:$A$45,"<="&EDATE($B12,-$J$3))=3,SUMIFS(貿易_月次!$I$5:$I$45,貿易_月次!$A$5:$A$45,">="&EDATE($B12,-2-$J$3),貿易_月次!$A$5:$A$45,"<="&EDATE($B12,-$J$3)),"") -> 6361.39 | L12: =IF(COUNTIFS(貿易_月次!$A$5:$A$45,">="&EDATE($B12,-2-$J$3),貿易_月次!$A$5:$A$45,"<="&EDATE($B12,-$J$3))=3,SUMIFS(貿易_月次!$E$5:$E$45,貿易_月次!$A$5:$A$45,">="&EDATE($B12,-2-$J$3),貿易_月次!$A$5:$A$45,"<="&EDATE($B12,-$J$3)),"") -> 1664.89 | M12: =IF(AND(ISNUMBER(C12),ISNUMBER(I12)),C12/I12,"") -> 0.050976051
A13: 25/3期 4Q | B13: =KOKUSAI_四半期!C12 -> 45717 | C13: =KOKUSAI_四半期!D12 -> 643 | D13: =IF(COUNTIFS(貿易_月次!$A$5:$A$45,">="&EDATE($B13,-2-$E$3),貿易_月次!$A$5:$A$45,"<="&EDATE($B13,-$E$3))=3,SUMIFS(貿易_月次!$B$5:$B$45,貿易_月次!$A$5:$A$45,">="&EDATE($B13,-2-$E$3),貿易_月次!$A$5:$A$45,"<="&EDATE($B13,-$E$3)),"") -> 11830.92 | E13: =IF(COUNTIFS(貿易_月次!$A$5:$A$45,">="&EDATE($B13,-2-$E$3),貿易_月次!$A$5:$A$45,"<="&EDATE($B13,-$E$3))=3,SUMIFS(貿易_月次!$D$5:$D$45,貿易_月次!$A$5:$A$45,">="&EDATE($B13,-2-$E$3),貿易_月次!$A$5:$A$45,"<="&EDATE($B13,-$E$3)),"") -> 4516.59 | F13: =IF(COUNTIFS(貿易_月次!$A$5:$A$45,">="&EDATE($B13,-2-$E$3),貿易_月次!$A$5:$A$45,"<="&EDATE($B13,-$E$3))=3,SUMIFS(貿易_月次!$I$5:$I$45,貿易_月次!$A$5:$A$45,">="&EDATE($B13,-2-$E$3),貿易_月次!$A$5:$A$45,"<="&EDATE($B13,-$E$3)),"") -> 7314.33 | G13: =IF(COUNTIFS(貿易_月次!$A$5:$A$45,">="&EDATE($B13,-2-$E$3),貿易_月次!$A$5:$A$45,"<="&EDATE($B13,-$E$3))=3,SUMIFS(貿易_月次!$E$5:$E$45,貿易_月次!$A$5:$A$45,">="&EDATE($B13,-2-$E$3),貿易_月次!$A$5:$A$45,"<="&EDATE($B13,-$E$3)),"") -> 2230.5 | H13: =IF(AND(ISNUMBER(C13),ISNUMBER(D13)),C13/D13,"") -> 0.054349112 | I13: =IF(COUNTIFS(貿易_月次!$A$5:$A$45,">="&EDATE($B13,-2-$J$3),貿易_月次!$A$5:$A$45,"<="&EDATE($B13,-$J$3))=3,SUMIFS(貿易_月次!$B$5:$B$45,貿易_月次!$A$5:$A$45,">="&EDATE($B13,-2-$J$3),貿易_月次!$A$5:$A$45,"<="&EDATE($B13,-$J$3)),"") -> 11349.33 | J13: =IF(COUNTIFS(貿易_月次!$A$5:$A$45,">="&EDATE($B13,-2-$J$3),貿易_月次!$A$5:$A$45,"<="&EDATE($B13,-$J$3))=3,SUMIFS(貿易_月次!$D$5:$D$45,貿易_月次!$A$5:$A$45,">="&EDATE($B13,-2-$J$3),貿易_月次!$A$5:$A$45,"<="&EDATE($B13,-$J$3)),"") -> 4434.5 | K13: =IF(COUNTIFS(貿易_月次!$A$5:$A$45,">="&EDATE($B13,-2-$J$3),貿易_月次!$A$5:$A$45,"<="&EDATE($B13,-$J$3))=3,SUMIFS(貿易_月次!$I$5:$I$45,貿易_月次!$A$5:$A$45,">="&EDATE($B13,-2-$J$3),貿易_月次!$A$5:$A$45,"<="&EDATE($B13,-$J$3)),"") -> 6914.83 | L13: =IF(COUNTIFS(貿易_月次!$A$5:$A$45,">="&EDATE($B13,-2-$J$3),貿易_月次!$A$5:$A$45,"<="&EDATE($B13,-$J$3))=3,SUMIFS(貿易_月次!$E$5:$E$45,貿易_月次!$A$5:$A$45,">="&EDATE($B13,-2-$J$3),貿易_月次!$A$5:$A$45,"<="&EDATE($B13,-$J$3)),"") -> 1928.22 | M13: =IF(AND(ISNUMBER(C13),ISNUMBER(I13)),C13/I13,"") -> 0.056655327
A14: 26/3期 1Q | B14: =KOKUSAI_四半期!C13 -> 45809 | C14: =KOKUSAI_四半期!D13 -> 518 | D14: =IF(COUNTIFS(貿易_月次!$A$5:$A$45,">="&EDATE($B14,-2-$E$3),貿易_月次!$A$5:$A$45,"<="&EDATE($B14,-$E$3))=3,SUMIFS(貿易_月次!$B$5:$B$45,貿易_月次!$A$5:$A$45,">="&EDATE($B14,-2-$E$3),貿易_月次!$A$5:$A$45,"<="&EDATE($B14,-$E$3)),"") -> 10932.96 | E14: =IF(COUNTIFS(貿易_月次!$A$5:$A$45,">="&EDATE($B14,-2-$E$3),貿易_月次!$A$5:$A$45,"<="&EDATE($B14,-$E$3))=3,SUMIFS(貿易_月次!$D$5:$D$45,貿易_月次!$A$5:$A$45,">="&EDATE($B14,-2-$E$3),貿易_月次!$A$5:$A$45,"<="&EDATE($B14,-$E$3)),"") -> 4741.76 | F14: =IF(COUNTIFS(貿易_月次!$A$5:$A$45,">="&EDATE($B14,-2-$E$3),貿易_月次!$A$5:$A$45,"<="&EDATE($B14,-$E$3))=3,SUMIFS(貿易_月次!$I$5:$I$45,貿易_月次!$A$5:$A$45,">="&EDATE($B14,-2-$E$3),貿易_月次!$A$5:$A$45,"<="&EDATE($B14,-$E$3)),"") -> 6191.2 | G14: =IF(COUNTIFS(貿易_月次!$A$5:$A$45,">="&EDATE($B14,-2-$E$3),貿易_月次!$A$5:$A$45,"<="&EDATE($B14,-$E$3))=3,SUMIFS(貿易_月次!$E$5:$E$45,貿易_月次!$A$5:$A$45,">="&EDATE($B14,-2-$E$3),貿易_月次!$A$5:$A$45,"<="&EDATE($B14,-$E$3)),"") -> 1532.19 | H14: =IF(AND(ISNUMBER(C14),ISNUMBER(D14)),C14/D14,"") -> 0.047379667 | I14: =IF(COUNTIFS(貿易_月次!$A$5:$A$45,">="&EDATE($B14,-2-$J$3),貿易_月次!$A$5:$A$45,"<="&EDATE($B14,-$J$3))=3,SUMIFS(貿易_月次!$B$5:$B$45,貿易_月次!$A$5:$A$45,">="&EDATE($B14,-2-$J$3),貿易_月次!$A$5:$A$45,"<="&EDATE($B14,-$J$3)),"") -> 12039.36 | J14: =IF(COUNTIFS(貿易_月次!$A$5:$A$45,">="&EDATE($B14,-2-$J$3),貿易_月次!$A$5:$A$45,"<="&EDATE($B14,-$J$3))=3,SUMIFS(貿易_月次!$D$5:$D$45,貿易_月次!$A$5:$A$45,">="&EDATE($B14,-2-$J$3),貿易_月次!$A$5:$A$45,"<="&EDATE($B14,-$J$3)),"") -> 5066.85 | K14: =IF(COUNTIFS(貿易_月次!$A$5:$A$45,">="&EDATE($B14,-2-$J$3),貿易_月次!$A$5:$A$45,"<="&EDATE($B14,-$J$3))=3,SUMIFS(貿易_月次!$I$5:$I$45,貿易_月次!$A$5:$A$45,">="&EDATE($B14,-2-$J$3),貿易_月次!$A$5:$A$45,"<="&EDATE($B14,-$J$3)),"") -> 6972.51 | L14: =IF(COUNTIFS(貿易_月次!$A$5:$A$45,">="&EDATE($B14,-2-$J$3),貿易_月次!$A$5:$A$45,"<="&EDATE($B14,-$J$3))=3,SUMIFS(貿易_月次!$E$5:$E$45,貿易_月次!$A$5:$A$45,">="&EDATE($B14,-2-$J$3),貿易_月次!$A$5:$A$45,"<="&EDATE($B14,-$J$3)),"") -> 1896.87 | M14: =IF(AND(ISNUMBER(C14),ISNUMBER(I14)),C14/I14,"") -> 0.043025543
A15: 26/3期 2Q | B15: =KOKUSAI_四半期!C14 -> 45901 | C15: =KOKUSAI_四半期!D14 -> 654 | D15: =IF(COUNTIFS(貿易_月次!$A$5:$A$45,">="&EDATE($B15,-2-$E$3),貿易_月次!$A$5:$A$45,"<="&EDATE($B15,-$E$3))=3,SUMIFS(貿易_月次!$B$5:$B$45,貿易_月次!$A$5:$A$45,">="&EDATE($B15,-2-$E$3),貿易_月次!$A$5:$A$45,"<="&EDATE($B15,-$E$3)),"") -> 10848 | E15: =IF(COUNTIFS(貿易_月次!$A$5:$A$45,">="&EDATE($B15,-2-$E$3),貿易_月次!$A$5:$A$45,"<="&EDATE($B15,-$E$3))=3,SUMIFS(貿易_月次!$D$5:$D$45,貿易_月次!$A$5:$A$45,">="&EDATE($B15,-2-$E$3),貿易_月次!$A$5:$A$45,"<="&EDATE($B15,-$E$3)),"") -> 5209.01 | F15: =IF(COUNTIFS(貿易_月次!$A$5:$A$45,">="&EDATE($B15,-2-$E$3),貿易_月次!$A$5:$A$45,"<="&EDATE($B15,-$E$3))=3,SUMIFS(貿易_月次!$I$5:$I$45,貿易_月次!$A$5:$A$45,">="&EDATE($B15,-2-$E$3),貿易_月次!$A$5:$A$45,"<="&EDATE($B15,-$E$3)),"") -> 5638.99 | G15: =IF(COUNTIFS(貿易_月次!$A$5:$A$45,">="&EDATE($B15,-2-$E$3),貿易_月次!$A$5:$A$45,"<="&EDATE($B15,-$E$3))=3,SUMIFS(貿易_月次!$E$5:$E$45,貿易_月次!$A$5:$A$45,">="&EDATE($B15,-2-$E$3),貿易_月次!$A$5:$A$45,"<="&EDATE($B15,-$E$3)),"") -> 1456.58 | H15: =IF(AND(ISNUMBER(C15),ISNUMBER(D15)),C15/D15,"") -> 0.060287611 | I15: =IF(COUNTIFS(貿易_月次!$A$5:$A$45,">="&EDATE($B15,-2-$J$3),貿易_月次!$A$5:$A$45,"<="&EDATE($B15,-$J$3))=3,SUMIFS(貿易_月次!$B$5:$B$45,貿易_月次!$A$5:$A$45,">="&EDATE($B15,-2-$J$3),貿易_月次!$A$5:$A$45,"<="&EDATE($B15,-$J$3)),"") -> 10881.69 | J15: =IF(COUNTIFS(貿易_月次!$A$5:$A$45,">="&EDATE($B15,-2-$J$3),貿易_月次!$A$5:$A$45,"<="&EDATE($B15,-$J$3))=3,SUMIFS(貿易_月次!$D$5:$D$45,貿易_月次!$A$5:$A$45,">="&EDATE($B15,-2-$J$3),貿易_月次!$A$5:$A$45,"<="&EDATE($B15,-$J$3)),"") -> 4988.79 | K15: =IF(COUNTIFS(貿易_月次!$A$5:$A$45,">="&EDATE($B15,-2-$J$3),貿易_月次!$A$5:$A$45,"<="&EDATE($B15,-$J$3))=3,SUMIFS(貿易_月次!$I$5:$I$45,貿易_月次!$A$5:$A$45,">="&EDATE($B15,-2-$J$3),貿易_月次!$A$5:$A$45,"<="&EDATE($B15,-$J$3)),"") -> 5892.9 | L15: =IF(COUNTIFS(貿易_月次!$A$5:$A$45,">="&EDATE($B15,-2-$J$3),貿易_月次!$A$5:$A$45,"<="&EDATE($B15,-$J$3))=3,SUMIFS(貿易_月次!$E$5:$E$45,貿易_月次!$A$5:$A$45,">="&EDATE($B15,-2-$J$3),貿易_月次!$A$5:$A$45,"<="&EDATE($B15,-$J$3)),"") -> 1557.42 | M15: =IF(AND(ISNUMBER(C15),ISNUMBER(I15)),C15/I15,"") -> 0.060100959
A16: 26/3期 3Q | B16: =KOKUSAI_四半期!C15 -> 45992 | C16: =KOKUSAI_四半期!D15 -> 559 | D16: =IF(COUNTIFS(貿易_月次!$A$5:$A$45,">="&EDATE($B16,-2-$E$3),貿易_月次!$A$5:$A$45,"<="&EDATE($B16,-$E$3))=3,SUMIFS(貿易_月次!$B$5:$B$45,貿易_月次!$A$5:$A$45,">="&EDATE($B16,-2-$E$3),貿易_月次!$A$5:$A$45,"<="&EDATE($B16,-$E$3)),"") -> 11864.44 | E16: =IF(COUNTIFS(貿易_月次!$A$5:$A$45,">="&EDATE($B16,-2-$E$3),貿易_月次!$A$5:$A$45,"<="&EDATE($B16,-$E$3))=3,SUMIFS(貿易_月次!$D$5:$D$45,貿易_月次!$A$5:$A$45,">="&EDATE($B16,-2-$E$3),貿易_月次!$A$5:$A$45,"<="&EDATE($B16,-$E$3)),"") -> 4640.01 | F16: =IF(COUNTIFS(貿易_月次!$A$5:$A$45,">="&EDATE($B16,-2-$E$3),貿易_月次!$A$5:$A$45,"<="&EDATE($B16,-$E$3))=3,SUMIFS(貿易_月次!$I$5:$I$45,貿易_月次!$A$5:$A$45,">="&EDATE($B16,-2-$E$3),貿易_月次!$A$5:$A$45,"<="&EDATE($B16,-$E$3)),"") -> 7224.43 | G16: =IF(COUNTIFS(貿易_月次!$A$5:$A$45,">="&EDATE($B16,-2-$E$3),貿易_月次!$A$5:$A$45,"<="&EDATE($B16,-$E$3))=3,SUMIFS(貿易_月次!$E$5:$E$45,貿易_月次!$A$5:$A$45,">="&EDATE($B16,-2-$E$3),貿易_月次!$A$5:$A$45,"<="&EDATE($B16,-$E$3)),"") -> 1931.3 | H16: =IF(AND(ISNUMBER(C16),ISNUMBER(D16)),C16/D16,"") -> 0.047115582 | I16: =IF(COUNTIFS(貿易_月次!$A$5:$A$45,">="&EDATE($B16,-2-$J$3),貿易_月次!$A$5:$A$45,"<="&EDATE($B16,-$J$3))=3,SUMIFS(貿易_月次!$B$5:$B$45,貿易_月次!$A$5:$A$45,">="&EDATE($B16,-2-$J$3),貿易_月次!$A$5:$A$45,"<="&EDATE($B16,-$J$3)),"") -> 11271.72 | J16: =IF(COUNTIFS(貿易_月次!$A$5:$A$45,">="&EDATE($B16,-2-$J$3),貿易_月次!$A$5:$A$45,"<="&EDATE($B16,-$J$3))=3,SUMIFS(貿易_月次!$D$5:$D$45,貿易_月次!$A$5:$A$45,">="&EDATE($B16,-2-$J$3),貿易_月次!$A$5:$A$45,"<="&EDATE($B16,-$J$3)),"") -> 4860.85 | K16: =IF(COUNTIFS(貿易_月次!$A$5:$A$45,">="&EDATE($B16,-2-$J$3),貿易_月次!$A$5:$A$45,"<="&EDATE($B16,-$J$3))=3,SUMIFS(貿易_月次!$I$5:$I$45,貿易_月次!$A$5:$A$45,">="&EDATE($B16,-2-$J$3),貿易_月次!$A$5:$A$45,"<="&EDATE($B16,-$J$3)),"") -> 6410.87 | L16: =IF(COUNTIFS(貿易_月次!$A$5:$A$45,">="&EDATE($B16,-2-$J$3),貿易_月次!$A$5:$A$45,"<="&EDATE($B16,-$J$3))=3,SUMIFS(貿易_月次!$E$5:$E$45,貿易_月次!$A$5:$A$45,">="&EDATE($B16,-2-$J$3),貿易_月次!$A$5:$A$45,"<="&EDATE($B16,-$J$3)),"") -> 1704.95 | M16: =IF(AND(ISNUMBER(C16),ISNUMBER(I16)),C16/I16,"") -> 0.049593141
A17: 26/3期 4Q | B17: =KOKUSAI_四半期!C16 -> 46082 | C17: =KOKUSAI_四半期!D16 -> 620 | D17: =IF(COUNTIFS(貿易_月次!$A$5:$A$45,">="&EDATE($B17,-2-$E$3),貿易_月次!$A$5:$A$45,"<="&EDATE($B17,-$E$3))=3,SUMIFS(貿易_月次!$B$5:$B$45,貿易_月次!$A$5:$A$45,">="&EDATE($B17,-2-$E$3),貿易_月次!$A$5:$A$45,"<="&EDATE($B17,-$E$3)),"") -> 11707.45 | E17: =IF(COUNTIFS(貿易_月次!$A$5:$A$45,">="&EDATE($B17,-2-$E$3),貿易_月次!$A$5:$A$45,"<="&EDATE($B17,-$E$3))=3,SUMIFS(貿易_月次!$D$5:$D$45,貿易_月次!$A$5:$A$45,">="&EDATE($B17,-2-$E$3),貿易_月次!$A$5:$A$45,"<="&EDATE($B17,-$E$3)),"") -> 4049.63 | F17: =IF(COUNTIFS(貿易_月次!$A$5:$A$45,">="&EDATE($B17,-2-$E$3),貿易_月次!$A$5:$A$45,"<="&EDATE($B17,-$E$3))=3,SUMIFS(貿易_月次!$I$5:$I$45,貿易_月次!$A$5:$A$45,">="&EDATE($B17,-2-$E$3),貿易_月次!$A$5:$A$45,"<="&EDATE($B17,-$E$3)),"") -> 7657.82 | G17: =IF(COUNTIFS(貿易_月次!$A$5:$A$45,">="&EDATE($B17,-2-$E$3),貿易_月次!$A$5:$A$45,"<="&EDATE($B17,-$E$3))=3,SUMIFS(貿易_月次!$E$5:$E$45,貿易_月次!$A$5:$A$45,">="&EDATE($B17,-2-$E$3),貿易_月次!$A$5:$A$45,"<="&EDATE($B17,-$E$3)),"") -> 2365.89 | H17: =IF(AND(ISNUMBER(C17),ISNUMBER(D17)),C17/D17,"") -> 0.052957732 | I17: =IF(COUNTIFS(貿易_月次!$A$5:$A$45,">="&EDATE($B17,-2-$J$3),貿易_月次!$A$5:$A$45,"<="&EDATE($B17,-$J$3))=3,SUMIFS(貿易_月次!$B$5:$B$45,貿易_月次!$A$5:$A$45,">="&EDATE($B17,-2-$J$3),貿易_月次!$A$5:$A$45,"<="&EDATE($B17,-$J$3)),"") -> 10884.39 | J17: =IF(COUNTIFS(貿易_月次!$A$5:$A$45,">="&EDATE($B17,-2-$J$3),貿易_月次!$A$5:$A$45,"<="&EDATE($B17,-$J$3))=3,SUMIFS(貿易_月次!$D$5:$D$45,貿易_月次!$A$5:$A$45,">="&EDATE($B17,-2-$J$3),貿易_月次!$A$5:$A$45,"<="&EDATE($B17,-$J$3)),"") -> 3739.92 | K17: =IF(COUNTIFS(貿易_月次!$A$5:$A$45,">="&EDATE($B17,-2-$J$3),貿易_月次!$A$5:$A$45,"<="&EDATE($B17,-$J$3))=3,SUMIFS(貿易_月次!$I$5:$I$45,貿易_月次!$A$5:$A$45,">="&EDATE($B17,-2-$J$3),貿易_月次!$A$5:$A$45,"<="&EDATE($B17,-$J$3)),"") -> 7144.47 | L17: =IF(COUNTIFS(貿易_月次!$A$5:$A$45,">="&EDATE($B17,-2-$J$3),貿易_月次!$A$5:$A$45,"<="&EDATE($B17,-$J$3))=3,SUMIFS(貿易_月次!$E$5:$E$45,貿易_月次!$A$5:$A$45,">="&EDATE($B17,-2-$J$3),貿易_月次!$A$5:$A$45,"<="&EDATE($B17,-$J$3)),"") -> 2152.83 | M17: =IF(AND(ISNUMBER(C17),ISNUMBER(I17)),C17/I17,"") -> 0.05696231
A18: 27/3期 1Q | B18: =KOKUSAI_四半期!C17 -> 46174 | C18: =KOKUSAI_四半期!D17 -> 754 | D18: =IF(COUNTIFS(貿易_月次!$A$5:$A$45,">="&EDATE($B18,-2-$E$3),貿易_月次!$A$5:$A$45,"<="&EDATE($B18,-$E$3))=3,SUMIFS(貿易_月次!$B$5:$B$45,貿易_月次!$A$5:$A$45,">="&EDATE($B18,-2-$E$3),貿易_月次!$A$5:$A$45,"<="&EDATE($B18,-$E$3)),"") -> 12191.41 | E18: =IF(COUNTIFS(貿易_月次!$A$5:$A$45,">="&EDATE($B18,-2-$E$3),貿易_月次!$A$5:$A$45,"<="&EDATE($B18,-$E$3))=3,SUMIFS(貿易_月次!$D$5:$D$45,貿易_月次!$A$5:$A$45,">="&EDATE($B18,-2-$E$3),貿易_月次!$A$5:$A$45,"<="&EDATE($B18,-$E$3)),"") -> 3796.36 | F18: =IF(COUNTIFS(貿易_月次!$A$5:$A$45,">="&EDATE($B18,-2-$E$3),貿易_月次!$A$5:$A$45,"<="&EDATE($B18,-$E$3))=3,SUMIFS(貿易_月次!$I$5:$I$45,貿易_月次!$A$5:$A$45,">="&EDATE($B18,-2-$E$3),貿易_月次!$A$5:$A$45,"<="&EDATE($B18,-$E$3)),"") -> 8395.05 | G18: =IF(COUNTIFS(貿易_月次!$A$5:$A$45,">="&EDATE($B18,-2-$E$3),貿易_月次!$A$5:$A$45,"<="&EDATE($B18,-$E$3))=3,SUMIFS(貿易_月次!$E$5:$E$45,貿易_月次!$A$5:$A$45,">="&EDATE($B18,-2-$E$3),貿易_月次!$A$5:$A$45,"<="&EDATE($B18,-$E$3)),"") -> 2359.59 | H18: =IF(AND(ISNUMBER(C18),ISNUMBER(D18)),C18/D18,"") -> 0.061846825 | I18: =IF(COUNTIFS(貿易_月次!$A$5:$A$45,">="&EDATE($B18,-2-$J$3),貿易_月次!$A$5:$A$45,"<="&EDATE($B18,-$J$3))=3,SUMIFS(貿易_月次!$B$5:$B$45,貿易_月次!$A$5:$A$45,">="&EDATE($B18,-2-$J$3),貿易_月次!$A$5:$A$45,"<="&EDATE($B18,-$J$3)),"") -> 12849.88 | J18: =IF(COUNTIFS(貿易_月次!$A$5:$A$45,">="&EDATE($B18,-2-$J$3),貿易_月次!$A$5:$A$45,"<="&EDATE($B18,-$J$3))=3,SUMIFS(貿易_月次!$D$5:$D$45,貿易_月次!$A$5:$A$45,">="&EDATE($B18,-2-$J$3),貿易_月次!$A$5:$A$45,"<="&EDATE($B18,-$J$3)),"") -> 4284.66 | K18: =IF(COUNTIFS(貿易_月次!$A$5:$A$45,">="&EDATE($B18,-2-$J$3),貿易_月次!$A$5:$A$45,"<="&EDATE($B18,-$J$3))=3,SUMIFS(貿易_月次!$I$5:$I$45,貿易_月次!$A$5:$A$45,">="&EDATE($B18,-2-$J$3),貿易_月次!$A$5:$A$45,"<="&EDATE($B18,-$J$3)),"") -> 8565.22 | L18: =IF(COUNTIFS(貿易_月次!$A$5:$A$45,">="&EDATE($B18,-2-$J$3),貿易_月次!$A$5:$A$45,"<="&EDATE($B18,-$J$3))=3,SUMIFS(貿易_月次!$E$5:$E$45,貿易_月次!$A$5:$A$45,">="&EDATE($B18,-2-$J$3),貿易_月次!$A$5:$A$45,"<="&EDATE($B18,-$J$3)),"") -> 2469.52 | M18: =IF(AND(ISNUMBER(C18),ISNUMBER(I18)),C18/I18,"") -> 0.058677591
A19: 27/3期 2Q | B19: 46266 | D19: =IF(COUNTIFS(貿易_月次!$A$5:$A$45,">="&EDATE($B19,-2-$E$3),貿易_月次!$A$5:$A$45,"<="&EDATE($B19,-$E$3))=3,SUMIFS(貿易_月次!$B$5:$B$45,貿易_月次!$A$5:$A$45,">="&EDATE($B19,-2-$E$3),貿易_月次!$A$5:$A$45,"<="&EDATE($B19,-$E$3)),"") | E19: =IF(COUNTIFS(貿易_月次!$A$5:$A$45,">="&EDATE($B19,-2-$E$3),貿易_月次!$A$5:$A$45,"<="&EDATE($B19,-$E$3))=3,SUMIFS(貿易_月次!$D$5:$D$45,貿易_月次!$A$5:$A$45,">="&EDATE($B19,-2-$E$3),貿易_月次!$A$5:$A$45,"<="&EDATE($B19,-$E$3)),"") | F19: =IF(COUNTIFS(貿易_月次!$A$5:$A$45,">="&EDATE($B19,-2-$E$3),貿易_月次!$A$5:$A$45,"<="&EDATE($B19,-$E$3))=3,SUMIFS(貿易_月次!$I$5:$I$45,貿易_月次!$A$5:$A$45,">="&EDATE($B19,-2-$E$3),貿易_月次!$A$5:$A$45,"<="&EDATE($B19,-$E$3)),"") | G19: =IF(COUNTIFS(貿易_月次!$A$5:$A$45,">="&EDATE($B19,-2-$E$3),貿易_月次!$A$5:$A$45,"<="&EDATE($B19,-$E$3))=3,SUMIFS(貿易_月次!$E$5:$E$45,貿易_月次!$A$5:$A$45,">="&EDATE($B19,-2-$E$3),貿易_月次!$A$5:$A$45,"<="&EDATE($B19,-$E$3)),"") | I19: =IF(COUNTIFS(貿易_月次!$A$5:$A$45,">="&EDATE($B19,-2-$J$3),貿易_月次!$A$5:$A$45,"<="&EDATE($B19,-$J$3))=3,SUMIFS(貿易_月次!$B$5:$B$45,貿易_月次!$A$5:$A$45,">="&EDATE($B19,-2-$J$3),貿易_月次!$A$5:$A$45,"<="&EDATE($B19,-$J$3)),"") -> 14443.43 | J19: =IF(COUNTIFS(貿易_月次!$A$5:$A$45,">="&EDATE($B19,-2-$J$3),貿易_月次!$A$5:$A$45,"<="&EDATE($B19,-$J$3))=3,SUMIFS(貿易_月次!$D$5:$D$45,貿易_月次!$A$5:$A$45,">="&EDATE($B19,-2-$J$3),貿易_月次!$A$5:$A$45,"<="&EDATE($B19,-$J$3)),"") -> 5592 | K19: =IF(COUNTIFS(貿易_月次!$A$5:$A$45,">="&EDATE($B19,-2-$J$3),貿易_月次!$A$5:$A$45,"<="&EDATE($B19,-$J$3))=3,SUMIFS(貿易_月次!$I$5:$I$45,貿易_月次!$A$5:$A$45,">="&EDATE($B19,-2-$J$3),貿易_月次!$A$5:$A$45,"<="&EDATE($B19,-$J$3)),"") -> 8851.43 | L19: =IF(COUNTIFS(貿易_月次!$A$5:$A$45,">="&EDATE($B19,-2-$J$3),貿易_月次!$A$5:$A$45,"<="&EDATE($B19,-$J$3))=3,SUMIFS(貿易_月次!$E$5:$E$45,貿易_月次!$A$5:$A$45,">="&EDATE($B19,-2-$J$3),貿易_月次!$A$5:$A$45,"<="&EDATE($B19,-$J$3)),"") -> 2462.13
A21: 実質シェア＝KOKUSAI売上÷日本の半導体等製造装置輸出。27/3期2Qのk=0は9月分が未公表のため空欄（2Q予測シートで推計）。

Sheet 回帰
A1: 回帰：売上＝切片＋傾き×世界輸出（k=0、24/3期2Q〜27/3期1Qの12四半期）
A2: 予測＝切片＋傾き×世界輸出。誤差＝実績−予測。比べる相手として「前期と同じ」と予測した場合の誤差も並べる。
A4: ① 係数
A5: 傾き b（輸出1億円あたりの売上）
A6: 切片 a
A7: R²（当てはまり、1に近いほど良い）
A9: ② 四半期ごとの予測と誤差（億円）
A10: 四半期 | B10: 売上（実績） | C10: 世界輸出 | D10: 予測 | E10: 誤差 | F10: 前期の売上 （＝前期と同じ予測） | G10: 前期と同じ予測の誤差 | H10: （発展）抜いて当てた誤差
A11: =四半期集計!A7 -> 24/3期 2Q | B11: =四半期集計!C7 -> 450 | C11: =四半期集計!D7 -> 8236.8411
A12: =四半期集計!A8 -> 24/3期 3Q | B12: =四半期集計!C8 -> 540 | C12: =四半期集計!D8 -> 9763.3206
A13: =四半期集計!A9 -> 24/3期 4Q | B13: =四半期集計!C9 -> 492 | C13: =四半期集計!D9 -> 10364.937
A14: =四半期集計!A10 -> 25/3期 1Q | B14: =四半期集計!C10 -> 652 | C14: =四半期集計!D10 -> 11188.098
A15: =四半期集計!A11 -> 25/3期 2Q | B15: =四半期集計!C11 -> 493 | C15: =四半期集計!D11 -> 11084.95
A16: =四半期集計!A12 -> 25/3期 3Q | B16: =四半期集計!C12 -> 601 | C16: =四半期集計!D12 -> 12322.19
A17: =四半期集計!A13 -> 25/3期 4Q | B17: =四半期集計!C13 -> 643 | C17: =四半期集計!D13 -> 11830.92
A18: =四半期集計!A14 -> 26/3期 1Q | B18: =四半期集計!C14 -> 518 | C18: =四半期集計!D14 -> 10932.96
A19: =四半期集計!A15 -> 26/3期 2Q | B19: =四半期集計!C15 -> 654 | C19: =四半期集計!D15 -> 10848
A20: =四半期集計!A16 -> 26/3期 3Q | B20: =四半期集計!C16 -> 559 | C20: =四半期集計!D16 -> 11864.44
A21: =四半期集計!A17 -> 26/3期 4Q | B21: =四半期集計!C17 -> 620 | C21: =四半期集計!D17 -> 11707.45
A22: =四半期集計!A18 -> 27/3期 1Q | B22: =四半期集計!C18 -> 754 | C22: =四半期集計!D18 -> 12191.41
A24: ③ 精度（誤差の大きさ＝RMSE、億円）
A25: モデルの誤差（推計に使ったデータで測る）
A26: （発展）モデルを抜いて当てた誤差
A27: 前期と同じ予測の誤差
A28: モデルの誤差は前期と同じ予測より何％小さいか

Sheet 2Q予測
A1: 7-9月期（27/3期2Q）売上の予測（億円）
A2: 9月の輸出はまだ公表されていない（10/21公表予定）ので、7-8月の平均×季節比で置く。公表されたらC8に実績を入れる。
A4: ① 7-9月の世界輸出
A5: 7月の世界輸出 | C5: =貿易_月次!B44 -> 4944.37
A6: 8月の世界輸出 | C6: =貿易_月次!B45 -> 4897.64
A7: 9月の季節比（9月÷7-8月平均、過去3年の平均） | C7: 1.15
A8: 9月の世界輸出（推計）＝7-8月平均×季節比
A9: 7-9月の世界輸出 合計
A11: ② 予測
A12: 予測売上＝切片＋傾き×7-9月合計
A13: 誤差の目安（抜いて当てた誤差）
A14: 予測の幅：下限
A15: 予測の幅：上限
A17: ③ 会社計画との比較
A18: 上期（4-9月）売上計画（修正後） | C18: 1610
A19: 1Q実績 | C19: =KOKUSAI_四半期!D17 -> 754
A20: 計画が示す2Q売上＝上期計画−1Q実績
A21: 予測−計画
A23: ④ 計画を達成するのに必要な輸出
A24: 必要な7-9月の世界輸出＝(2Q計画−切片)÷傾き
A25: そのうち9月に必要な輸出＝必要額−7月−8月
A26: 2025年9月の世界輸出 | C26: =貿易_月次!B34 -> 3844.11
A27: 必要な9月の前年同月比
A28: 参考：7月・8月の前年同月比

Sheet 参考_分解モデル
A1: 参考：中国地場とグローバルに分けて回帰する（分解モデル）
A2: 中国地場売上は対中輸出で、グローバル売上は中国以外向け輸出で説明し、2つの予測を足して全社の予測にする。
A4: 式 | B4: 傾き | C4: 切片 | D4: R²
A5: 中国地場売上＝切片＋傾き×対中輸出
A6: グローバル売上＝切片＋傾き×中国以外向け輸出
A11: 四半期 | B11: 中国地場売上 | C11: 対中輸出 | D11: 中国地場の予測 | E11: グローバル売上 | F11: 中国以外輸出 | G11: グローバルの予測 | H11: 全社売上 | I11: 全社の予測（和） | J11: 全社の誤差
A12: =四半期集計!A7 -> 24/3期 2Q | B12: =KOKUSAI_四半期!H6 -> 220.5 | C12: =四半期集計!E7 -> 4185.4136 | E12: =KOKUSAI_四半期!I6 -> 229.5 | F12: =四半期集計!F7 -> 4051.4275 | H12: =KOKUSAI_四半期!D6 -> 450
A13: =四半期集計!A8 -> 24/3期 3Q | B13: =KOKUSAI_四半期!H7 -> 243 | C13: =四半期集計!E8 -> 5178.9518 | E13: =KOKUSAI_四半期!I7 -> 297 | F13: =四半期集計!F8 -> 4584.3688 | H13: =KOKUSAI_四半期!D7 -> 540
A14: =四半期集計!A9 -> 24/3期 4Q | B14: =KOKUSAI_四半期!H8 -> 246 | C14: =四半期集計!E9 -> 5212.6018 | E14: =KOKUSAI_四半期!I8 -> 246 | F14: =四半期集計!F9 -> 5152.3349 | H14: =KOKUSAI_四半期!D8 -> 492
A15: =四半期集計!A10 -> 25/3期 1Q | B15: =KOKUSAI_四半期!H9 -> 326 | C15: =四半期集計!E10 -> 5699.0722 | E15: =KOKUSAI_四半期!I9 -> 326 | F15: =四半期集計!F10 -> 5489.0256 | H15: =KOKUSAI_四半期!D9 -> 652
A16: =四半期集計!A11 -> 25/3期 2Q | B16: =KOKUSAI_四半期!H10 -> 216.92 | C16: =四半期集計!E11 -> 5384.56 | E16: =KOKUSAI_四半期!I10 -> 276.08 | F16: =四半期集計!F11 -> 5700.39 | H16: =KOKUSAI_四半期!D10 -> 493
A17: =四半期集計!A12 -> 25/3期 3Q | B17: =KOKUSAI_四半期!H11 -> 240.4 | C17: =四半期集計!E12 -> 5474.59 | E17: =KOKUSAI_四半期!I11 -> 360.6 | F17: =四半期集計!F12 -> 6847.6 | H17: =KOKUSAI_四半期!D11 -> 601
A18: =四半期集計!A13 -> 25/3期 4Q | B18: =KOKUSAI_四半期!H12 -> 263.63 | C18: =四半期集計!E13 -> 4516.59 | E18: =KOKUSAI_四半期!I12 -> 379.37 | F18: =四半期集計!F13 -> 7314.33 | H18: =KOKUSAI_四半期!D12 -> 643
A19: =四半期集計!A14 -> 26/3期 1Q | B19: =KOKUSAI_四半期!H13 -> 196.84 | C19: =四半期集計!E14 -> 4741.76 | E19: =KOKUSAI_四半期!I13 -> 321.16 | F19: =四半期集計!F14 -> 6191.2 | H19: =KOKUSAI_四半期!D13 -> 518
A20: =四半期集計!A15 -> 26/3期 2Q | B20: =KOKUSAI_四半期!H14 -> 287.76 | C20: =四半期集計!E15 -> 5209.01 | E20: =KOKUSAI_四半期!I14 -> 366.24 | F20: =四半期集計!F15 -> 5638.99 | H20: =KOKUSAI_四半期!D14 -> 654
A21: =四半期集計!A16 -> 26/3期 3Q | B21: =KOKUSAI_四半期!H15 -> 173.29 | C21: =四半期集計!E16 -> 4640.01 | E21: =KOKUSAI_四半期!I15 -> 385.71 | F21: =四半期集計!F16 -> 7224.43 | H21: =KOKUSAI_四半期!D15 -> 559
A22: =四半期集計!A17 -> 26/3期 4Q | B22: =KOKUSAI_四半期!H16 -> 161.2 | C22: =四半期集計!E17 -> 4049.63 | E22: =KOKUSAI_四半期!I16 -> 458.8 | F22: =四半期集計!F17 -> 7657.82 | H22: =KOKUSAI_四半期!D16 -> 620
A23: =四半期集計!A18 -> 27/3期 1Q | B23: =KOKUSAI_四半期!H17 -> 188.5 | C23: =四半期集計!E18 -> 3796.36 | E23: =KOKUSAI_四半期!I17 -> 565.5 | F23: =四半期集計!F18 -> 8395.05 | H23: =KOKUSAI_四半期!D17 -> 754
A25: 全社の誤差（RMSE、推計に使ったデータで）
A26: 比較：単純なモデル（回帰シートC25） | D26: =回帰!C25 -> 0
A28: 7-9月の予測（参考）
B29: 7月 | C29: 8月 | D29: 9月（推計） | E29: 7-9月合計 | F29: 予測
A30: 中国（中国地場の予測） | B30: =貿易_月次!D44 -> 2073.46 | C30: =貿易_月次!D45 -> 1947.91
A31: 中国以外（グローバルの予測） | B31: =貿易_月次!I44 -> 2870.91 | C31: =貿易_月次!I45 -> 2949.73
A32: 全社の予測（和）

Sheet 出所・注記
A1: 出所・注記
A3: 【出所】
A4: 財務省 貿易統計 月次速報PDF（各月）: https://www.customs.go.jp/toukei/shinbun/trade-st/ （URLは速報_原データのG列）
A5: 財務省 貿易統計 2024年5月分 概要: https://www.customs.go.jp/toukei/shinbun/trade-st/gaiyo2024_05.pdf
A6: KOKUSAI ELECTRIC 25/3期 決算説明資料: https://finance-frontend-pc-dist.west.edge.storage-yahoo.jp/disclosure/20250513/20250513544797.pdf
A7: KOKUSAI ELECTRIC 26/3期 決算説明資料: https://finance.stockweather.co.jp/contents/dispPDF.aspx?disclosure=20260513527733
A8: 27/3期1Q実績（売上754億円、中国地場25％）: https://global-net.co.jp/archives/13621
A9: 27/3期上期計画1,610億円: https://finance.yahoo.co.jp/quote/6525.T/financials
A11: 【注記】
A12: 1. 輸出はHS8486全体（FPD製造装置・部分品を含む）。KOKUSAIはその約4〜6％にあたる。
A13: 2. 速報値を使用。翌年の前年比から逆算した値と当月速報の差は最大0.7％。
A14: 3. サンプルは12四半期しかなく、係数は不安定である。
... A16: 5. 国内向け販売と海外生産分は輸出統計に現れない。
