Workbook

Sheet 手順書
B1: SPE輸入統計と企業売上の比較：Excelでの再現手順書
B2: まとめ | C2: 日本発の半導体製造装置の輸入額（台湾・韓国・EU・米国）を月次で集計し、3か月窓のQoQを企業の四半期QoQと相関させる。ラグ（シフト月）を変えて、輸入が企業売上に先行するか、同時か、遅行するかを見る。マクロは使わず、下記の関数だけで再現できる。
B3: 使用関数 | C3: SUMIFS、COUNTIFS、COUNT、SUM、INDEX、MATCH、MAX、LN、IFERROR、IF、AND、OR、ISNUMBER、SUMPRODUCT、CORREL
B4: 必要なもの | C4: Excel 2010以降（Excel 2007でも動作する関数のみ）。新しい関数（XLOOKUP、FILTER、LET等）は使っていない。
A6: 1 | B6: シート構成 | C6: 手順書／設定／四半期比較／月次集計／企業売上／ラグ走査_作業／ラグ相関／raw_月次輸入実績／raw_台湾月次。青字は入力値、黒字は数式。
A7: 2 | B7: 生データを貼る | C7: raw_月次輸入実績：A列＝月（例 2023-01-01、書式 yyyy-mm）、B列＝輸入地域（韓国／EU27／米国／中国）、C列＝HS6（文字列）、D列＝輸入額（通貨単位）、E列＝通貨、F列＝FPD除外フラグ。元ファイル「月次輸入実績」シートのK列（輸入額）をD列に貼る。
C8: F列の式（2行目）：=IF(C2="848630",0,1) ※FPD製造装置（848630）を除外するためのフラグ。行を追加したら下へコピーする。
C9: raw_台湾月次：A列＝年月、B列＝CCCコード（文字列）、C列＝分析用金額（USD）、D列＝利用状態。元ファイル「月次データ」シートのF列を貼る。台湾は4桁「8486」の合計行のみを使う（11桁の内訳と足すと二重計上になる）。
A10: 3 | B10: 設定する | C10: 設定!B3にEUR→USDの換算レート（初期値1.10）、設定!B4に比較用シフト月s（初期値3）を入れる。
A11: 4 | B11: 月次集計（地域別の月次合計） | C11: 月次集計!B2（韓国）の式：
C12: =IF(COUNTIFS(raw_月次輸入実績!$A$2:$A$20000,$A2,raw_月次輸入実績!$B$2:$B$20000,"韓国",raw_月次輸入実績!$F$2:$F$20000,1)=0,"",SUMIFS(raw_月次輸入実績!$D$2:$D$20000,raw_月次輸入実績!$A$2:$A$20000,$A2,raw_月次輸入実績!$B$2:$B$20000,"韓国",raw_月次輸入実績!$F$2:$F$20000,1))
C13: 要点：該当行が1件もない月は0ではなく空白にする（欠測を0にしない）。EU27・米国は"韓国"を"EU27"・"米国"に替える。
C14: 台湾（E2）：=IF(COUNTIFS(raw_台湾月次!$A$2:$A$20000,$A2,raw_台湾月次!$B$2:$B$20000,"8486",raw_台湾月次!$D$2:$D$20000,"利用可")=0,"",SUMIFS(raw_台湾月次!$C$2:$C$20000,raw_台湾月次!$A$2:$A$20000,$A2,raw_台湾月次!$B$2:$B$20000,"8486",raw_台湾月次!$D$2:$D$20000,"利用可"))
C15: EU27のUSD換算（F2）：=IF(C2="","",C2*設定!$B$3) ／ CORE3（G2）：=IF(COUNT(B2,E2,F2)=3,B2+E2+F2,"")
A16: 5 | B16: 3か月ローリング合計 | C16: 月次集計!H4（韓国_3M）：=IF(COUNT(B2:B4)=3,SUM(B2:B4),"") ※3か月のうち1か月でも欠けたら空白。台湾はE列、EUはF列、米国はD列、CORE3はG列を使う。
A17: 6 | B17: 企業売上を入力する | C17: 企業売上シートのB〜E列（暦四半期の売上、億円）に決算資料の値を入れる。3社合計（F列）：=IF(COUNT(B4,C4,E4)=3,B4+C4+E4,"") ／ QoQ（H5）：=IF(AND(ISNUMBER(B5),ISNUMBER(B4)),LN(B5/B4),"")
C18: 東京エレクトロン・SCREEN・KOKUSAIは決算期が3月で、四半期末が暦の3・6・9・12月と一致するため、そのまま暦四半期として扱える。
A19: 7 | B19: 輸入QoQをシフトして作る | C19: ラグ走査_作業の各列は、地域×シフト月sごとの輸入QoQである。四半期末の月番号e（B列）に対して次の式を使う。
C20: =IF(OR($B4+C$2-3<1,$B4+C$2>設定!$B$5),"",IFERROR(LN(INDEX(月次集計!$H$2:$H$45,$B4+C$2)/INDEX(月次集計!$H$2:$H$45,$B4+C$2-3)),""))
C21: 意味：月次の3M合計のうち、「eにsを足した月」までの窓の合計を、その3か月前の窓の合計で割り、LNを取る。s＝0は暦四半期そのもの、s＝3は次の四半期、s＝−3は前の四半期に相当する。
A22: 8 | B22: 相関を計算する | C22: ラグ相関シートB4：=IF(SUMPRODUCT(--ISNUMBER(x),--ISNUMBER(y))<6,"",IFERROR(CORREL(x,y),"")) x＝ラグ走査_作業の該当列（4〜17行）、y＝企業売上のQoQ列（4〜17行）。
C23: ペアの片方が空白の四半期はCORRELが自動的に除外する。使えた四半期数（N）は同シート20行目以降に表示され、6未満なら相関を出さない。
A24: 9 | B24: 結果の読み方 | C24: 負のシフトで相関が高い＝輸入が企業売上に先行（フォーキャスト向き）。0付近＝同時（ナウキャスト向き）。正のシフトで高い＝輸入が遅行（企業売上の確認用）。ラグ相関シートの35〜36行目に最大相関のシフトと値を出す。
C25: 注意：Nは11〜12四半期と小さく、シフトを13通り走査しているため、最大値には偶然の相関が含まれる。Python版の置換検定では、台湾×東京エレクトロンのp値は0.004（QoQ）だった。この検定はExcelには入れていない。
A26: 10 | B26: 四半期比較で個別に確認する | C26: 設定!B4のsを変えると、四半期比較シートの輸入QoQ・企業QoQ・相関が更新される。
A27: 11 | B27: データを更新する | C27: (a) raw_月次輸入実績、raw_台湾月次の末尾に新しい月の行を追加する（範囲は20000行まで対応）。(b) 月次集計の最終行を下へコピーし、月の列に翌月を入れる。(c) 月次集計の参照範囲$2:$45と設定!B5のCOUNT範囲を広げる。(d) 企業売上に新しい四半期の行を追加し、ラグ走査_作業に行と月番号e（3ずつ増える）を追加する。
A28: 12 | B28: 注意点 | C28: 輸入データは取得時点の改訂値で、初回公表値ではない。EUR換算は固定レート。米国は一部の月が欠測。中国は2024年12月までの収録のため月次集計に含めていない。輸入額は企業売上ではなく、国別・品目別の統計である。

Sheet 設定
A1: 設定
A3: EUR→USD 固定換算レート | B3: 1.1 | C3: EU輸入額をUSDに揃えるための仮定値。四半期ごとの平均為替は使っていない。
A4: 比較用シフト月 s | B4: 3 | C4: 四半期比較シートで使う。正の値は輸入の3か月窓を企業の四半期末より後ろへずらす（輸入が遅行）。負は先行。
A5: 月次データの行数 | B5: =COUNT(月次集計!A2:A45) -> 44 | C5: 月次集計シートの月の数。月を追加したら範囲も広げる。
A7: 青字は入力値、黒字は数式である。

Sheet 四半期比較
A1: 四半期比較（設定シートのシフト月sで表示）
A2: 現在のs | B2: =設定!B4 -> 3
A4: 四半期 | B4: 韓国QoQ | C4: 台湾QoQ | D4: EU27QoQ | E4: 米国QoQ | F4: CORE3 QoQ | G4: TEL QoQ | H4: SCREEN QoQ | I4: KOKUSAI QoQ | J4: 3社合計QoQ
A5: 2023Q1 | B5: =IF(OR(ラグ走査_作業!$B4+$B$2-3<1,ラグ走査_作業!$B4+$B$2>設定!$B$5),"",IFERROR(LN(INDEX(月次集計!$H$2:$H$45,ラグ走査_作業!$B4+$B$2)/INDEX(月次集計!$H$2:$H$45,ラグ走査_作業!$B4+$B$2-3)),"")) -> 0.053582567 | C5: =IF(OR(ラグ走査_作業!$B4+$B$2-3<1,ラグ走査_作業!$B4+$B$2>設定!$B$5),"",IFERROR(LN(INDEX(月次集計!$I$2:$I$45,ラグ走査_作業!$B4+$B$2)/INDEX(月次集計!$I$2:$I$45,ラグ走査_作業!$B4+$B$2-3)),"")) -> -0.29291864 | D5: =IF(OR(ラグ走査_作業!$B4+$B$2-3<1,ラグ走査_作業!$B4+$B$2>設定!$B$5),"",IFERROR(LN(INDEX(月次集計!$J$2:$J$45,ラグ走査_作業!$B4+$B$2)/INDEX(月次集計!$J$2:$J$45,ラグ走査_作業!$B4+$B$2-3)),"")) -> 0.442155 | E5: =IF(OR(ラグ走査_作業!$B4+$B$2-3<1,ラグ走査_作業!$B4+$B$2>設定!$B$5),"",IFERROR(LN(INDEX(月次集計!$K$2:$K$45,ラグ走査_作業!$B4+$B$2)/INDEX(月次集計!$K$2:$K$45,ラグ走査_作業!$B4+$B$2-3)),"")) -> 0.056795026 | F5: =IF(OR(ラグ走査_作業!$B4+$B$2-3<1,ラグ走査_作業!$B4+$B$2>設定!$B$5),"",IFERROR(LN(INDEX(月次集計!$L$2:$L$45,ラグ走査_作業!$B4+$B$2)/INDEX(月次集計!$L$2:$L$45,ラグ走査_作業!$B4+$B$2-3)),"")) -> -0.0024289034 | G5: =IF(ISNUMBER(企業売上!H4),企業売上!H4,"") | H5: =IF(ISNUMBER(企業売上!I4),企業売上!I4,"") | I5: =IF(ISNUMBER(企業売上!J4),企業売上!J4,"") | J5: =IF(ISNUMBER(企業売上!K4),企業売上!K4,"")
A6: 2023Q2 | B6: =IF(OR(ラグ走査_作業!$B5+$B$2-3<1,ラグ走査_作業!$B5+$B$2>設定!$B$5),"",IFERROR(LN(INDEX(月次集計!$H$2:$H$45,ラグ走査_作業!$B5+$B$2)/INDEX(月次集計!$H$2:$H$45,ラグ走査_作業!$B5+$B$2-3)),"")) -> -0.25966925 | C6: =IF(OR(ラグ走査_作業!$B5+$B$2-3<1,ラグ走査_作業!$B5+$B$2>設定!$B$5),"",IFERROR(LN(INDEX(月次集計!$I$2:$I$45,ラグ走査_作業!$B5+$B$2)/INDEX(月次集計!$I$2:$I$45,ラグ走査_作業!$B5+$B$2-3)),"")) -> -0.57386264 | D6: =IF(OR(ラグ走査_作業!$B5+$B$2-3<1,ラグ走査_作業!$B5+$B$2>設定!$B$5),"",IFERROR(LN(INDEX(月次集計!$J$2:$J$45,ラグ走査_作業!$B5+$B$2)/INDEX(月次集計!$J$2:$J$45,ラグ走査_作業!$B5+$B$2-3)),"")) -> -0.59726621 | E6: =IF(OR(ラグ走査_作業!$B5+$B$2-3<1,ラグ走査_作業!$B5+$B$2>設定!$B$5),"",IFERROR(LN(INDEX(月次集計!$K$2:$K$45,ラグ走査_作業!$B5+$B$2)/INDEX(月次集計!$K$2:$K$45,ラグ走査_作業!$B5+$B$2-3)),"")) | F6: =IF(OR(ラグ走査_作業!$B5+$B$2-3<1,ラグ走査_作業!$B5+$B$2>設定!$B$5),"",IFERROR(LN(INDEX(月次集計!$L$2:$L$45,ラグ走査_作業!$B5+$B$2)/INDEX(月次集計!$L$2:$L$45,ラグ走査_作業!$B5+$B$2-3)),"")) -> -0.44265943 | G6: =IF(ISNUMBER(企業売上!H5),企業売上!H5,"") -> -0.35422108 | H6: =IF(ISNUMBER(企業売上!I5),企業売上!I5,"") -> -0.23114359 | I6: =IF(ISNUMBER(企業売上!J5),企業売上!J5,"") | J6: =IF(ISNUMBER(企業売上!K5),企業売上!K5,"")
A7: 2023Q3 | B7: =IF(OR(ラグ走査_作業!$B6+$B$2-3<1,ラグ走査_作業!$B6+$B$2>設定!$B$5),"",IFERROR(LN(INDEX(月次集計!$H$2:$H$45,ラグ走査_作業!$B6+$B$2)/INDEX(月次集計!$H$2:$H$45,ラグ走査_作業!$B6+$B$2-3)),"")) -> -0.13604851 | C7: =IF(OR(ラグ走査_作業!$B6+$B$2-3<1,ラグ走査_作業!$B6+$B$2>設定!$B$5),"",IFERROR(LN(INDEX(月次集計!$I$2:$I$45,ラグ走査_作業!$B6+$B$2)/INDEX(月次集計!$I$2:$I$45,ラグ走査_作業!$B6+$B$2-3)),"")) -> 0.194051 | D7: =IF(OR(ラグ走査_作業!$B6+$B$2-3<1,ラグ走査_作業!$B6+$B$2>設定!$B$5),"",IFERROR(LN(INDEX(月次集計!$J$2:$J$45,ラグ走査_作業!$B6+$B$2)/INDEX(月次集計!$J$2:$J$45,ラグ走査_作業!$B6+$B$2-3)),"")) -> -0.26273573 | E7: =IF(OR(ラグ走査_作業!$B6+$B$2-3<1,ラグ走査_作業!$B6+$B$2>設定!$B$5),"",IFERROR(LN(INDEX(月次集計!$K$2:$K$45,ラグ走査_作業!$B6+$B$2)/INDEX(月次集計!$K$2:$K$45,ラグ走査_作業!$B6+$B$2-3)),"")) | F7: =IF(OR(ラグ走査_作業!$B6+$B$2-3<1,ラグ走査_作業!$B6+$B$2>設定!$B$5),"",IFERROR(LN(INDEX(月次集計!$L$2:$L$45,ラグ走査_作業!$B6+$B$2)/INDEX(月次集計!$L$2:$L$45,ラグ走査_作業!$B6+$B$2-3)),"")) -> -0.049143958 | G7: =IF(ISNUMBER(企業売上!H6),企業売上!H6,"") -> 0.088159556 | H7: =IF(ISNUMBER(企業売上!I6),企業売上!I6,"") -> 0.21507899 | I7: =IF(ISNUMBER(企業売上!J6),企業売上!J6,"") -> 0.31928741 | J7: =IF(ISNUMBER(企業売上!K6),企業売上!K6,"") -> 0.12925221
A8: 2023Q4 | B8: =IF(OR(ラグ走査_作業!$B7+$B$2-3<1,ラグ走査_作業!$B7+$B$2>設定!$B$5),"",IFERROR(LN(INDEX(月次集計!$H$2:$H$45,ラグ走査_作業!$B7+$B$2)/INDEX(月次集計!$H$2:$H$45,ラグ走査_作業!$B7+$B$2-3)),"")) -> 0.31613837 | C8: =IF(OR(ラグ走査_作業!$B7+$B$2-3<1,ラグ走査_作業!$B7+$B$2>設定!$B$5),"",IFERROR(LN(INDEX(月次集計!$I$2:$I$45,ラグ走査_作業!$B7+$B$2)/INDEX(月次集計!$I$2:$I$45,ラグ走査_作業!$B7+$B$2-3)),"")) -> 0.021462368 | D8: =IF(OR(ラグ走査_作業!$B7+$B$2-3<1,ラグ走査_作業!$B7+$B$2>設定!$B$5),"",IFERROR(LN(INDEX(月次集計!$J$2:$J$45,ラグ走査_作業!$B7+$B$2)/INDEX(月次集計!$J$2:$J$45,ラグ走査_作業!$B7+$B$2-3)),"")) -> 0.27642101 | E8: =IF(OR(ラグ走査_作業!$B7+$B$2-3<1,ラグ走査_作業!$B7+$B$2>設定!$B$5),"",IFERROR(LN(INDEX(月次集計!$K$2:$K$45,ラグ走査_作業!$B7+$B$2)/INDEX(月次集計!$K$2:$K$45,ラグ走査_作業!$B7+$B$2-3)),"")) -> -0.049406848 | F8: =IF(OR(ラグ走査_作業!$B7+$B$2-3<1,ラグ走査_作業!$B7+$B$2>設定!$B$5),"",IFERROR(LN(INDEX(月次集計!$L$2:$L$45,ラグ走査_作業!$B7+$B$2)/INDEX(月次集計!$L$2:$L$45,ラグ走査_作業!$B7+$B$2-3)),"")) -> 0.20544407 | G8: =IF(ISNUMBER(企業売上!H7),企業売上!H7,"") -> 0.080366315 | H8: =IF(ISNUMBER(企業売上!I7),企業売上!I7,"") -> 0.0080645598 | I8: =IF(ISNUMBER(企業売上!J7),企業売上!J7,"") -> 0.18232156 | J8: =IF(ISNUMBER(企業売上!K7),企業売上!K7,"") -> 0.074000159
A9: 2024Q1 | B9: =IF(OR(ラグ走査_作業!$B8+$B$2-3<1,ラグ走査_作業!$B8+$B$2>設定!$B$5),"",IFERROR(LN(INDEX(月次集計!$H$2:$H$45,ラグ走査_作業!$B8+$B$2)/INDEX(月次集計!$H$2:$H$45,ラグ走査_作業!$B8+$B$2-3)),"")) -> -0.18270322 | C9: =IF(OR(ラグ走査_作業!$B8+$B$2-3<1,ラグ走査_作業!$B8+$B$2>設定!$B$5),"",IFERROR(LN(INDEX(月次集計!$I$2:$I$45,ラグ走査_作業!$B8+$B$2)/INDEX(月次集計!$I$2:$I$45,ラグ走査_作業!$B8+$B$2-3)),"")) -> 0.37657784 | D9: =IF(OR(ラグ走査_作業!$B8+$B$2-3<1,ラグ走査_作業!$B8+$B$2>設定!$B$5),"",IFERROR(LN(INDEX(月次集計!$J$2:$J$45,ラグ走査_作業!$B8+$B$2)/INDEX(月次集計!$J$2:$J$45,ラグ走査_作業!$B8+$B$2-3)),"")) -> -0.35434777 | E9: =IF(OR(ラグ走査_作業!$B8+$B$2-3<1,ラグ走査_作業!$B8+$B$2>設定!$B$5),"",IFERROR(LN(INDEX(月次集計!$K$2:$K$45,ラグ走査_作業!$B8+$B$2)/INDEX(月次集計!$K$2:$K$45,ラグ走査_作業!$B8+$B$2-3)),"")) -> 0.082035989 | F9: =IF(OR(ラグ走査_作業!$B8+$B$2-3<1,ラグ走査_作業!$B8+$B$2>設定!$B$5),"",IFERROR(LN(INDEX(月次集計!$L$2:$L$45,ラグ走査_作業!$B8+$B$2)/INDEX(月次集計!$L$2:$L$45,ラグ走査_作業!$B8+$B$2-3)),"")) -> 0.0063762095 | G9: =IF(ISNUMBER(企業売上!H8),企業売上!H8,"") -> 0.16579225 | H9: =IF(ISNUMBER(企業売上!I8),企業売上!I8,"") -> 0.23194009 | I9: =IF(ISNUMBER(企業売上!J8),企業売上!J8,"") -> -0.093090423 | J9: =IF(ISNUMBER(企業売上!K8),企業売上!K8,"") -> 0.15985224
A10: 2024Q2 | B10: =IF(OR(ラグ走査_作業!$B9+$B$2-3<1,ラグ走査_作業!$B9+$B$2>設定!$B$5),"",IFERROR(LN(INDEX(月次集計!$H$2:$H$45,ラグ走査_作業!$B9+$B$2)/INDEX(月次集計!$H$2:$H$45,ラグ走査_作業!$B9+$B$2-3)),"")) -> 0.24786832 | C10: =IF(OR(ラグ走査_作業!$B9+$B$2-3<1,ラグ走査_作業!$B9+$B$2>設定!$B$5),"",IFERROR(LN(INDEX(月次集計!$I$2:$I$45,ラグ走査_作業!$B9+$B$2)/INDEX(月次集計!$I$2:$I$45,ラグ走査_作業!$B9+$B$2-3)),"")) -> 0.036487142 | D10: =IF(OR(ラグ走査_作業!$B9+$B$2-3<1,ラグ走査_作業!$B9+$B$2>設定!$B$5),"",IFERROR(LN(INDEX(月次集計!$J$2:$J$45,ラグ走査_作業!$B9+$B$2)/INDEX(月次集計!$J$2:$J$45,ラグ走査_作業!$B9+$B$2-3)),"")) -> 0.055257611 | E10: =IF(OR(ラグ走査_作業!$B9+$B$2-3<1,ラグ走査_作業!$B9+$B$2>設定!$B$5),"",IFERROR(LN(INDEX(月次集計!$K$2:$K$45,ラグ走査_作業!$B9+$B$2)/INDEX(月次集計!$K$2:$K$45,ラグ走査_作業!$B9+$B$2-3)),"")) -> 0.14452858 | F10: =IF(OR(ラグ走査_作業!$B9+$B$2-3<1,ラグ走査_作業!$B9+$B$2>設定!$B$5),"",IFERROR(LN(INDEX(月次集計!$L$2:$L$45,ラグ走査_作業!$B9+$B$2)/INDEX(月次集計!$L$2:$L$45,ラグ走査_作業!$B9+$B$2-3)),"")) -> 0.1295057 | G10: =IF(ISNUMBER(企業売上!H9),企業売上!H9,"") -> 0.014153747 | H10: =IF(ISNUMBER(企業売上!I9),企業売上!I9,"") -> -0.15691458 | I10: =IF(ISNUMBER(企業売上!J9),企業売上!J9,"") -> 0.28156585 | J10: =IF(ISNUMBER(企業売上!K9),企業売上!K9,"") -> 0.0013264361
A11: 2024Q3 | B11: =IF(OR(ラグ走査_作業!$B10+$B$2-3<1,ラグ走査_作業!$B10+$B$2>設定!$B$5),"",IFERROR(LN(INDEX(月次集計!$H$2:$H$45,ラグ走査_作業!$B10+$B$2)/INDEX(月次集計!$H$2:$H$45,ラグ走査_作業!$B10+$B$2-3)),"")) -> 0.17354617 | C11: =IF(OR(ラグ走査_作業!$B10+$B$2-3<1,ラグ走査_作業!$B10+$B$2>設定!$B$5),"",IFERROR(LN(INDEX(月次集計!$I$2:$I$45,ラグ走査_作業!$B10+$B$2)/INDEX(月次集計!$I$2:$I$45,ラグ走査_作業!$B10+$B$2-3)),"")) -> 0.19204575 | D11: =IF(OR(ラグ走査_作業!$B10+$B$2-3<1,ラグ走査_作業!$B10+$B$2>設定!$B$5),"",IFERROR(LN(INDEX(月次集計!$J$2:$J$45,ラグ走査_作業!$B10+$B$2)/INDEX(月次集計!$J$2:$J$45,ラグ走査_作業!$B10+$B$2-3)),"")) -> -0.11898907 | E11: =IF(OR(ラグ走査_作業!$B10+$B$2-3<1,ラグ走査_作業!$B10+$B$2>設定!$B$5),"",IFERROR(LN(INDEX(月次集計!$K$2:$K$45,ラグ走査_作業!$B10+$B$2)/INDEX(月次集計!$K$2:$K$45,ラグ走査_作業!$B10+$B$2-3)),"")) -> 0.24970646 | F11: =IF(OR(ラグ走査_作業!$B10+$B$2-3<1,ラグ走査_作業!$B10+$B$2>設定!$B$5),"",IFERROR(LN(INDEX(月次集計!$L$2:$L$45,ラグ走査_作業!$B10+$B$2)/INDEX(月次集計!$L$2:$L$45,ラグ走査_作業!$B10+$B$2-3)),"")) -> 0.14921647 | G11: =IF(ISNUMBER(企業売上!H10),企業売上!H10,"") -> 0.020508967 | H11: =IF(ISNUMBER(企業売上!I10),企業売上!I10,"") -> 0.064212462 | I11: =IF(ISNUMBER(企業売上!J10),企業売上!J10,"") -> -0.27953539 | J11: =IF(ISNUMBER(企業売上!K10),企業売上!K10,"") -> 0.0059472851
A12: 2024Q4 | B12: =IF(OR(ラグ走査_作業!$B11+$B$2-3<1,ラグ走査_作業!$B11+$B$2>設定!$B$5),"",IFERROR(LN(INDEX(月次集計!$H$2:$H$45,ラグ走査_作業!$B11+$B$2)/INDEX(月次集計!$H$2:$H$45,ラグ走査_作業!$B11+$B$2-3)),"")) -> 0.11870534 | C12: =IF(OR(ラグ走査_作業!$B11+$B$2-3<1,ラグ走査_作業!$B11+$B$2>設定!$B$5),"",IFERROR(LN(INDEX(月次集計!$I$2:$I$45,ラグ走査_作業!$B11+$B$2)/INDEX(月次集計!$I$2:$I$45,ラグ走査_作業!$B11+$B$2-3)),"")) -> 0.25045359 | D12: =IF(OR(ラグ走査_作業!$B11+$B$2-3<1,ラグ走査_作業!$B11+$B$2>設定!$B$5),"",IFERROR(LN(INDEX(月次集計!$J$2:$J$45,ラグ走査_作業!$B11+$B$2)/INDEX(月次集計!$J$2:$J$45,ラグ走査_作業!$B11+$B$2-3)),"")) -> -0.013987463 | E12: =IF(OR(ラグ走査_作業!$B11+$B$2-3<1,ラグ走査_作業!$B11+$B$2>設定!$B$5),"",IFERROR(LN(INDEX(月次集計!$K$2:$K$45,ラグ走査_作業!$B11+$B$2)/INDEX(月次集計!$K$2:$K$45,ラグ走査_作業!$B11+$B$2-3)),"")) -> -0.41887397 | F12: =IF(OR(ラグ走査_作業!$B11+$B$2-3<1,ラグ走査_作業!$B11+$B$2>設定!$B$5),"",IFERROR(LN(INDEX(月次集計!$L$2:$L$45,ラグ走査_作業!$B11+$B$2)/INDEX(月次集計!$L$2:$L$45,ラグ走査_作業!$B11+$B$2-3)),"")) -> 0.16734406 | G12: =IF(ISNUMBER(企業売上!H11),企業売上!H11,"") -> 0.1443945 | H12: =IF(ISNUMBER(企業売上!I11),企業売上!I11,"") -> 0.24320649 | I12: =IF(ISNUMBER(企業売上!J11),企業売上!J11,"") -> 0.19808576 | J12: =IF(ISNUMBER(企業売上!K11),企業売上!K11,"") -> 0.16729732
A13: 2025Q1 | B13: =IF(OR(ラグ走査_作業!$B12+$B$2-3<1,ラグ走査_作業!$B12+$B$2>設定!$B$5),"",IFERROR(LN(INDEX(月次集計!$H$2:$H$45,ラグ走査_作業!$B12+$B$2)/INDEX(月次集計!$H$2:$H$45,ラグ走査_作業!$B12+$B$2-3)),"")) -> -0.18003483 | C13: =IF(OR(ラグ走査_作業!$B12+$B$2-3<1,ラグ走査_作業!$B12+$B$2>設定!$B$5),"",IFERROR(LN(INDEX(月次集計!$I$2:$I$45,ラグ走査_作業!$B12+$B$2)/INDEX(月次集計!$I$2:$I$45,ラグ走査_作業!$B12+$B$2-3)),"")) -> 0.032947386 | D13: =IF(OR(ラグ走査_作業!$B12+$B$2-3<1,ラグ走査_作業!$B12+$B$2>設定!$B$5),"",IFERROR(LN(INDEX(月次集計!$J$2:$J$45,ラグ走査_作業!$B12+$B$2)/INDEX(月次集計!$J$2:$J$45,ラグ走査_作業!$B12+$B$2-3)),"")) -> -0.21682001 | E13: =IF(OR(ラグ走査_作業!$B12+$B$2-3<1,ラグ走査_作業!$B12+$B$2>設定!$B$5),"",IFERROR(LN(INDEX(月次集計!$K$2:$K$45,ラグ走査_作業!$B12+$B$2)/INDEX(月次集計!$K$2:$K$45,ラグ走査_作業!$B12+$B$2-3)),"")) -> -0.10925416 | F13: =IF(OR(ラグ走査_作業!$B12+$B$2-3<1,ラグ走査_作業!$B12+$B$2>設定!$B$5),"",IFERROR(LN(INDEX(月次集計!$L$2:$L$45,ラグ走査_作業!$B12+$B$2)/INDEX(月次集計!$L$2:$L$45,ラグ走査_作業!$B12+$B$2-3)),"")) -> -0.075425684 | G13: =IF(ISNUMBER(企業売上!H12),企業売上!H12,"") -> 0.0013741509 | H13: =IF(ISNUMBER(企業売上!I12),企業売上!I12,"") -> -0.098988168 | I13: =IF(ISNUMBER(企業売上!J12),企業売上!J12,"") -> 0.06754979 | J13: =IF(ISNUMBER(企業売上!K12),企業売上!K12,"") -> -0.013579694
A14: 2025Q2 | B14: =IF(OR(ラグ走査_作業!$B13+$B$2-3<1,ラグ走査_作業!$B13+$B$2>設定!$B$5),"",IFERROR(LN(INDEX(月次集計!$H$2:$H$45,ラグ走査_作業!$B13+$B$2)/INDEX(月次集計!$H$2:$H$45,ラグ走査_作業!$B13+$B$2-3)),"")) -> -0.093951286 | C14: =IF(OR(ラグ走査_作業!$B13+$B$2-3<1,ラグ走査_作業!$B13+$B$2>設定!$B$5),"",IFERROR(LN(INDEX(月次集計!$I$2:$I$45,ラグ走査_作業!$B13+$B$2)/INDEX(月次集計!$I$2:$I$45,ラグ走査_作業!$B13+$B$2-3)),"")) -> -0.24906273 | D14: =IF(OR(ラグ走査_作業!$B13+$B$2-3<1,ラグ走査_作業!$B13+$B$2>設定!$B$5),"",IFERROR(LN(INDEX(月次集計!$J$2:$J$45,ラグ走査_作業!$B13+$B$2)/INDEX(月次集計!$J$2:$J$45,ラグ走査_作業!$B13+$B$2-3)),"")) -> -0.3267691 | E14: =IF(OR(ラグ走査_作業!$B13+$B$2-3<1,ラグ走査_作業!$B13+$B$2>設定!$B$5),"",IFERROR(LN(INDEX(月次集計!$K$2:$K$45,ラグ走査_作業!$B13+$B$2)/INDEX(月次集計!$K$2:$K$45,ラグ走査_作業!$B13+$B$2-3)),"")) -> -0.57081066 | F14: =IF(OR(ラグ走査_作業!$B13+$B$2-3<1,ラグ走査_作業!$B13+$B$2>設定!$B$5),"",IFERROR(LN(INDEX(月次集計!$L$2:$L$45,ラグ走査_作業!$B13+$B$2)/INDEX(月次集計!$L$2:$L$45,ラグ走査_作業!$B13+$B$2-3)),"")) -> -0.18915025 | G14: =IF(ISNUMBER(企業売上!H13),企業売上!H13,"") -> -0.17623696 | H14: =IF(ISNUMBER(企業売上!I13),企業売上!I13,"") -> -0.19731544 | I14: =IF(ISNUMBER(企業売上!J13),企業売上!J13,"") -> -0.21616948 | J14: =IF(ISNUMBER(企業売上!K13),企業売上!K13,"") -> -0.18299975
A15: 2025Q3 | B15: =IF(OR(ラグ走査_作業!$B14+$B$2-3<1,ラグ走査_作業!$B14+$B$2>設定!$B$5),"",IFERROR(LN(INDEX(月次集計!$H$2:$H$45,ラグ走査_作業!$B14+$B$2)/INDEX(月次集計!$H$2:$H$45,ラグ走査_作業!$B14+$B$2-3)),"")) -> 0.14598239 | C15: =IF(OR(ラグ走査_作業!$B14+$B$2-3<1,ラグ走査_作業!$B14+$B$2>設定!$B$5),"",IFERROR(LN(INDEX(月次集計!$I$2:$I$45,ラグ走査_作業!$B14+$B$2)/INDEX(月次集計!$I$2:$I$45,ラグ走査_作業!$B14+$B$2-3)),"")) -> 0.15175216 | D15: =IF(OR(ラグ走査_作業!$B14+$B$2-3<1,ラグ走査_作業!$B14+$B$2>設定!$B$5),"",IFERROR(LN(INDEX(月次集計!$J$2:$J$45,ラグ走査_作業!$B14+$B$2)/INDEX(月次集計!$J$2:$J$45,ラグ走査_作業!$B14+$B$2-3)),"")) -> 0.34689065 | E15: =IF(OR(ラグ走査_作業!$B14+$B$2-3<1,ラグ走査_作業!$B14+$B$2>設定!$B$5),"",IFERROR(LN(INDEX(月次集計!$K$2:$K$45,ラグ走査_作業!$B14+$B$2)/INDEX(月次集計!$K$2:$K$45,ラグ走査_作業!$B14+$B$2-3)),"")) | F15: =IF(OR(ラグ走査_作業!$B14+$B$2-3<1,ラグ走査_作業!$B14+$B$2>設定!$B$5),"",IFERROR(LN(INDEX(月次集計!$L$2:$L$45,ラグ走査_作業!$B14+$B$2)/INDEX(月次集計!$L$2:$L$45,ラグ走査_作業!$B14+$B$2-3)),"")) -> 0.16224545 | G15: =IF(ISNUMBER(企業売上!H14),企業売上!H14,"") -> 0.13671105 | H15: =IF(ISNUMBER(企業売上!I14),企業売上!I14,"") -> 0.020423759 | I15: =IF(ISNUMBER(企業売上!J14),企業売上!J14,"") -> 0.23313211 | J15: =IF(ISNUMBER(企業売上!K14),企業売上!K14,"") -> 0.1235256
A16: 2025Q4 | B16: =IF(OR(ラグ走査_作業!$B15+$B$2-3<1,ラグ走査_作業!$B15+$B$2>設定!$B$5),"",IFERROR(LN(INDEX(月次集計!$H$2:$H$45,ラグ走査_作業!$B15+$B$2)/INDEX(月次集計!$H$2:$H$45,ラグ走査_作業!$B15+$B$2-3)),"")) -> 0.2068552 | C16: =IF(OR(ラグ走査_作業!$B15+$B$2-3<1,ラグ走査_作業!$B15+$B$2>設定!$B$5),"",IFERROR(LN(INDEX(月次集計!$I$2:$I$45,ラグ走査_作業!$B15+$B$2)/INDEX(月次集計!$I$2:$I$45,ラグ走査_作業!$B15+$B$2-3)),"")) -> 0.040798408 | D16: =IF(OR(ラグ走査_作業!$B15+$B$2-3<1,ラグ走査_作業!$B15+$B$2>設定!$B$5),"",IFERROR(LN(INDEX(月次集計!$J$2:$J$45,ラグ走査_作業!$B15+$B$2)/INDEX(月次集計!$J$2:$J$45,ラグ走査_作業!$B15+$B$2-3)),"")) -> 0.4458411 | E16: =IF(OR(ラグ走査_作業!$B15+$B$2-3<1,ラグ走査_作業!$B15+$B$2>設定!$B$5),"",IFERROR(LN(INDEX(月次集計!$K$2:$K$45,ラグ走査_作業!$B15+$B$2)/INDEX(月次集計!$K$2:$K$45,ラグ走査_作業!$B15+$B$2-3)),"")) | F16: =IF(OR(ラグ走査_作業!$B15+$B$2-3<1,ラグ走査_作業!$B15+$B$2>設定!$B$5),"",IFERROR(LN(INDEX(月次集計!$L$2:$L$45,ラグ走査_作業!$B15+$B$2)/INDEX(月次集計!$L$2:$L$45,ラグ走査_作業!$B15+$B$2-3)),"")) -> 0.14914874 | G16: =IF(ISNUMBER(企業売上!H15),企業売上!H15,"") -> -0.13217177 | H16: =IF(ISNUMBER(企業売上!I15),企業売上!I15,"") -> 0.086409511 | I16: =IF(ISNUMBER(企業売上!J15),企業売上!J15,"") -> -0.15695788 | J16: =IF(ISNUMBER(企業売上!K15),企業売上!K15,"") -> -0.094243475
... A18: 2026Q2 | B18: =IF(OR(ラグ走査_作業!$B17+$B$2-3<1,ラグ走査_作業!$B17+$B$2>設定!$B$5),"",IFERROR(LN(INDEX(月次集計!$H$2:$H$45,ラグ走査_作業!$B17+$B$2)/INDEX(月次集計!$H$2:$H$45,ラグ走査_作業!$B17+$B$2-3)),"")) | C18: =IF(OR(ラグ走査_作業!$B17+$B$2-3<1,ラグ走査_作業!$B17+$B$2>設定!$B$5),"",IFERROR(LN(INDEX(月次集計!$I$2:$I$45,ラグ走査_作業!$B17+$B$2)/INDEX(月次集計!$I$2:$I$45,ラグ走査_作業!$B17+$B$2-3)),"")) | D18: =IF(OR(ラグ走査_作業!$B17+$B$2-3<1,ラグ走査_作業!$B17+$B$2>設定!$B$5),"",IFERROR(LN(INDEX(月次集計!$J$2:$J$45,ラグ走査_作業!$B17+$B$2)/INDEX(月次集計!$J$2:$J$45,ラグ走査_作業!$B17+$B$2-3)),"")) | E18: =IF(OR(ラグ走査_作業!$B17+$B$2-3<1,ラグ走査_作業!$B17+$B$2>設定!$B$5),"",IFERROR(LN(INDEX(月次集計!$K$2:$K$45,ラグ走査_作業!$B17+$B$2)/INDEX(月次集計!$K$2:$K$45,ラグ走査_作業!$B17+$B$2-3)),"")) | F18: =IF(OR(ラグ走査_作業!$B17+$B$2-3<1,ラグ走査_作業!$B17+$B$2>設定!$B$5),"",IFERROR(LN(INDEX(月次集計!$L$2:$L$45,ラグ走査_作業!$B17+$B$2)/INDEX(月次集計!$L$2:$L$45,ラグ走査_作業!$B17+$B$2-3)),"")) | G18: =IF(ISNUMBER(企業売上!H17),企業売上!H17,"") -> 0.028393293 | H18: =IF(ISNUMBER(企業売上!I17),企業売上!I17,"") -> -0.39306313 | I18: =IF(ISNUMBER(企業売上!J17),企業売上!J17,"") -> 0.19567289 | J18: =IF(ISNUMBER(企業売上!K17),企業売上!K17,"") -> -0.026229271
A21: 相関
B22: TEL | C22: SCREEN | D22: KOKUSAI | E22: 3社合計
A23: 韓国 | B23: =IF(SUMPRODUCT(--ISNUMBER($B$5:$B$18),--ISNUMBER($G$5:$G$18))<6,"",IFERROR(CORREL($B$5:$B$18,$G$5:$G$18),"")) -> 0.25736001 | C23: =IF(SUMPRODUCT(--ISNUMBER($B$5:$B$18),--ISNUMBER($H$5:$H$18))<6,"",IFERROR(CORREL($B$5:$B$18,$H$5:$H$18),"")) -> 0.092859222 | D23: =IF(SUMPRODUCT(--ISNUMBER($B$5:$B$18),--ISNUMBER($I$5:$I$18))<6,"",IFERROR(CORREL($B$5:$B$18,$I$5:$I$18),"")) -> 0.1261783 | E23: =IF(SUMPRODUCT(--ISNUMBER($B$5:$B$18),--ISNUMBER($J$5:$J$18))<6,"",IFERROR(CORREL($B$5:$B$18,$J$5:$J$18),"")) -> -0.10116672
A24: 台湾 | B24: =IF(SUMPRODUCT(--ISNUMBER($C$5:$C$18),--ISNUMBER($G$5:$G$18))<6,"",IFERROR(CORREL($C$5:$C$18,$G$5:$G$18),"")) -> 0.90235786 | C24: =IF(SUMPRODUCT(--ISNUMBER($C$5:$C$18),--ISNUMBER($H$5:$H$18))<6,"",IFERROR(CORREL($C$5:$C$18,$H$5:$H$18),"")) -> 0.84299116 | D24: =IF(SUMPRODUCT(--ISNUMBER($C$5:$C$18),--ISNUMBER($I$5:$I$18))<6,"",IFERROR(CORREL($C$5:$C$18,$I$5:$I$18),"")) -> 0.20484279 | E24: =IF(SUMPRODUCT(--ISNUMBER($C$5:$C$18),--ISNUMBER($J$5:$J$18))<6,"",IFERROR(CORREL($C$5:$C$18,$J$5:$J$18),"")) -> 0.8391116
A25: EU27 | B25: =IF(SUMPRODUCT(--ISNUMBER($D$5:$D$18),--ISNUMBER($G$5:$G$18))<6,"",IFERROR(CORREL($D$5:$D$18,$G$5:$G$18),"")) -> 0.49613563 | C25: =IF(SUMPRODUCT(--ISNUMBER($D$5:$D$18),--ISNUMBER($H$5:$H$18))<6,"",IFERROR(CORREL($D$5:$D$18,$H$5:$H$18),"")) -> 0.31788664 | D25: =IF(SUMPRODUCT(--ISNUMBER($D$5:$D$18),--ISNUMBER($I$5:$I$18))<6,"",IFERROR(CORREL($D$5:$D$18,$I$5:$I$18),"")) -> 0.21771703 | E25: =IF(SUMPRODUCT(--ISNUMBER($D$5:$D$18),--ISNUMBER($J$5:$J$18))<6,"",IFERROR(CORREL($D$5:$D$18,$J$5:$J$18),"")) -> 0.21797565
A26: 米国 | B26: =IF(SUMPRODUCT(--ISNUMBER($E$5:$E$18),--ISNUMBER($G$5:$G$18))<6,"",IFERROR(CORREL($E$5:$E$18,$G$5:$G$18),"")) -> 0.39449757 | C26: =IF(SUMPRODUCT(--ISNUMBER($E$5:$E$18),--ISNUMBER($H$5:$H$18))<6,"",IFERROR(CORREL($E$5:$E$18,$H$5:$H$18),"")) -> 0.13313642 | D26: =IF(SUMPRODUCT(--ISNUMBER($E$5:$E$18),--ISNUMBER($I$5:$I$18))<6,"",IFERROR(CORREL($E$5:$E$18,$I$5:$I$18),"")) -> 0.0020247768 | E26: =IF(SUMPRODUCT(--ISNUMBER($E$5:$E$18),--ISNUMBER($J$5:$J$18))<6,"",IFERROR(CORREL($E$5:$E$18,$J$5:$J$18),"")) -> 0.31158705
A27: CORE3 | B27: =IF(SUMPRODUCT(--ISNUMBER($F$5:$F$18),--ISNUMBER($G$5:$G$18))<6,"",IFERROR(CORREL($F$5:$F$18,$G$5:$G$18),"")) -> 0.73696699 | C27: =IF(SUMPRODUCT(--ISNUMBER($F$5:$F$18),--ISNUMBER($H$5:$H$18))<6,"",IFERROR(CORREL($F$5:$F$18,$H$5:$H$18),"")) -> 0.55687294 | D27: =IF(SUMPRODUCT(--ISNUMBER($F$5:$F$18),--ISNUMBER($I$5:$I$18))<6,"",IFERROR(CORREL($F$5:$F$18,$I$5:$I$18),"")) -> 0.25058135 | E27: =IF(SUMPRODUCT(--ISNUMBER($F$5:$F$18),--ISNUMBER($J$5:$J$18))<6,"",IFERROR(CORREL($F$5:$F$18,$J$5:$J$18),"")) -> 0.44188733
A29: 使い方：設定シートのB4（s）を変えると、この表と相関が更新される。

Sheet raw_月次輸入実績
A1: 月 | B1: 輸入地域 | C1: HS6 | D1: 輸入額（通貨単位） | E1: 通貨 | F1: FPD除外フラグ
A2: 44927 | B2: EU27 | C2: 848610 | D2: 2701068 | E2: EUR | F2: =IF(C2="848630",0,1) -> 1
A3: 44927 | B3: EU27 | C3: 848620 | D3: 59768177 | E3: EUR | F3: =IF(C3="848630",0,1) -> 1
A4: 44927 | B4: EU27 | C4: 848640 | D4: 8897655 | E4: EUR | F4: =IF(C4="848630",0,1) -> 1
A5: 44927 | B5: EU27 | C5: 848690 | D5: 31245786 | E5: EUR | F5: =IF(C5="848630",0,1) -> 1
A6: 44927 | B6: EU27 | C6: 903082 | D6: 4639682 | E6: EUR | F6: =IF(C6="848630",0,1) -> 1
A7: 44927 | B7: EU27 | C7: 903141 | D7: 1854842 | E7: EUR | F7: =IF(C7="848630",0,1) -> 1
A8: 44958 | B8: EU27 | C8: 848610 | D8: 2457116 | E8: EUR | F8: =IF(C8="848630",0,1) -> 1
A9: 44958 | B9: EU27 | C9: 848620 | D9: 72816528 | E9: EUR | F9: =IF(C9="848630",0,1) -> 1
A10: 44958 | B10: EU27 | C10: 848640 | D10: 6258595 | E10: EUR | F10: =IF(C10="848630",0,1) -> 1
A11: 44958 | B11: EU27 | C11: 848690 | D11: 31829306 | E11: EUR | F11: =IF(C11="848630",0,1) -> 1
A12: 44958 | B12: EU27 | C12: 903082 | D12: 3083575 | E12: EUR | F12: =IF(C12="848630",0,1) -> 1
A13: 44958 | B13: EU27 | C13: 903141 | D13: 2453415 | E13: EUR | F13: =IF(C13="848630",0,1) -> 1
... A3426: 46235 | B3426: 韓国 | C3426: 903141 | D3426: 23720000 | E3426: USD | F3426: =IF(C3426="848630",0,1) -> 1

Sheet raw_台湾月次
A1: 年月 | B1: CCCコード | C1: 分析用金額（USD） | D1: 利用状態
A2: 44927 | B2: 8486 | C2: 491979231 | D2: 利用可
A3: 44958 | B3: 8486 | C3: 504745637 | D3: 利用可
A4: 44986 | B4: 8486 | C4: 502856760 | D4: 利用可
A5: 45017 | B5: 8486 | C5: 344651016 | D5: 利用可
A6: 45047 | B6: 8486 | C6: 478045743 | D6: 利用可
A7: 45078 | B7: 8486 | C7: 296115358 | D7: 利用可
A8: 45108 | B8: 8486 | C8: 281048307 | D8: 利用可
A9: 45139 | B9: 8486 | C9: 167344017 | D9: 利用可
A10: 45170 | B10: 8486 | C10: 181885144 | D10: 利用可
A11: 45200 | B11: 8486 | C11: 236236817 | D11: 利用可
A12: 45231 | B12: 8486 | C12: 236798470 | D12: 利用可
A13: 45261 | B13: 8486 | C13: 292221271 | D13: 利用可
... A45: 46235 | B45: 8486 | C45: 651926933 | D45: 利用可
A46: 44927 | B46: 84861000201 | D46: 秘匿影響・利用除外
A47: 44958 | B47: 84861000201 | D47: 秘匿影響・利用除外
A48: 44986 | B48: 84861000201 | D48: 秘匿影響・利用除外
A49: 45017 | B49: 84861000201 | D49: 秘匿影響・利用除外
A50: 45047 | B50: 84861000201 | D50: 秘匿影響・利用除外
A51: 45078 | B51: 84861000201 | D51: 秘匿影響・利用除外
A52: 45108 | B52: 84861000201 | D52: 秘匿影響・利用除外
A53: 45139 | B53: 84861000201 | D53: 秘匿影響・利用除外
A54: 45170 | B54: 84861000201 | D54: 秘匿影響・利用除外
A55: 45200 | B55: 84861000201 | D55: 秘匿影響・利用除外
A56: 45231 | B56: 84861000201 | D56: 秘匿影響・利用除外
A57: 45261 | B57: 84861000201 | D57: 秘匿影響・利用除外
... A62: 45413 | B62: 84861000201 | D62: 秘匿影響・利用除外
A63: 45444 | B63: 84861000201 | C63: 27196939 | D63: 利用可
A64: 45474 | B64: 84861000201 | C64: 20619906 | D64: 利用可
A65: 45505 | B65: 84861000201 | C65: 37486776 | D65: 利用可
A66: 45536 | B66: 84861000201 | C66: 24835115 | D66: 利用可
A67: 45566 | B67: 84861000201 | C67: 25536228 | D67: 利用可
A68: 45597 | B68: 84861000201 | C68: 32748896 | D68: 利用可
A69: 45627 | B69: 84861000201 | C69: 42504342 | D69: 利用可
A70: 45658 | B70: 84861000201 | C70: 27950441 | D70: 利用可
A71: 45689 | B71: 84861000201 | C71: 41377266 | D71: 利用可
A72: 45717 | B72: 84861000201 | C72: 53227057 | D72: 利用可
A73: 45748 | B73: 84861000201 | C73: 87920825 | D73: 利用可
A74: 45778 | B74: 84861000201 | C74: 71288756 | D74: 利用可
... A96: 45108 | B96: 84862000209 | C96: 3357295 | D96: 利用可
A97: 45139 | B97: 84862000209 | D97: 原表欠測
A98: 45170 | B98: 84862000209 | C98: 2303543 | D98: 利用可
A99: 45200 | B99: 84862000209 | C99: 1961174 | D99: 利用可
A100: 45231 | B100: 84862000209 | C100: 5176992 | D100: 利用可
A101: 45261 | B101: 84862000209 | C101: 1534467 | D101: 利用可
A102: 45292 | B102: 84862000209 | C102: 1729081 | D102: 利用可
A103: 45323 | B103: 84862000209 | C103: 1711763 | D103: 利用可
A104: 45352 | B104: 84862000209 | C104: 9858949 | D104: 利用可
A105: 45383 | B105: 84862000209 | C105: 6882243 | D105: 利用可
A106: 45413 | B106: 84862000209 | C106: 4930290 | D106: 利用可
A107: 45444 | B107: 84862000209 | C107: 6016677 | D107: 利用可
A108: 45474 | B108: 84862000209 | C108: 5633969 | D108: 利用可
A109: 45505 | B109: 84862000209 | C109: 8692052 | D109: 利用可
... A137: 45017 | B137: 84862000325 | C137: 12699671 | D137: 利用可
A138: 45047 | B138: 84862000325 | D138: 原表欠測
A139: 45078 | B139: 84862000325 | C139: 178034 | D139: 利用可
A140: 45108 | B140: 84862000325 | C140: 6644061 | D140: 利用可
A141: 45139 | B141: 84862000325 | C141: 2650569 | D141: 利用可
A142: 45170 | B142: 84862000325 | C142: 7108436 | D142: 利用可
A143: 45200 | B143: 84862000325 | C143: 6458411 | D143: 利用可
A144: 45231 | B144: 84862000325 | C144: 7597 | D144: 利用可
A145: 45261 | B145: 84862000325 | C145: 10967313 | D145: 利用可
A146: 45292 | B146: 84862000325 | C146: 7127763 | D146: 利用可
A147: 45323 | B147: 84862000325 | C147: 11266656 | D147: 利用可
A148: 45352 | B148: 84862000325 | C148: 2930155 | D148: 利用可
A149: 45383 | B149: 84862000325 | C149: 7276262 | D149: 利用可
A150: 45413 | B150: 84862000325 | C150: 6138896 | D150: 利用可
... A177: 46235 | B177: 84862000325 | C177: 43633664 | D177: 利用可
A178: 44927 | B178: 84862000619 | D178: 原表欠測
A179: 44958 | B179: 84862000619 | C179: 2549420 | D179: 利用可
A180: 44986 | B180: 84862000619 | C180: 4025777 | D180: 利用可
A181: 45017 | B181: 84862000619 | D181: 原表欠測
A182: 45047 | B182: 84862000619 | D182: 原表欠測
A183: 45078 | B183: 84862000619 | C183: 2677547 | D183: 利用可
A184: 45108 | B184: 84862000619 | C184: 2591543 | D184: 利用可
A185: 45139 | B185: 84862000619 | C185: 1451707 | D185: 利用可
A186: 45170 | B186: 84862000619 | D186: 原表欠測
A187: 45200 | B187: 84862000619 | D187: 原表欠測
A188: 45231 | B188: 84862000619 | C188: 2484434 | D188: 利用可
A189: 45261 | B189: 84862000619 | C189: 4261208 | D189: 利用可
A190: 45292 | B190: 84862000619 | C190: 2612629 | D190: 利用可
A191: 45323 | B191: 84862000619 | C191: 5005260 | D191: 利用可
A192: 45352 | B192: 84862000619 | C192: 7437504 | D192: 利用可
A193: 45383 | B193: 84862000619 | C193: 11227975 | D193: 利用可
A194: 45413 | B194: 84862000619 | C194: 4786551 | D194: 利用可
A195: 45444 | B195: 84862000619 | C195: 6002 | D195: 利用可
A196: 45474 | B196: 84862000619 | C196: 4709170 | D196: 利用可
A197: 45505 | B197: 84862000619 | D197: 原表欠測
A198: 45536 | B198: 84862000619 | C198: 4924554 | D198: 利用可
A199: 45566 | B199: 84862000619 | C199: 19270616 | D199: 利用可
A200: 45597 | B200: 84862000619 | C200: 16101431 | D200: 利用可
A201: 45627 | B201: 84862000619 | C201: 16997506 | D201: 利用可
A202: 45658 | B202: 84862000619 | C202: 11508696 | D202: 利用可
A203: 45689 | B203: 84862000619 | C203: 7199482 | D203: 利用可
A204: 45717 | B204: 84862000619 | C204: 13383109 | D204: 利用可
A205: 45748 | B205: 84862000619 | C205: 8078717 | D205: 利用可
A206: 45778 | B206: 84862000619 | C206: 17946075 | D206: 利用可
A207: 45809 | B207: 84862000619 | C207: 24872873 | D207: 利用可
A208: 45839 | B208: 84862000619 | C208: 9043850 | D208: 利用可
A209: 45870 | B209: 84862000619 | C209: 12966553 | D209: 利用可
...

Sheet 月次集計
A1: 月 | B1: 韓国(USD) | C1: EU27(EUR) | D1: 米国(USD) | E1: 台湾(USD) | F1: EU27(USD換算) | G1: CORE3(KR+TW+EU) | H1: 韓国_3M | I1: 台湾_3M | J1: EU27_3M | K1: 米国_3M | L1: CORE3_3M
A2: 44927 | B2: =IF(COUNTIFS(raw_月次輸入実績!$A$2:$A$20000,$A2,raw_月次輸入実績!$B$2:$B$20000,"韓国",raw_月次輸入実績!$F$2:$F$20000,1)=0,"",SUMIFS(raw_月次輸入実績!$D$2:$D$20000,raw_月次輸入実績!$A$2:$A$20000,$A2,raw_月次輸入実績!$B$2:$B$20000,"韓国",raw_月次輸入実績!$F$2:$F$20000,1)) -> 304186000 | C2: =IF(COUNTIFS(raw_月次輸入実績!$A$2:$A$20000,$A2,raw_月次輸入実績!$B$2:$B$20000,"EU27",raw_月次輸入実績!$F$2:$F$20000,1)=0,"",SUMIFS(raw_月次輸入実績!$D$2:$D$20000,raw_月次輸入実績!$A$2:$A$20000,$A2,raw_月次輸入実績!$B$2:$B$20000,"EU27",raw_月次輸入実績!$F$2:$F$20000,1)) -> 109107210 | D2: =IF(COUNTIFS(raw_月次輸入実績!$A$2:$A$20000,$A2,raw_月次輸入実績!$B$2:$B$20000,"米国",raw_月次輸入実績!$F$2:$F$20000,1)=0,"",SUMIFS(raw_月次輸入実績!$D$2:$D$20000,raw_月次輸入実績!$A$2:$A$20000,$A2,raw_月次輸入実績!$B$2:$B$20000,"米国",raw_月次輸入実績!$F$2:$F$20000,1)) -> 293644294 | E2: =IF(COUNTIFS(raw_台湾月次!$A$2:$A$20000,$A2,raw_台湾月次!$B$2:$B$20000,"8486",raw_台湾月次!$D$2:$D$20000,"利用可")=0,"",SUMIFS(raw_台湾月次!$C$2:$C$20000,raw_台湾月次!$A$2:$A$20000,$A2,raw_台湾月次!$B$2:$B$20000,"8486",raw_台湾月次!$D$2:$D$20000,"利用可")) -> 491979231 | F2: =IF(C2="","",C2*設定!$B$3) -> 120017931 | G2: =IF(COUNT(B2,E2,F2)=3,B2+E2+F2,"") -> 916183162
A3: 44958 | B3: =IF(COUNTIFS(raw_月次輸入実績!$A$2:$A$20000,$A3,raw_月次輸入実績!$B$2:$B$20000,"韓国",raw_月次輸入実績!$F$2:$F$20000,1)=0,"",SUMIFS(raw_月次輸入実績!$D$2:$D$20000,raw_月次輸入実績!$A$2:$A$20000,$A3,raw_月次輸入実績!$B$2:$B$20000,"韓国",raw_月次輸入実績!$F$2:$F$20000,1)) -> 377138000 | C3: =IF(COUNTIFS(raw_月次輸入実績!$A$2:$A$20000,$A3,raw_月次輸入実績!$B$2:$B$20000,"EU27",raw_月次輸入実績!$F$2:$F$20000,1)=0,"",SUMIFS(raw_月次輸入実績!$D$2:$D$20000,raw_月次輸入実績!$A$2:$A$20000,$A3,raw_月次輸入実績!$B$2:$B$20000,"EU27",raw_月次輸入実績!$F$2:$F$20000,1)) -> 118898535 | D3: =IF(COUNTIFS(raw_月次輸入実績!$A$2:$A$20000,$A3,raw_月次輸入実績!$B$2:$B$20000,"米国",raw_月次輸入実績!$F$2:$F$20000,1)=0,"",SUMIFS(raw_月次輸入実績!$D$2:$D$20000,raw_月次輸入実績!$A$2:$A$20000,$A3,raw_月次輸入実績!$B$2:$B$20000,"米国",raw_月次輸入実績!$F$2:$F$20000,1)) -> 349797338 | E3: =IF(COUNTIFS(raw_台湾月次!$A$2:$A$20000,$A3,raw_台湾月次!$B$2:$B$20000,"8486",raw_台湾月次!$D$2:$D$20000,"利用可")=0,"",SUMIFS(raw_台湾月次!$C$2:$C$20000,raw_台湾月次!$A$2:$A$20000,$A3,raw_台湾月次!$B$2:$B$20000,"8486",raw_台湾月次!$D$2:$D$20000,"利用可")) -> 504745637 | F3: =IF(C3="","",C3*設定!$B$3) -> 1.3078839e+08 | G3: =IF(COUNT(B3,E3,F3)=3,B3+E3+F3,"") -> 1.012672e+09
A4: 44986 | B4: =IF(COUNTIFS(raw_月次輸入実績!$A$2:$A$20000,$A4,raw_月次輸入実績!$B$2:$B$20000,"韓国",raw_月次輸入実績!$F$2:$F$20000,1)=0,"",SUMIFS(raw_月次輸入実績!$D$2:$D$20000,raw_月次輸入実績!$A$2:$A$20000,$A4,raw_月次輸入実績!$B$2:$B$20000,"韓国",raw_月次輸入実績!$F$2:$F$20000,1)) -> 545674000 | C4: =IF(COUNTIFS(raw_月次輸入実績!$A$2:$A$20000,$A4,raw_月次輸入実績!$B$2:$B$20000,"EU27",raw_月次輸入実績!$F$2:$F$20000,1)=0,"",SUMIFS(raw_月次輸入実績!$D$2:$D$20000,raw_月次輸入実績!$A$2:$A$20000,$A4,raw_月次輸入実績!$B$2:$B$20000,"EU27",raw_月次輸入実績!$F$2:$F$20000,1)) -> 271099575 | D4: =IF(COUNTIFS(raw_月次輸入実績!$A$2:$A$20000,$A4,raw_月次輸入実績!$B$2:$B$20000,"米国",raw_月次輸入実績!$F$2:$F$20000,1)=0,"",SUMIFS(raw_月次輸入実績!$D$2:$D$20000,raw_月次輸入実績!$A$2:$A$20000,$A4,raw_月次輸入実績!$B$2:$B$20000,"米国",raw_月次輸入実績!$F$2:$F$20000,1)) -> 474108474 | E4: =IF(COUNTIFS(raw_台湾月次!$A$2:$A$20000,$A4,raw_台湾月次!$B$2:$B$20000,"8486",raw_台湾月次!$D$2:$D$20000,"利用可")=0,"",SUMIFS(raw_台湾月次!$C$2:$C$20000,raw_台湾月次!$A$2:$A$20000,$A4,raw_台湾月次!$B$2:$B$20000,"8486",raw_台湾月次!$D$2:$D$20000,"利用可")) -> 502856760 | F4: =IF(C4="","",C4*設定!$B$3) -> 2.9820953e+08 | G4: =IF(COUNT(B4,E4,F4)=3,B4+E4+F4,"") -> 1.3467403e+09 | H4: =IF(COUNT(B2:B4)=3,SUM(B2:B4),"") -> 1226998000 | I4: =IF(COUNT(E2:E4)=3,SUM(E2:E4),"") -> 1499581628 | J4: =IF(COUNT(F2:F4)=3,SUM(F2:F4),"") -> 549015852 | K4: =IF(COUNT(D2:D4)=3,SUM(D2:D4),"") -> 1117550106 | L4: =IF(COUNT(G2:G4)=3,SUM(G2:G4),"") -> 3275595480
A5: 45017 | B5: =IF(COUNTIFS(raw_月次輸入実績!$A$2:$A$20000,$A5,raw_月次輸入実績!$B$2:$B$20000,"韓国",raw_月次輸入実績!$F$2:$F$20000,1)=0,"",SUMIFS(raw_月次輸入実績!$D$2:$D$20000,raw_月次輸入実績!$A$2:$A$20000,$A5,raw_月次輸入実績!$B$2:$B$20000,"韓国",raw_月次輸入実績!$F$2:$F$20000,1)) -> 444608000 | C5: =IF(COUNTIFS(raw_月次輸入実績!$A$2:$A$20000,$A5,raw_月次輸入実績!$B$2:$B$20000,"EU27",raw_月次輸入実績!$F$2:$F$20000,1)=0,"",SUMIFS(raw_月次輸入実績!$D$2:$D$20000,raw_月次輸入実績!$A$2:$A$20000,$A5,raw_月次輸入実績!$B$2:$B$20000,"EU27",raw_月次輸入実績!$F$2:$F$20000,1)) -> 241413843 | D5: =IF(COUNTIFS(raw_月次輸入実績!$A$2:$A$20000,$A5,raw_月次輸入実績!$B$2:$B$20000,"米国",raw_月次輸入実績!$F$2:$F$20000,1)=0,"",SUMIFS(raw_月次輸入実績!$D$2:$D$20000,raw_月次輸入実績!$A$2:$A$20000,$A5,raw_月次輸入実績!$B$2:$B$20000,"米国",raw_月次輸入実績!$F$2:$F$20000,1)) -> 565164996 | E5: =IF(COUNTIFS(raw_台湾月次!$A$2:$A$20000,$A5,raw_台湾月次!$B$2:$B$20000,"8486",raw_台湾月次!$D$2:$D$20000,"利用可")=0,"",SUMIFS(raw_台湾月次!$C$2:$C$20000,raw_台湾月次!$A$2:$A$20000,$A5,raw_台湾月次!$B$2:$B$20000,"8486",raw_台湾月次!$D$2:$D$20000,"利用可")) -> 344651016 | F5: =IF(C5="","",C5*設定!$B$3) -> 2.6555523e+08 | G5: =IF(COUNT(B5,E5,F5)=3,B5+E5+F5,"") -> 1.0548142e+09 | H5: =IF(COUNT(B3:B5)=3,SUM(B3:B5),"") -> 1367420000 | I5: =IF(COUNT(E3:E5)=3,SUM(E3:E5),"") -> 1352253413 | J5: =IF(COUNT(F3:F5)=3,SUM(F3:F5),"") -> 6.9455315e+08 | K5: =IF(COUNT(D3:D5)=3,SUM(D3:D5),"") -> 1389070808 | L5: =IF(COUNT(G3:G5)=3,SUM(G3:G5),"") -> 3.4142266e+09
A6: 45047 | B6: =IF(COUNTIFS(raw_月次輸入実績!$A$2:$A$20000,$A6,raw_月次輸入実績!$B$2:$B$20000,"韓国",raw_月次輸入実績!$F$2:$F$20000,1)=0,"",SUMIFS(raw_月次輸入実績!$D$2:$D$20000,raw_月次輸入実績!$A$2:$A$20000,$A6,raw_月次輸入実績!$B$2:$B$20000,"韓国",raw_月次輸入実績!$F$2:$F$20000,1)) -> 381300000 | C6: =IF(COUNTIFS(raw_月次輸入実績!$A$2:$A$20000,$A6,raw_月次輸入実績!$B$2:$B$20000,"EU27",raw_月次輸入実績!$F$2:$F$20000,1)=0,"",SUMIFS(raw_月次輸入実績!$D$2:$D$20000,raw_月次輸入実績!$A$2:$A$20000,$A6,raw_月次輸入実績!$B$2:$B$20000,"EU27",raw_月次輸入実績!$F$2:$F$20000,1)) -> 289915110 | D6: =IF(COUNTIFS(raw_月次輸入実績!$A$2:$A$20000,$A6,raw_月次輸入実績!$B$2:$B$20000,"米国",raw_月次輸入実績!$F$2:$F$20000,1)=0,"",SUMIFS(raw_月次輸入実績!$D$2:$D$20000,raw_月次輸入実績!$A$2:$A$20000,$A6,raw_月次輸入実績!$B$2:$B$20000,"米国",raw_月次輸入実績!$F$2:$F$20000,1)) -> 362202336 | E6: =IF(COUNTIFS(raw_台湾月次!$A$2:$A$20000,$A6,raw_台湾月次!$B$2:$B$20000,"8486",raw_台湾月次!$D$2:$D$20000,"利用可")=0,"",SUMIFS(raw_台湾月次!$C$2:$C$20000,raw_台湾月次!$A$2:$A$20000,$A6,raw_台湾月次!$B$2:$B$20000,"8486",raw_台湾月次!$D$2:$D$20000,"利用可")) -> 478045743 | F6: =IF(C6="","",C6*設定!$B$3) -> 318906621 | G6: =IF(COUNT(B6,E6,F6)=3,B6+E6+F6,"") -> 1178252364 | H6: =IF(COUNT(B4:B6)=3,SUM(B4:B6),"") -> 1371582000 | I6: =IF(COUNT(E4:E6)=3,SUM(E4:E6),"") -> 1325553519 | J6: =IF(COUNT(F4:F6)=3,SUM(F4:F6),"") -> 8.8267138e+08 | K6: =IF(COUNT(D4:D6)=3,SUM(D4:D6),"") -> 1401475806 | L6: =IF(COUNT(G4:G6)=3,SUM(G4:G6),"") -> 3.5798069e+09
A7: 45078 | B7: =IF(COUNTIFS(raw_月次輸入実績!$A$2:$A$20000,$A7,raw_月次輸入実績!$B$2:$B$20000,"韓国",raw_月次輸入実績!$F$2:$F$20000,1)=0,"",SUMIFS(raw_月次輸入実績!$D$2:$D$20000,raw_月次輸入実績!$A$2:$A$20000,$A7,raw_月次輸入実績!$B$2:$B$20000,"韓国",raw_月次輸入実績!$F$2:$F$20000,1)) -> 468629000 | C7: =IF(COUNTIFS(raw_月次輸入実績!$A$2:$A$20000,$A7,raw_月次輸入実績!$B$2:$B$20000,"EU27",raw_月次輸入実績!$F$2:$F$20000,1)=0,"",SUMIFS(raw_月次輸入実績!$D$2:$D$20000,raw_月次輸入実績!$A$2:$A$20000,$A7,raw_月次輸入実績!$B$2:$B$20000,"EU27",raw_月次輸入実績!$F$2:$F$20000,1)) -> 245307331 | D7: =IF(COUNTIFS(raw_月次輸入実績!$A$2:$A$20000,$A7,raw_月次輸入実績!$B$2:$B$20000,"米国",raw_月次輸入実績!$F$2:$F$20000,1)=0,"",SUMIFS(raw_月次輸入実績!$D$2:$D$20000,raw_月次輸入実績!$A$2:$A$20000,$A7,raw_月次輸入実績!$B$2:$B$20000,"米国",raw_月次輸入実績!$F$2:$F$20000,1)) -> 255491101 | E7: =IF(COUNTIFS(raw_台湾月次!$A$2:$A$20000,$A7,raw_台湾月次!$B$2:$B$20000,"8486",raw_台湾月次!$D$2:$D$20000,"利用可")=0,"",SUMIFS(raw_台湾月次!$C$2:$C$20000,raw_台湾月次!$A$2:$A$20000,$A7,raw_台湾月次!$B$2:$B$20000,"8486",raw_台湾月次!$D$2:$D$20000,"利用可")) -> 296115358 | F7: =IF(C7="","",C7*設定!$B$3) -> 2.6983806e+08 | G7: =IF(COUNT(B7,E7,F7)=3,B7+E7+F7,"") -> 1.0345824e+09 | H7: =IF(COUNT(B5:B7)=3,SUM(B5:B7),"") -> 1294537000 | I7: =IF(COUNT(E5:E7)=3,SUM(E5:E7),"") -> 1118812117 | J7: =IF(COUNT(F5:F7)=3,SUM(F5:F7),"") -> 8.5429991e+08 | K7: =IF(COUNT(D5:D7)=3,SUM(D5:D7),"") -> 1182858433 | L7: =IF(COUNT(G5:G7)=3,SUM(G5:G7),"") -> 3.267649e+09
A8: 45108 | B8: =IF(COUNTIFS(raw_月次輸入実績!$A$2:$A$20000,$A8,raw_月次輸入実績!$B$2:$B$20000,"韓国",raw_月次輸入実績!$F$2:$F$20000,1)=0,"",SUMIFS(raw_月次輸入実績!$D$2:$D$20000,raw_月次輸入実績!$A$2:$A$20000,$A8,raw_月次輸入実績!$B$2:$B$20000,"韓国",raw_月次輸入実績!$F$2:$F$20000,1)) -> 412611000 | C8: =IF(COUNTIFS(raw_月次輸入実績!$A$2:$A$20000,$A8,raw_月次輸入実績!$B$2:$B$20000,"EU27",raw_月次輸入実績!$F$2:$F$20000,1)=0,"",SUMIFS(raw_月次輸入実績!$D$2:$D$20000,raw_月次輸入実績!$A$2:$A$20000,$A8,raw_月次輸入実績!$B$2:$B$20000,"EU27",raw_月次輸入実績!$F$2:$F$20000,1)) -> 154212097 | D8: =IF(COUNTIFS(raw_月次輸入実績!$A$2:$A$20000,$A8,raw_月次輸入実績!$B$2:$B$20000,"米国",raw_月次輸入実績!$F$2:$F$20000,1)=0,"",SUMIFS(raw_月次輸入実績!$D$2:$D$20000,raw_月次輸入実績!$A$2:$A$20000,$A8,raw_月次輸入実績!$B$2:$B$20000,"米国",raw_月次輸入実績!$F$2:$F$20000,1)) | E8: =IF(COUNTIFS(raw_台湾月次!$A$2:$A$20000,$A8,raw_台湾月次!$B$2:$B$20000,"8486",raw_台湾月次!$D$2:$D$20000,"利用可")=0,"",SUMIFS(raw_台湾月次!$C$2:$C$20000,raw_台湾月次!$A$2:$A$20000,$A8,raw_台湾月次!$B$2:$B$20000,"8486",raw_台湾月次!$D$2:$D$20000,"利用可")) -> 281048307 | F8: =IF(C8="","",C8*設定!$B$3) -> 1.6963331e+08 | G8: =IF(COUNT(B8,E8,F8)=3,B8+E8+F8,"") -> 8.6329261e+08 | H8: =IF(COUNT(B6:B8)=3,SUM(B6:B8),"") -> 1262540000 | I8: =IF(COUNT(E6:E8)=3,SUM(E6:E8),"") -> 1055209408 | J8: =IF(COUNT(F6:F8)=3,SUM(F6:F8),"") -> 7.5837799e+08 | K8: =IF(COUNT(D6:D8)=3,SUM(D6:D8),"") | L8: =IF(COUNT(G6:G8)=3,SUM(G6:G8),"") -> 3.0761274e+09
A9: 45139 | B9: =IF(COUNTIFS(raw_月次輸入実績!$A$2:$A$20000,$A9,raw_月次輸入実績!$B$2:$B$20000,"韓国",raw_月次輸入実績!$F$2:$F$20000,1)=0,"",SUMIFS(raw_月次輸入実績!$D$2:$D$20000,raw_月次輸入実績!$A$2:$A$20000,$A9,raw_月次輸入実績!$B$2:$B$20000,"韓国",raw_月次輸入実績!$F$2:$F$20000,1)) -> 258491000 | C9: =IF(COUNTIFS(raw_月次輸入実績!$A$2:$A$20000,$A9,raw_月次輸入実績!$B$2:$B$20000,"EU27",raw_月次輸入実績!$F$2:$F$20000,1)=0,"",SUMIFS(raw_月次輸入実績!$D$2:$D$20000,raw_月次輸入実績!$A$2:$A$20000,$A9,raw_月次輸入実績!$B$2:$B$20000,"EU27",raw_月次輸入実績!$F$2:$F$20000,1)) -> 139911138 | D9: =IF(COUNTIFS(raw_月次輸入実績!$A$2:$A$20000,$A9,raw_月次輸入実績!$B$2:$B$20000,"米国",raw_月次輸入実績!$F$2:$F$20000,1)=0,"",SUMIFS(raw_月次輸入実績!$D$2:$D$20000,raw_月次輸入実績!$A$2:$A$20000,$A9,raw_月次輸入実績!$B$2:$B$20000,"米国",raw_月次輸入実績!$F$2:$F$20000,1)) -> 244571745 | E9: =IF(COUNTIFS(raw_台湾月次!$A$2:$A$20000,$A9,raw_台湾月次!$B$2:$B$20000,"8486",raw_台湾月次!$D$2:$D$20000,"利用可")=0,"",SUMIFS(raw_台湾月次!$C$2:$C$20000,raw_台湾月次!$A$2:$A$20000,$A9,raw_台湾月次!$B$2:$B$20000,"8486",raw_台湾月次!$D$2:$D$20000,"利用可")) -> 167344017 | F9: =IF(C9="","",C9*設定!$B$3) -> 1.5390225e+08 | G9: =IF(COUNT(B9,E9,F9)=3,B9+E9+F9,"") -> 5.7973727e+08 | H9: =IF(COUNT(B7:B9)=3,SUM(B7:B9),"") -> 1139731000 | I9: =IF(COUNT(E7:E9)=3,SUM(E7:E9),"") -> 744507682 | J9: =IF(COUNT(F7:F9)=3,SUM(F7:F9),"") -> 5.9337362e+08 | K9: =IF(COUNT(D7:D9)=3,SUM(D7:D9),"") | L9: =IF(COUNT(G7:G9)=3,SUM(G7:G9),"") -> 2.4776123e+09
A10: 45170 | B10: =IF(COUNTIFS(raw_月次輸入実績!$A$2:$A$20000,$A10,raw_月次輸入実績!$B$2:$B$20000,"韓国",raw_月次輸入実績!$F$2:$F$20000,1)=0,"",SUMIFS(raw_月次輸入実績!$D$2:$D$20000,raw_月次輸入実績!$A$2:$A$20000,$A10,raw_月次輸入実績!$B$2:$B$20000,"韓国",raw_月次輸入実績!$F$2:$F$20000,1)) -> 327383000 | C10: =IF(COUNTIFS(raw_月次輸入実績!$A$2:$A$20000,$A10,raw_月次輸入実績!$B$2:$B$20000,"EU27",raw_月次輸入実績!$F$2:$F$20000,1)=0,"",SUMIFS(raw_月次輸入実績!$D$2:$D$20000,raw_月次輸入実績!$A$2:$A$20000,$A10,raw_月次輸入実績!$B$2:$B$20000,"EU27",raw_月次輸入実績!$F$2:$F$20000,1)) -> 133270606 | D10: =IF(COUNTIFS(raw_月次輸入実績!$A$2:$A$20000,$A10,raw_月次輸入実績!$B$2:$B$20000,"米国",raw_月次輸入実績!$F$2:$F$20000,1)=0,"",SUMIFS(raw_月次輸入実績!$D$2:$D$20000,raw_月次輸入実績!$A$2:$A$20000,$A10,raw_月次輸入実績!$B$2:$B$20000,"米国",raw_月次輸入実績!$F$2:$F$20000,1)) -> 252977840 | E10: =IF(COUNTIFS(raw_台湾月次!$A$2:$A$20000,$A10,raw_台湾月次!$B$2:$B$20000,"8486",raw_台湾月次!$D$2:$D$20000,"利用可")=0,"",SUMIFS(raw_台湾月次!$C$2:$C$20000,raw_台湾月次!$A$2:$A$20000,$A10,raw_台湾月次!$B$2:$B$20000,"8486",raw_台湾月次!$D$2:$D$20000,"利用可")) -> 181885144 | F10: =IF(C10="","",C10*設定!$B$3) -> 1.4659767e+08 | G10: =IF(COUNT(B10,E10,F10)=3,B10+E10+F10,"") -> 6.5586581e+08 | H10: =IF(COUNT(B8:B10)=3,SUM(B8:B10),"") -> 998485000 | I10: =IF(COUNT(E8:E10)=3,SUM(E8:E10),"") -> 630277468 | J10: =IF(COUNT(F8:F10)=3,SUM(F8:F10),"") -> 4.7013323e+08 | K10: =IF(COUNT(D8:D10)=3,SUM(D8:D10),"") | L10: =IF(COUNT(G8:G10)=3,SUM(G8:G10),"") -> 2.0988957e+09
A11: 45200 | B11: =IF(COUNTIFS(raw_月次輸入実績!$A$2:$A$20000,$A11,raw_月次輸入実績!$B$2:$B$20000,"韓国",raw_月次輸入実績!$F$2:$F$20000,1)=0,"",SUMIFS(raw_月次輸入実績!$D$2:$D$20000,raw_月次輸入実績!$A$2:$A$20000,$A11,raw_月次輸入実績!$B$2:$B$20000,"韓国",raw_月次輸入実績!$F$2:$F$20000,1)) -> 242689000 | C11: =IF(COUNTIFS(raw_月次輸入実績!$A$2:$A$20000,$A11,raw_月次輸入実績!$B$2:$B$20000,"EU27",raw_月次輸入実績!$F$2:$F$20000,1)=0,"",SUMIFS(raw_月次輸入実績!$D$2:$D$20000,raw_月次輸入実績!$A$2:$A$20000,$A11,raw_月次輸入実績!$B$2:$B$20000,"EU27",raw_月次輸入実績!$F$2:$F$20000,1)) -> 155521919 | D11: =IF(COUNTIFS(raw_月次輸入実績!$A$2:$A$20000,$A11,raw_月次輸入実績!$B$2:$B$20000,"米国",raw_月次輸入実績!$F$2:$F$20000,1)=0,"",SUMIFS(raw_月次輸入実績!$D$2:$D$20000,raw_月次輸入実績!$A$2:$A$20000,$A11,raw_月次輸入実績!$B$2:$B$20000,"米国",raw_月次輸入実績!$F$2:$F$20000,1)) -> 284168551 | E11: =IF(COUNTIFS(raw_台湾月次!$A$2:$A$20000,$A11,raw_台湾月次!$B$2:$B$20000,"8486",raw_台湾月次!$D$2:$D$20000,"利用可")=0,"",SUMIFS(raw_台湾月次!$C$2:$C$20000,raw_台湾月次!$A$2:$A$20000,$A11,raw_台湾月次!$B$2:$B$20000,"8486",raw_台湾月次!$D$2:$D$20000,"利用可")) -> 236236817 | F11: =IF(C11="","",C11*設定!$B$3) -> 1.7107411e+08 | G11: =IF(COUNT(B11,E11,F11)=3,B11+E11+F11,"") -> 6.4999993e+08 | H11: =IF(COUNT(B9:B11)=3,SUM(B9:B11),"") -> 828563000 | I11: =IF(COUNT(E9:E11)=3,SUM(E9:E11),"") -> 585465978 | J11: =IF(COUNT(F9:F11)=3,SUM(F9:F11),"") -> 4.7157403e+08 | K11: =IF(COUNT(D9:D11)=3,SUM(D9:D11),"") -> 781718136 | L11: =IF(COUNT(G9:G11)=3,SUM(G9:G11),"") -> 1.885603e+09
A12: 45231 | B12: =IF(COUNTIFS(raw_月次輸入実績!$A$2:$A$20000,$A12,raw_月次輸入実績!$B$2:$B$20000,"韓国",raw_月次輸入実績!$F$2:$F$20000,1)=0,"",SUMIFS(raw_月次輸入実績!$D$2:$D$20000,raw_月次輸入実績!$A$2:$A$20000,$A12,raw_月次輸入実績!$B$2:$B$20000,"韓国",raw_月次輸入実績!$F$2:$F$20000,1)) -> 266275000 | C12: =IF(COUNTIFS(raw_月次輸入実績!$A$2:$A$20000,$A12,raw_月次輸入実績!$B$2:$B$20000,"EU27",raw_月次輸入実績!$F$2:$F$20000,1)=0,"",SUMIFS(raw_月次輸入実績!$D$2:$D$20000,raw_月次輸入実績!$A$2:$A$20000,$A12,raw_月次輸入実績!$B$2:$B$20000,"EU27",raw_月次輸入実績!$F$2:$F$20000,1)) -> 113816534 | D12: =IF(COUNTIFS(raw_月次輸入実績!$A$2:$A$20000,$A12,raw_月次輸入実績!$B$2:$B$20000,"米国",raw_月次輸入実績!$F$2:$F$20000,1)=0,"",SUMIFS(raw_月次輸入実績!$D$2:$D$20000,raw_月次輸入実績!$A$2:$A$20000,$A12,raw_月次輸入実績!$B$2:$B$20000,"米国",raw_月次輸入実績!$F$2:$F$20000,1)) -> 325764618 | E12: =IF(COUNTIFS(raw_台湾月次!$A$2:$A$20000,$A12,raw_台湾月次!$B$2:$B$20000,"8486",raw_台湾月次!$D$2:$D$20000,"利用可")=0,"",SUMIFS(raw_台湾月次!$C$2:$C$20000,raw_台湾月次!$A$2:$A$20000,$A12,raw_台湾月次!$B$2:$B$20000,"8486",raw_台湾月次!$D$2:$D$20000,"利用可")) -> 236798470 | F12: =IF(C12="","",C12*設定!$B$3) -> 1.2519819e+08 | G12: =IF(COUNT(B12,E12,F12)=3,B12+E12+F12,"") -> 6.2827166e+08 | H12: =IF(COUNT(B10:B12)=3,SUM(B10:B12),"") -> 836347000 | I12: =IF(COUNT(E10:E12)=3,SUM(E10:E12),"") -> 654920431 | J12: =IF(COUNT(F10:F12)=3,SUM(F10:F12),"") -> 4.4286996e+08 | K12: =IF(COUNT(D10:D12)=3,SUM(D10:D12),"") -> 862911009 | L12: =IF(COUNT(G10:G12)=3,SUM(G10:G12),"") -> 1.9341374e+09
A13: 45261 | B13: =IF(COUNTIFS(raw_月次輸入実績!$A$2:$A$20000,$A13,raw_月次輸入実績!$B$2:$B$20000,"韓国",raw_月次輸入実績!$F$2:$F$20000,1)=0,"",SUMIFS(raw_月次輸入実績!$D$2:$D$20000,raw_月次輸入実績!$A$2:$A$20000,$A13,raw_月次輸入実績!$B$2:$B$20000,"韓国",raw_月次輸入実績!$F$2:$F$20000,1)) -> 362514000 | C13: =IF(COUNTIFS(raw_月次輸入実績!$A$2:$A$20000,$A13,raw_月次輸入実績!$B$2:$B$20000,"EU27",raw_月次輸入実績!$F$2:$F$20000,1)=0,"",SUMIFS(raw_月次輸入実績!$D$2:$D$20000,raw_月次輸入実績!$A$2:$A$20000,$A13,raw_月次輸入実績!$B$2:$B$20000,"EU27",raw_月次輸入実績!$F$2:$F$20000,1)) -> 59303938 | D13: =IF(COUNTIFS(raw_月次輸入実績!$A$2:$A$20000,$A13,raw_月次輸入実績!$B$2:$B$20000,"米国",raw_月次輸入実績!$F$2:$F$20000,1)=0,"",SUMIFS(raw_月次輸入実績!$D$2:$D$20000,raw_月次輸入実績!$A$2:$A$20000,$A13,raw_月次輸入実績!$B$2:$B$20000,"米国",raw_月次輸入実績!$F$2:$F$20000,1)) -> 274987453 | E13: =IF(COUNTIFS(raw_台湾月次!$A$2:$A$20000,$A13,raw_台湾月次!$B$2:$B$20000,"8486",raw_台湾月次!$D$2:$D$20000,"利用可")=0,"",SUMIFS(raw_台湾月次!$C$2:$C$20000,raw_台湾月次!$A$2:$A$20000,$A13,raw_台湾月次!$B$2:$B$20000,"8486",raw_台湾月次!$D$2:$D$20000,"利用可")) -> 292221271 | F13: =IF(C13="","",C13*設定!$B$3) -> 65234332 | G13: =IF(COUNT(B13,E13,F13)=3,B13+E13+F13,"") -> 7.199696e+08 | H13: =IF(COUNT(B11:B13)=3,SUM(B11:B13),"") -> 871478000 | I13: =IF(COUNT(E11:E13)=3,SUM(E11:E13),"") -> 765256558 | J13: =IF(COUNT(F11:F13)=3,SUM(F11:F13),"") -> 3.6150663e+08 | K13: =IF(COUNT(D11:D13)=3,SUM(D11:D13),"") -> 884920622 | L13: =IF(COUNT(G11:G13)=3,SUM(G11:G13),"") -> 1.9982412e+09
A14: 45292 | B14: =IF(COUNTIFS(raw_月次輸入実績!$A$2:$A$20000,$A14,raw_月次輸入実績!$B$2:$B$20000,"韓国",raw_月次輸入実績!$F$2:$F$20000,1)=0,"",SUMIFS(raw_月次輸入実績!$D$2:$D$20000,raw_月次輸入実績!$A$2:$A$20000,$A14,raw_月次輸入実績!$B$2:$B$20000,"韓国",raw_月次輸入実績!$F$2:$F$20000,1)) -> 390312000 | C14: =IF(COUNTIFS(raw_月次輸入実績!$A$2:$A$20000,$A14,raw_月次輸入実績!$B$2:$B$20000,"EU27",raw_月次輸入実績!$F$2:$F$20000,1)=0,"",SUMIFS(raw_月次輸入実績!$D$2:$D$20000,raw_月次輸入実績!$A$2:$A$20000,$A14,raw_月次輸入実績!$B$2:$B$20000,"EU27",raw_月次輸入実績!$F$2:$F$20000,1)) -> 144482449 | D14: =IF(COUNTIFS(raw_月次輸入実績!$A$2:$A$20000,$A14,raw_月次輸入実績!$B$2:$B$20000,"米国",raw_月次輸入実績!$F$2:$F$20000,1)=0,"",SUMIFS(raw_月次輸入実績!$D$2:$D$20000,raw_月次輸入実績!$A$2:$A$20000,$A14,raw_月次輸入実績!$B$2:$B$20000,"米国",raw_月次輸入実績!$F$2:$F$20000,1)) -> 244964160 | E14: =IF(COUNTIFS(raw_台湾月次!$A$2:$A$20000,$A14,raw_台湾月次!$B$2:$B$20000,"8486",raw_台湾月次!$D$2:$D$20000,"利用可")=0,"",SUMIFS(raw_台湾月次!$C$2:$C$20000,raw_台湾月次!$A$2:$A$20000,$A14,raw_台湾月次!$B$2:$B$20000,"8486",raw_台湾月次!$D$2:$D$20000,"利用可")) -> 257692564 | F14: =IF(C14="","",C14*設定!$B$3) -> 1.5893069e+08 | G14: =IF(COUNT(B14,E14,F14)=3,B14+E14+F14,"") -> 8.0693526e+08 | H14: =IF(COUNT(B12:B14)=3,SUM(B12:B14),"") -> 1019101000 | I14: =IF(COUNT(E12:E14)=3,SUM(E12:E14),"") -> 786712305 | J14: =IF(COUNT(F12:F14)=3,SUM(F12:F14),"") -> 3.4936321e+08 | K14: =IF(COUNT(D12:D14)=3,SUM(D12:D14),"") -> 845716231 | L14: =IF(COUNT(G12:G14)=3,SUM(G12:G14),"") -> 2.1551765e+09
A15: 45323 | B15: =IF(COUNTIFS(raw_月次輸入実績!$A$2:$A$20000,$A15,raw_月次輸入実績!$B$2:$B$20000,"韓国",raw_月次輸入実績!$F$2:$F$20000,1)=0,"",SUMIFS(raw_月次輸入実績!$D$2:$D$20000,raw_月次輸入実績!$A$2:$A$20000,$A15,raw_月次輸入実績!$B$2:$B$20000,"韓国",raw_月次輸入実績!$F$2:$F$20000,1)) -> 388391000 | C15: =IF(COUNTIFS(raw_月次輸入実績!$A$2:$A$20000,$A15,raw_月次輸入実績!$B$2:$B$20000,"EU27",raw_月次輸入実績!$F$2:$F$20000,1)=0,"",SUMIFS(raw_月次輸入実績!$D$2:$D$20000,raw_月次輸入実績!$A$2:$A$20000,$A15,raw_月次輸入実績!$B$2:$B$20000,"EU27",raw_月次輸入実績!$F$2:$F$20000,1)) -> 135039798 | D15: =IF(COUNTIFS(raw_月次輸入実績!$A$2:$A$20000,$A15,raw_月次輸入実績!$B$2:$B$20000,"米国",raw_月次輸入実績!$F$2:$F$20000,1)=0,"",SUMIFS(raw_月次輸入実績!$D$2:$D$20000,raw_月次輸入実績!$A$2:$A$20000,$A15,raw_月次輸入実績!$B$2:$B$20000,"米国",raw_月次輸入実績!$F$2:$F$20000,1)) -> 287762563 | E15: =IF(COUNTIFS(raw_台湾月次!$A$2:$A$20000,$A15,raw_台湾月次!$B$2:$B$20000,"8486",raw_台湾月次!$D$2:$D$20000,"利用可")=0,"",SUMIFS(raw_台湾月次!$C$2:$C$20000,raw_台湾月次!$A$2:$A$20000,$A15,raw_台湾月次!$B$2:$B$20000,"8486",raw_台湾月次!$D$2:$D$20000,"利用可")) -> 202843270 | F15: =IF(C15="","",C15*設定!$B$3) -> 1.4854378e+08 | G15: =IF(COUNT(B15,E15,F15)=3,B15+E15+F15,"") -> 7.3977805e+08 | H15: =IF(COUNT(B13:B15)=3,SUM(B13:B15),"") -> 1141217000 | I15: =IF(COUNT(E13:E15)=3,SUM(E13:E15),"") -> 752757105 | J15: =IF(COUNT(F13:F15)=3,SUM(F13:F15),"") -> 3.727088e+08 | K15: =IF(COUNT(D13:D15)=3,SUM(D13:D15),"") -> 807714176 | L15: =IF(COUNT(G13:G15)=3,SUM(G13:G15),"") -> 2.2666829e+09
... A45: 46235 | B45: =IF(COUNTIFS(raw_月次輸入実績!$A$2:$A$20000,$A45,raw_月次輸入実績!$B$2:$B$20000,"韓国",raw_月次輸入実績!$F$2:$F$20000,1)=0,"",SUMIFS(raw_月次輸入実績!$D$2:$D$20000,raw_月次輸入実績!$A$2:$A$20000,$A45,raw_月次輸入実績!$B$2:$B$20000,"韓国",raw_月次輸入実績!$F$2:$F$20000,1)) -> 681614000 | C45: =IF(COUNTIFS(raw_月次輸入実績!$A$2:$A$20000,$A45,raw_月次輸入実績!$B$2:$B$20000,"EU27",raw_月次輸入実績!$F$2:$F$20000,1)=0,"",SUMIFS(raw_月次輸入実績!$D$2:$D$20000,raw_月次輸入実績!$A$2:$A$20000,$A45,raw_月次輸入実績!$B$2:$B$20000,"EU27",raw_月次輸入実績!$F$2:$F$20000,1)) | D45: =IF(COUNTIFS(raw_月次輸入実績!$A$2:$A$20000,$A45,raw_月次輸入実績!$B$2:$B$20000,"米国",raw_月次輸入実績!$F$2:$F$20000,1)=0,"",SUMIFS(raw_月次輸入実績!$D$2:$D$20000,raw_月次輸入実績!$A$2:$A$20000,$A45,raw_月次輸入実績!$B$2:$B$20000,"米国",raw_月次輸入実績!$F$2:$F$20000,1)) | E45: =IF(COUNTIFS(raw_台湾月次!$A$2:$A$20000,$A45,raw_台湾月次!$B$2:$B$20000,"8486",raw_台湾月次!$D$2:$D$20000,"利用可")=0,"",SUMIFS(raw_台湾月次!$C$2:$C$20000,raw_台湾月次!$A$2:$A$20000,$A45,raw_台湾月次!$B$2:$B$20000,"8486",raw_台湾月次!$D$2:$D$20000,"利用可")) -> 651926933 | F45: =IF(C45="","",C45*設定!$B$3) | G45: =IF(COUNT(B45,E45,F45)=3,B45+E45+F45,"") | H45: =IF(COUNT(B43:B45)=3,SUM(B43:B45),"") -> 1944119000 | I45: =IF(COUNT(E43:E45)=3,SUM(E43:E45),"") -> 2343740523 | J45: =IF(COUNT(F43:F45)=3,SUM(F43:F45),"") | K45: =IF(COUNT(D43:D45)=3,SUM(D43:D45),"") | L45: =IF(COUNT(G43:G45)=3,SUM(G43:G45),"")

Sheet 企業売上
A1: 企業売上（暦四半期・億円）。青字は決算資料から転記した入力値
A3: 四半期 | B3: 東京エレクトロン | C3: SCREEN | D3: SCREEN_SPE | E3: KOKUSAI | F3: 3社合計 | H3: TEL_QoQ | I3: SCREEN_QoQ | J3: KOKUSAI_QoQ | K3: 3社合計_QoQ
A4: 2023Q1 | B4: 5582 | C4: 1255 | D4: 1002 | F4: =IF(COUNT(B4,C4,E4)=3,B4+C4+E4,"")
A5: 2023Q2 | B5: 3917 | C5: 996 | D5: 823 | E5: 327 | F5: =IF(COUNT(B5,C5,E5)=3,B5+C5+E5,"") -> 5240 | H5: =IF(AND(ISNUMBER(B5),ISNUMBER(B4)),LN(B5/B4),"") -> -0.35422108 | I5: =IF(AND(ISNUMBER(C5),ISNUMBER(C4)),LN(C5/C4),"") -> -0.23114359 | J5: =IF(AND(ISNUMBER(E5),ISNUMBER(E4)),LN(E5/E4),"") | K5: =IF(AND(ISNUMBER(F5),ISNUMBER(F4)),LN(F5/F4),"")
A6: 2023Q3 | B6: 4278 | C6: 1235 | D6: 1037 | E6: 450 | F6: =IF(COUNT(B6,C6,E6)=3,B6+C6+E6,"") -> 5963 | H6: =IF(AND(ISNUMBER(B6),ISNUMBER(B5)),LN(B6/B5),"") -> 0.088159556 | I6: =IF(AND(ISNUMBER(C6),ISNUMBER(C5)),LN(C6/C5),"") -> 0.21507899 | J6: =IF(AND(ISNUMBER(E6),ISNUMBER(E5)),LN(E6/E5),"") -> 0.31928741 | K6: =IF(AND(ISNUMBER(F6),ISNUMBER(F5)),LN(F6/F5),"") -> 0.12925221
A7: 2023Q4 | B7: 4636 | C7: 1245 | D7: 1019 | E7: 540 | F7: =IF(COUNT(B7,C7,E7)=3,B7+C7+E7,"") -> 6421 | H7: =IF(AND(ISNUMBER(B7),ISNUMBER(B6)),LN(B7/B6),"") -> 0.080366315 | I7: =IF(AND(ISNUMBER(C7),ISNUMBER(C6)),LN(C7/C6),"") -> 0.0080645598 | J7: =IF(AND(ISNUMBER(E7),ISNUMBER(E6)),LN(E7/E6),"") -> 0.18232156 | K7: =IF(AND(ISNUMBER(F7),ISNUMBER(F6)),LN(F7/F6),"") -> 0.074000159
A8: 2024Q1 | B8: 5472 | C8: 1570 | D8: 1296 | E8: 492 | F8: =IF(COUNT(B8,C8,E8)=3,B8+C8+E8,"") -> 7534 | H8: =IF(AND(ISNUMBER(B8),ISNUMBER(B7)),LN(B8/B7),"") -> 0.16579225 | I8: =IF(AND(ISNUMBER(C8),ISNUMBER(C7)),LN(C8/C7),"") -> 0.23194009 | J8: =IF(AND(ISNUMBER(E8),ISNUMBER(E7)),LN(E8/E7),"") -> -0.093090423 | K8: =IF(AND(ISNUMBER(F8),ISNUMBER(F7)),LN(F8/F7),"") -> 0.15985224
A9: 2024Q2 | B9: 5550 | C9: 1342 | D9: 1121 | E9: 652 | F9: =IF(COUNT(B9,C9,E9)=3,B9+C9+E9,"") -> 7544 | H9: =IF(AND(ISNUMBER(B9),ISNUMBER(B8)),LN(B9/B8),"") -> 0.014153747 | I9: =IF(AND(ISNUMBER(C9),ISNUMBER(C8)),LN(C9/C8),"") -> -0.15691458 | J9: =IF(AND(ISNUMBER(E9),ISNUMBER(E8)),LN(E9/E8),"") -> 0.28156585 | K9: =IF(AND(ISNUMBER(F9),ISNUMBER(F8)),LN(F9/F8),"") -> 0.0013264361
A10: 2024Q3 | B10: 5665 | C10: 1431 | D10: 1168 | E10: 493 | F10: =IF(COUNT(B10,C10,E10)=3,B10+C10+E10,"") -> 7589 | H10: =IF(AND(ISNUMBER(B10),ISNUMBER(B9)),LN(B10/B9),"") -> 0.020508967 | I10: =IF(AND(ISNUMBER(C10),ISNUMBER(C9)),LN(C10/C9),"") -> 0.064212462 | J10: =IF(AND(ISNUMBER(E10),ISNUMBER(E9)),LN(E10/E9),"") -> -0.27953539 | K10: =IF(AND(ISNUMBER(F10),ISNUMBER(F9)),LN(F10/F9),"") -> 0.0059472851
A11: 2024Q4 | B11: 6545 | C11: 1825 | D11: 1548 | E11: 601 | F11: =IF(COUNT(B11,C11,E11)=3,B11+C11+E11,"") -> 8971 | H11: =IF(AND(ISNUMBER(B11),ISNUMBER(B10)),LN(B11/B10),"") -> 0.1443945 | I11: =IF(AND(ISNUMBER(C11),ISNUMBER(C10)),LN(C11/C10),"") -> 0.24320649 | J11: =IF(AND(ISNUMBER(E11),ISNUMBER(E10)),LN(E11/E10),"") -> 0.19808576 | K11: =IF(AND(ISNUMBER(F11),ISNUMBER(F10)),LN(F11/F10),"") -> 0.16729732
A12: 2025Q1 | B12: 6554 | C12: 1653 | D12: 1355 | E12: 643 | F12: =IF(COUNT(B12,C12,E12)=3,B12+C12+E12,"") -> 8850 | H12: =IF(AND(ISNUMBER(B12),ISNUMBER(B11)),LN(B12/B11),"") -> 0.0013741509 | I12: =IF(AND(ISNUMBER(C12),ISNUMBER(C11)),LN(C12/C11),"") -> -0.098988168 | J12: =IF(AND(ISNUMBER(E12),ISNUMBER(E11)),LN(E12/E11),"") -> 0.06754979 | K12: =IF(AND(ISNUMBER(F12),ISNUMBER(F11)),LN(F12/F11),"") -> -0.013579694
A13: 2025Q2 | B13: 5495 | C13: 1357 | D13: 1095 | E13: 518 | F13: =IF(COUNT(B13,C13,E13)=3,B13+C13+E13,"") -> 7370 | H13: =IF(AND(ISNUMBER(B13),ISNUMBER(B12)),LN(B13/B12),"") -> -0.17623696 | I13: =IF(AND(ISNUMBER(C13),ISNUMBER(C12)),LN(C13/C12),"") -> -0.19731544 | J13: =IF(AND(ISNUMBER(E13),ISNUMBER(E12)),LN(E13/E12),"") -> -0.21616948 | K13: =IF(AND(ISNUMBER(F13),ISNUMBER(F12)),LN(F13/F12),"") -> -0.18299975
A14: 2025Q3 | B14: 6300 | C14: 1385 | D14: 1090 | E14: 654 | F14: =IF(COUNT(B14,C14,E14)=3,B14+C14+E14,"") -> 8339 | H14: =IF(AND(ISNUMBER(B14),ISNUMBER(B13)),LN(B14/B13),"") -> 0.13671105 | I14: =IF(AND(ISNUMBER(C14),ISNUMBER(C13)),LN(C14/C13),"") -> 0.020423759 | J14: =IF(AND(ISNUMBER(E14),ISNUMBER(E13)),LN(E14/E13),"") -> 0.23313211 | K14: =IF(AND(ISNUMBER(F14),ISNUMBER(F13)),LN(F14/F13),"") -> 0.1235256
A15: 2025Q4 | B15: 5520 | C15: 1510 | D15: 1200 | E15: 559 | F15: =IF(COUNT(B15,C15,E15)=3,B15+C15+E15,"") -> 7589 | H15: =IF(AND(ISNUMBER(B15),ISNUMBER(B14)),LN(B15/B14),"") -> -0.13217177 | I15: =IF(AND(ISNUMBER(C15),ISNUMBER(C14)),LN(C15/C14),"") -> 0.086409511 | J15: =IF(AND(ISNUMBER(E15),ISNUMBER(E14)),LN(E15/E14),"") -> -0.15695788 | K15: =IF(AND(ISNUMBER(F15),ISNUMBER(F14)),LN(F15/F14),"") -> -0.094243475
A16: 2026Q1 | B16: 7118 | C16: 1803 | D16: 1473 | E16: 620 | F16: =IF(COUNT(B16,C16,E16)=3,B16+C16+E16,"") -> 9541 | H16: =IF(AND(ISNUMBER(B16),ISNUMBER(B15)),LN(B16/B15),"") -> 0.25424893 | I16: =IF(AND(ISNUMBER(C16),ISNUMBER(C15)),LN(C16/C15),"") -> 0.17734229 | J16: =IF(AND(ISNUMBER(E16),ISNUMBER(E15)),LN(E16/E15),"") -> 0.10357 | K16: =IF(AND(ISNUMBER(F16),ISNUMBER(F15)),LN(F16/F15),"") -> 0.22889847
A17: 2026Q2 | B17: 7323 | C17: 1217 | D17: 931 | E17: 754 | F17: =IF(COUNT(B17,C17,E17)=3,B17+C17+E17,"") -> 9294 | H17: =IF(AND(ISNUMBER(B17),ISNUMBER(B16)),LN(B17/B16),"") -> 0.028393293 | I17: =IF(AND(ISNUMBER(C17),ISNUMBER(C16)),LN(C17/C16),"") -> -0.39306313 | J17: =IF(AND(ISNUMBER(E17),ISNUMBER(E16)),LN(E17/E16),"") -> 0.19567289 | K17: =IF(AND(ISNUMBER(F17),ISNUMBER(F16)),LN(F17/F16),"") -> -0.026229271
A19: QoQは自然対数の差 LN(今期/前期)。KOKUSAIの2023年1〜3月は資料で確認できず空欄。

Sheet ラグ走査_作業
A1: 輸入額の3か月窓QoQ（シフト別）。ラグ相関シートの元データ | C1: KR | D1: KR | E1: KR | F1: KR | G1: KR | H1: KR | I1: KR | J1: KR | K1: KR | L1: KR | M1: KR | N1: KR | O1: KR | P1: TW | Q1: TW | R1: TW | S1: TW | T1: TW | U1: TW | V1: TW | W1: TW | X1: TW | Y1: TW | Z1: TW | AA1: TW | AB1: TW | AC1: EU | AD1: EU | AE1: EU | AF1: EU | AG1: EU | AH1: EU | AI1: EU | AJ1: EU | AK1: EU | AL1: EU | AM1: EU | AN1: EU | AO1: EU | AP1: US | AQ1: US | AR1: US | AS1: US | AT1: US | AU1: US | AV1: US | AW1: US | AX1: US | AY1: US | AZ1: US | BA1: US | BB1: US | BC1: CORE3 | BD1: CORE3 | BE1: CORE3 | BF1: CORE3 | BG1: CORE3 | BH1: CORE3 | BI1: CORE3 | BJ1: CORE3 | BK1: CORE3 | BL1: CORE3 | BM1: CORE3 | BN1: CORE3 | BO1: CORE3
C2: -6 | D2: -5 | E2: -4 | F2: -3 | G2: -2 | H2: -1 | I2: 0 | J2: 1 | K2: 2 | L2: 3 | M2: 4 | N2: 5 | O2: 6 | P2: -6 | Q2: -5 | R2: -4 | S2: -3 | T2: -2 | U2: -1 | V2: 0 | W2: 1 | X2: 2 | Y2: 3 | Z2: 4 | AA2: 5 | AB2: 6 | AC2: -6 | AD2: -5 | AE2: -4 | AF2: -3 | AG2: -2 | AH2: -1 | AI2: 0 | AJ2: 1 | AK2: 2 | AL2: 3 | AM2: 4 | AN2: 5 | AO2: 6 | AP2: -6 | AQ2: -5 | AR2: -4 | AS2: -3 | AT2: -2 | AU2: -1 | AV2: 0 | AW2: 1 | AX2: 2 | AY2: 3 | AZ2: 4 | BA2: 5 | BB2: 6 | BC2: -6 | BD2: -5 | BE2: -4 | BF2: -3 | BG2: -2 | BH2: -1 | BI2: 0 | BJ2: 1 | BK2: 2 | BL2: 3 | BM2: 4 | BN2: 5 | BO2: 6
A3: 四半期 | B3: 四半期末の月番号e | C3: KR_s-6 | D3: KR_s-5 | E3: KR_s-4 | F3: KR_s-3 | G3: KR_s-2 | H3: KR_s-1 | I3: KR_s+0 | J3: KR_s+1 | K3: KR_s+2 | L3: KR_s+3 | M3: KR_s+4 | N3: KR_s+5 | O3: KR_s+6 | P3: TW_s-6 | Q3: TW_s-5 | R3: TW_s-4 | S3: TW_s-3 | T3: TW_s-2 | U3: TW_s-1 | V3: TW_s+0 | W3: TW_s+1 | X3: TW_s+2 | Y3: TW_s+3 | Z3: TW_s+4 | AA3: TW_s+5 | AB3: TW_s+6 | AC3: EU_s-6 | AD3: EU_s-5 | AE3: EU_s-4 | AF3: EU_s-3 | AG3: EU_s-2 | AH3: EU_s-1 | AI3: EU_s+0 | AJ3: EU_s+1 | AK3: EU_s+2 | AL3: EU_s+3 | AM3: EU_s+4 | AN3: EU_s+5 | AO3: EU_s+6 | AP3: US_s-6 | AQ3: US_s-5 | AR3: US_s-4 | AS3: US_s-3 | AT3: US_s-2 | AU3: US_s-1 | AV3: US_s+0 | AW3: US_s+1 | AX3: US_s+2 | AY3: US_s+3 | AZ3: US_s+4 | BA3: US_s+5 | BB3: US_s+6 | BC3: CORE3_s-6 | BD3: CORE3_s-5 | BE3: CORE3_s-4 | BF3: CORE3_s-3 | BG3: CORE3_s-2 | BH3: CORE3_s-1 | BI3: CORE3_s+0 | BJ3: CORE3_s+1 | BK3: CORE3_s+2 | BL3: CORE3_s+3 | BM3: CORE3_s+4 | BN3: CORE3_s+5 | BO3: CORE3_s+6
A4: 2023Q1 | B4: 3 | C4: =IF(OR($B4+C$2-3<1,$B4+C$2>設定!$B$5),"",IFERROR(LN(INDEX(月次集計!$H$2:$H$45,$B4+C$2)/INDEX(月次集計!$H$2:$H$45,$B4+C$2-3)),"")) | D4: =IF(OR($B4+D$2-3<1,$B4+D$2>設定!$B$5),"",IFERROR(LN(INDEX(月次集計!$H$2:$H$45,$B4+D$2)/INDEX(月次集計!$H$2:$H$45,$B4+D$2-3)),"")) | E4: =IF(OR($B4+E$2-3<1,$B4+E$2>設定!$B$5),"",IFERROR(LN(INDEX(月次集計!$H$2:$H$45,$B4+E$2)/INDEX(月次集計!$H$2:$H$45,$B4+E$2-3)),"")) | F4: =IF(OR($B4+F$2-3<1,$B4+F$2>設定!$B$5),"",IFERROR(LN(INDEX(月次集計!$H$2:$H$45,$B4+F$2)/INDEX(月次集計!$H$2:$H$45,$B4+F$2-3)),"")) | G4: =IF(OR($B4+G$2-3<1,$B4+G$2>設定!$B$5),"",IFERROR(LN(INDEX(月次集計!$H$2:$H$45,$B4+G$2)/INDEX(月次集計!$H$2:$H$45,$B4+G$2-3)),"")) | H4: =IF(OR($B4+H$2-3<1,$B4+H$2>設定!$B$5),"",IFERROR(LN(INDEX(月次集計!$H$2:$H$45,$B4+H$2)/INDEX(月次集計!$H$2:$H$45,$B4+H$2-3)),"")) | I4: =IF(OR($B4+I$2-3<1,$B4+I$2>設定!$B$5),"",IFERROR(LN(INDEX(月次集計!$H$2:$H$45,$B4+I$2)/INDEX(月次集計!$H$2:$H$45,$B4+I$2-3)),"")) | J4: =IF(OR($B4+J$2-3<1,$B4+J$2>設定!$B$5),"",IFERROR(LN(INDEX(月次集計!$H$2:$H$45,$B4+J$2)/INDEX(月次集計!$H$2:$H$45,$B4+J$2-3)),"")) | ... O4: =IF(OR($B4+O$2-3<1,$B4+O$2>設定!$B$5),"",IFERROR(LN(INDEX(月次集計!$H$2:$H$45,$B4+O$2)/INDEX(月次集計!$H$2:$H$45,$B4+O$2-3)),"")) -> -0.25966925 | P4: =IF(OR($B4+P$2-3<1,$B4+P$2>設定!$B$5),"",IFERROR(LN(INDEX(月次集計!$I$2:$I$45,$B4+P$2)/INDEX(月次集計!$I$2:$I$45,$B4+P$2-3)),"")) | Q4: =IF(OR($B4+Q$2-3<1,$B4+Q$2>設定!$B$5),"",IFERROR(LN(INDEX(月次集計!$I$2:$I$45,$B4+Q$2)/INDEX(月次集計!$I$2:$I$45,$B4+Q$2-3)),"")) | R4: =IF(OR($B4+R$2-3<1,$B4+R$2>設定!$B$5),"",IFERROR(LN(INDEX(月次集計!$I$2:$I$45,$B4+R$2)/INDEX(月次集計!$I$2:$I$45,$B4+R$2-3)),"")) | S4: =IF(OR($B4+S$2-3<1,$B4+S$2>設定!$B$5),"",IFERROR(LN(INDEX(月次集計!$I$2:$I$45,$B4+S$2)/INDEX(月次集計!$I$2:$I$45,$B4+S$2-3)),"")) | T4: =IF(OR($B4+T$2-3<1,$B4+T$2>設定!$B$5),"",IFERROR(LN(INDEX(月次集計!$I$2:$I$45,$B4+T$2)/INDEX(月次集計!$I$2:$I$45,$B4+T$2-3)),"")) | U4: =IF(OR($B4+U$2-3<1,$B4+U$2>設定!$B$5),"",IFERROR(LN(INDEX(月次集計!$I$2:$I$45,$B4+U$2)/INDEX(月次集計!$I$2:$I$45,$B4+U$2-3)),"")) | V4: =IF(OR($B4+V$2-3<1,$B4+V$2>設定!$B$5),"",IFERROR(LN(INDEX(月次集計!$I$2:$I$45,$B4+V$2)/INDEX(月次集計!$I$2:$I$45,$B4+V$2-3)),"")) | W4: =IF(OR($B4+W$2-3<1,$B4+W$2>設定!$B$5),"",IFERROR(LN(INDEX(月次集計!$I$2:$I$45,$B4+W$2)/INDEX(月次集計!$I$2:$I$45,$B4+W$2-3)),"")) | ... AB4: =IF(OR($B4+AB$2-3<1,$B4+AB$2>設定!$B$5),"",IFERROR(LN(INDEX(月次集計!$I$2:$I$45,$B4+AB$2)/INDEX(月次集計!$I$2:$I$45,$B4+AB$2-3)),"")) -> -0.57386264 | AC4: =IF(OR($B4+AC$2-3<1,$B4+AC$2>設定!$B$5),"",IFERROR(LN(INDEX(月次集計!$J$2:$J$45,$B4+AC$2)/INDEX(月次集計!$J$2:$J$45,$B4+AC$2-3)),"")) | AD4: =IF(OR($B4+AD$2-3<1,$B4+AD$2>設定!$B$5),"",IFERROR(LN(INDEX(月次集計!$J$2:$J$45,$B4+AD$2)/INDEX(月次集計!$J$2:$J$45,$B4+AD$2-3)),"")) | AE4: =IF(OR($B4+AE$2-3<1,$B4+AE$2>設定!$B$5),"",IFERROR(LN(INDEX(月次集計!$J$2:$J$45,$B4+AE$2)/INDEX(月次集計!$J$2:$J$45,$B4+AE$2-3)),"")) | AF4: =IF(OR($B4+AF$2-3<1,$B4+AF$2>設定!$B$5),"",IFERROR(LN(INDEX(月次集計!$J$2:$J$45,$B4+AF$2)/INDEX(月次集計!$J$2:$J$45,$B4+AF$2-3)),"")) | AG4: =IF(OR($B4+AG$2-3<1,$B4+AG$2>設定!$B$5),"",IFERROR(LN(INDEX(月次集計!$J$2:$J$45,$B4+AG$2)/INDEX(月次集計!$J$2:$J$45,$B4+AG$2-3)),"")) | AH4: =IF(OR($B4+AH$2-3<1,$B4+AH$2>設定!$B$5),"",IFERROR(LN(INDEX(月次集計!$J$2:$J$45,$B4+AH$2)/INDEX(月次集計!$J$2:$J$45,$B4+AH$2-3)),"")) | AI4: =IF(OR($B4+AI$2-3<1,$B4+AI$2>設定!$B$5),"",IFERROR(LN(INDEX(月次集計!$J$2:$J$45,$B4+AI$2)/INDEX(月次集計!$J$2:$J$45,$B4+AI$2-3)),"")) | AJ4: =IF(OR($B4+AJ$2-3<1,$B4+AJ$2>設定!$B$5),"",IFERROR(LN(INDEX(月次集計!$J$2:$J$45,$B4+AJ$2)/INDEX(月次集計!$J$2:$J$45,$B4+AJ$2-3)),"")) | ... AO4: =IF(OR($B4+AO$2-3<1,$B4+AO$2>設定!$B$5),"",IFERROR(LN(INDEX(月次集計!$J$2:$J$45,$B4+AO$2)/INDEX(月次集計!$J$2:$J$45,$B4+AO$2-3)),"")) -> -0.59726621 | AP4: =IF(OR($B4+AP$2-3<1,$B4+AP$2>設定!$B$5),"",IFERROR(LN(INDEX(月次集計!$K$2:$K$45,$B4+AP$2)/INDEX(月次集計!$K$2:$K$45,$B4+AP$2-3)),"")) | AQ4: =IF(OR($B4+AQ$2-3<1,$B4+AQ$2>設定!$B$5),"",IFERROR(LN(INDEX(月次集計!$K$2:$K$45,$B4+AQ$2)/INDEX(月次集計!$K$2:$K$45,$B4+AQ$2-3)),"")) | AR4: =IF(OR($B4+AR$2-3<1,$B4+AR$2>設定!$B$5),"",IFERROR(LN(INDEX(月次集計!$K$2:$K$45,$B4+AR$2)/INDEX(月次集計!$K$2:$K$45,$B4+AR$2-3)),"")) | AS4: =IF(OR($B4+AS$2-3<1,$B4+AS$2>設定!$B$5),"",IFERROR(LN(INDEX(月次集計!$K$2:$K$45,$B4+AS$2)/INDEX(月次集計!$K$2:$K$45,$B4+AS$2-3)),"")) | AT4: =IF(OR($B4+AT$2-3<1,$B4+AT$2>設定!$B$5),"",IFERROR(LN(INDEX(月次集計!$K$2:$K$45,$B4+AT$2)/INDEX(月次集計!$K$2:$K$45,$B4+AT$2-3)),"")) | AU4: =IF(OR($B4+AU$2-3<1,$B4+AU$2>設定!$B$5),"",IFERROR(LN(INDEX(月次集計!$K$2:$K$45,$B4+AU$2)/INDEX(月次集計!$K$2:$K$45,$B4+AU$2-3)),"")) | AV4: =IF(OR($B4+AV$2-3<1,$B4+AV$2>設定!$B$5),"",IFERROR(LN(INDEX(月次集計!$K$2:$K$45,$B4+AV$2)/INDEX(月次集計!$K$2:$K$45,$B4+AV$2-3)),"")) | AW4: =IF(OR($B4+AW$2-3<1,$B4+AW$2>設定!$B$5),"",IFERROR(LN(INDEX(月次集計!$K$2:$K$45,$B4+AW$2)/INDEX(月次集計!$K$2:$K$45,$B4+AW$2-3)),"")) | ... BB4: =IF(OR($B4+BB$2-3<1,$B4+BB$2>設定!$B$5),"",IFERROR(LN(INDEX(月次集計!$K$2:$K$45,$B4+BB$2)/INDEX(月次集計!$K$2:$K$45,$B4+BB$2-3)),"")) | BC4: =IF(OR($B4+BC$2-3<1,$B4+BC$2>設定!$B$5),"",IFERROR(LN(INDEX(月次集計!$L$2:$L$45,$B4+BC$2)/INDEX(月次集計!$L$2:$L$45,$B4+BC$2-3)),"")) | BD4: =IF(OR($B4+BD$2-3<1,$B4+BD$2>設定!$B$5),"",IFERROR(LN(INDEX(月次集計!$L$2:$L$45,$B4+BD$2)/INDEX(月次集計!$L$2:$L$45,$B4+BD$2-3)),"")) | BE4: =IF(OR($B4+BE$2-3<1,$B4+BE$2>設定!$B$5),"",IFERROR(LN(INDEX(月次集計!$L$2:$L$45,$B4+BE$2)/INDEX(月次集計!$L$2:$L$45,$B4+BE$2-3)),"")) | BF4: =IF(OR($B4+BF$2-3<1,$B4+BF$2>設定!$B$5),"",IFERROR(LN(INDEX(月次集計!$L$2:$L$45,$B4+BF$2)/INDEX(月次集計!$L$2:$L$45,$B4+BF$2-3)),"")) | BG4: =IF(OR($B4+BG$2-3<1,$B4+BG$2>設定!$B$5),"",IFERROR(LN(INDEX(月次集計!$L$2:$L$45,$B4+BG$2)/INDEX(月次集計!$L$2:$L$45,$B4+BG$2-3)),"")) | BH4: =IF(OR($B4+BH$2-3<1,$B4+BH$2>設定!$B$5),"",IFERROR(LN(INDEX(月次集計!$L$2:$L$45,$B4+BH$2)/INDEX(月次集計!$L$2:$L$45,$B4+BH$2-3)),"")) | BI4: =IF(OR($B4+BI$2-3<1,$B4+BI$2>設定!$B$5),"",IFERROR(LN(INDEX(月次集計!$L$2:$L$45,$B4+BI$2)/INDEX(月次集計!$L$2:$L$45,$B4+BI$2-3)),"")) | BJ4: =IF(OR($B4+BJ$2-3<1,$B4+BJ$2>設定!$B$5),"",IFERROR(LN(INDEX(月次集計!$L$2:$L$45,$B4+BJ$2)/INDEX(月次集計!$L$2:$L$45,$B4+BJ$2-3)),"")) | ... BO4: =IF(OR($B4+BO$2-3<1,$B4+BO$2>設定!$B$5),"",IFERROR(LN(INDEX(月次集計!$L$2:$L$45,$B4+BO$2)/INDEX(月次集計!$L$2:$L$45,$B4+BO$2-3)),"")) -> -0.44265943
A5: 2023Q2 | B5: 6 | C5: =IF(OR($B5+C$2-3<1,$B5+C$2>設定!$B$5),"",IFERROR(LN(INDEX(月次集計!$H$2:$H$45,$B5+C$2)/INDEX(月次集計!$H$2:$H$45,$B5+C$2-3)),"")) | D5: =IF(OR($B5+D$2-3<1,$B5+D$2>設定!$B$5),"",IFERROR(LN(INDEX(月次集計!$H$2:$H$45,$B5+D$2)/INDEX(月次集計!$H$2:$H$45,$B5+D$2-3)),"")) | E5: =IF(OR($B5+E$2-3<1,$B5+E$2>設定!$B$5),"",IFERROR(LN(INDEX(月次集計!$H$2:$H$45,$B5+E$2)/INDEX(月次集計!$H$2:$H$45,$B5+E$2-3)),"")) | F5: =IF(OR($B5+F$2-3<1,$B5+F$2>設定!$B$5),"",IFERROR(LN(INDEX(月次集計!$H$2:$H$45,$B5+F$2)/INDEX(月次集計!$H$2:$H$45,$B5+F$2-3)),"")) | G5: =IF(OR($B5+G$2-3<1,$B5+G$2>設定!$B$5),"",IFERROR(LN(INDEX(月次集計!$H$2:$H$45,$B5+G$2)/INDEX(月次集計!$H$2:$H$45,$B5+G$2-3)),"")) | H5: =IF(OR($B5+H$2-3<1,$B5+H$2>設定!$B$5),"",IFERROR(LN(INDEX(月次集計!$H$2:$H$45,$B5+H$2)/INDEX(月次集計!$H$2:$H$45,$B5+H$2-3)),"")) | I5: =IF(OR($B5+I$2-3<1,$B5+I$2>設定!$B$5),"",IFERROR(LN(INDEX(月次集計!$H$2:$H$45,$B5+I$2)/INDEX(月次集計!$H$2:$H$45,$B5+I$2-3)),"")) -> 0.053582567 | J5: =IF(OR($B5+J$2-3<1,$B5+J$2>設定!$B$5),"",IFERROR(LN(INDEX(月次集計!$H$2:$H$45,$B5+J$2)/INDEX(月次集計!$H$2:$H$45,$B5+J$2-3)),"")) -> -0.079800188 | ... O5: =IF(OR($B5+O$2-3<1,$B5+O$2>設定!$B$5),"",IFERROR(LN(INDEX(月次集計!$H$2:$H$45,$B5+O$2)/INDEX(月次集計!$H$2:$H$45,$B5+O$2-3)),"")) -> -0.13604851 | P5: =IF(OR($B5+P$2-3<1,$B5+P$2>設定!$B$5),"",IFERROR(LN(INDEX(月次集計!$I$2:$I$45,$B5+P$2)/INDEX(月次集計!$I$2:$I$45,$B5+P$2-3)),"")) | Q5: =IF(OR($B5+Q$2-3<1,$B5+Q$2>設定!$B$5),"",IFERROR(LN(INDEX(月次集計!$I$2:$I$45,$B5+Q$2)/INDEX(月次集計!$I$2:$I$45,$B5+Q$2-3)),"")) | R5: =IF(OR($B5+R$2-3<1,$B5+R$2>設定!$B$5),"",IFERROR(LN(INDEX(月次集計!$I$2:$I$45,$B5+R$2)/INDEX(月次集計!$I$2:$I$45,$B5+R$2-3)),"")) | S5: =IF(OR($B5+S$2-3<1,$B5+S$2>設定!$B$5),"",IFERROR(LN(INDEX(月次集計!$I$2:$I$45,$B5+S$2)/INDEX(月次集計!$I$2:$I$45,$B5+S$2-3)),"")) | T5: =IF(OR($B5+T$2-3<1,$B5+T$2>設定!$B$5),"",IFERROR(LN(INDEX(月次集計!$I$2:$I$45,$B5+T$2)/INDEX(月次集計!$I$2:$I$45,$B5+T$2-3)),"")) | U5: =IF(OR($B5+U$2-3<1,$B5+U$2>設定!$B$5),"",IFERROR(LN(INDEX(月次集計!$I$2:$I$45,$B5+U$2)/INDEX(月次集計!$I$2:$I$45,$B5+U$2-3)),"")) | V5: =IF(OR($B5+V$2-3<1,$B5+V$2>設定!$B$5),"",IFERROR(LN(INDEX(月次集計!$I$2:$I$45,$B5+V$2)/INDEX(月次集計!$I$2:$I$45,$B5+V$2-3)),"")) -> -0.29291864 | W5: =IF(OR($B5+W$2-3<1,$B5+W$2>設定!$B$5),"",IFERROR(LN(INDEX(月次集計!$I$2:$I$45,$B5+W$2)/INDEX(月次集計!$I$2:$I$45,$B5+W$2-3)),"")) -> -0.24803316 | ... AB5: =IF(OR($B5+AB$2-3<1,$B5+AB$2>設定!$B$5),"",IFERROR(LN(INDEX(月次集計!$I$2:$I$45,$B5+AB$2)/INDEX(月次集計!$I$2:$I$45,$B5+AB$2-3)),"")) -> 0.194051 | AC5: =IF(OR($B5+AC$2-3<1,$B5+AC$2>設定!$B$5),"",IFERROR(LN(INDEX(月次集計!$J$2:$J$45,$B5+AC$2)/INDEX(月次集計!$J$2:$J$45,$B5+AC$2-3)),"")) | AD5: =IF(OR($B5+AD$2-3<1,$B5+AD$2>設定!$B$5),"",IFERROR(LN(INDEX(月次集計!$J$2:$J$45,$B5+AD$2)/INDEX(月次集計!$J$2:$J$45,$B5+AD$2-3)),"")) | AE5: =IF(OR($B5+AE$2-3<1,$B5+AE$2>設定!$B$5),"",IFERROR(LN(INDEX(月次集計!$J$2:$J$45,$B5+AE$2)/INDEX(月次集計!$J$2:$J$45,$B5+AE$2-3)),"")) | AF5: =IF(OR($B5+AF$2-3<1,$B5+AF$2>設定!$B$5),"",IFERROR(LN(INDEX(月次集計!$J$2:$J$45,$B5+AF$2)/INDEX(月次集計!$J$2:$J$45,$B5+AF$2-3)),"")) | AG5: =IF(OR($B5+AG$2-3<1,$B5+AG$2>設定!$B$5),"",IFERROR(LN(INDEX(月次集計!$J$2:$J$45,$B5+AG$2)/INDEX(月次集計!$J$2:$J$45,$B5+AG$2-3)),"")) | AH5: =IF(OR($B5+AH$2-3<1,$B5+AH$2>設定!$B$5),"",IFERROR(LN(INDEX(月次集計!$J$2:$J$45,$B5+AH$2)/INDEX(月次集計!$J$2:$J$45,$B5+AH$2-3)),"")) | AI5: =IF(OR($B5+AI$2-3<1,$B5+AI$2>設定!$B$5),"",IFERROR(LN(INDEX(月次集計!$J$2:$J$45,$B5+AI$2)/INDEX(月次集計!$J$2:$J$45,$B5+AI$2-3)),"")) -> 0.442155 | AJ5: =IF(OR($B5+AJ$2-3<1,$B5+AJ$2>設定!$B$5),"",IFERROR(LN(INDEX(月次集計!$J$2:$J$45,$B5+AJ$2)/INDEX(月次集計!$J$2:$J$45,$B5+AJ$2-3)),"")) -> 0.087913245 | ... AO5: =IF(OR($B5+AO$2-3<1,$B5+AO$2>設定!$B$5),"",IFERROR(LN(INDEX(月次集計!$J$2:$J$45,$B5+AO$2)/INDEX(月次集計!$J$2:$J$45,$B5+AO$2-3)),"")) -> -0.26273573 | AP5: =IF(OR($B5+AP$2-3<1,$B5+AP$2>設定!$B$5),"",IFERROR(LN(INDEX(月次集計!$K$2:$K$45,$B5+AP$2)/INDEX(月次集計!$K$2:$K$45,$B5+AP$2-3)),"")) | AQ5: =IF(OR($B5+AQ$2-3<1,$B5+AQ$2>設定!$B$5),"",IFERROR(LN(INDEX(月次集計!$K$2:$K$45,$B5+AQ$2)/INDEX(月次集計!$K$2:$K$45,$B5+AQ$2-3)),"")) | AR5: =IF(OR($B5+AR$2-3<1,$B5+AR$2>設定!$B$5),"",IFERROR(LN(INDEX(月次集計!$K$2:$K$45,$B5+AR$2)/INDEX(月次集計!$K$2:$K$45,$B5+AR$2-3)),"")) | AS5: =IF(OR($B5+AS$2-3<1,$B5+AS$2>設定!$B$5),"",IFERROR(LN(INDEX(月次集計!$K$2:$K$45,$B5+AS$2)/INDEX(月次集計!$K$2:$K$45,$B5+AS$2-3)),"")) | AT5: =IF(OR($B5+AT$2-3<1,$B5+AT$2>設定!$B$5),"",IFERROR(LN(INDEX(月次集計!$K$2:$K$45,$B5+AT$2)/INDEX(月次集計!$K$2:$K$45,$B5+AT$2-3)),"")) | AU5: =IF(OR($B5+AU$2-3<1,$B5+AU$2>設定!$B$5),"",IFERROR(LN(INDEX(月次集計!$K$2:$K$45,$B5+AU$2)/INDEX(月次集計!$K$2:$K$45,$B5+AU$2-3)),"")) | AV5: =IF(OR($B5+AV$2-3<1,$B5+AV$2>設定!$B$5),"",IFERROR(LN(INDEX(月次集計!$K$2:$K$45,$B5+AV$2)/INDEX(月次集計!$K$2:$K$45,$B5+AV$2-3)),"")) -> 0.056795026 | AW5: =IF(OR($B5+AW$2-3<1,$B5+AW$2>設定!$B$5),"",IFERROR(LN(INDEX(月次集計!$K$2:$K$45,$B5+AW$2)/INDEX(月次集計!$K$2:$K$45,$B5+AW$2-3)),"")) | ... BB5: =IF(OR($B5+BB$2-3<1,$B5+BB$2>設定!$B$5),"",IFERROR(LN(INDEX(月次集計!$K$2:$K$45,$B5+BB$2)/INDEX(月次集計!$K$2:$K$45,$B5+BB$2-3)),"")) | BC5: =IF(OR($B5+BC$2-3<1,$B5+BC$2>設定!$B$5),"",IFERROR(LN(INDEX(月次集計!$L$2:$L$45,$B5+BC$2)/INDEX(月次集計!$L$2:$L$45,$B5+BC$2-3)),"")) | BD5: =IF(OR($B5+BD$2-3<1,$B5+BD$2>設定!$B$5),"",IFERROR(LN(INDEX(月次集計!$L$2:$L$45,$B5+BD$2)/INDEX(月次集計!$L$2:$L$45,$B5+BD$2-3)),"")) | BE5: =IF(OR($B5+BE$2-3<1,$B5+BE$2>設定!$B$5),"",IFERROR(LN(INDEX(月次集計!$L$2:$L$45,$B5+BE$2)/INDEX(月次集計!$L$2:$L$45,$B5+BE$2-3)),"")) | BF5: =IF(OR($B5+BF$2-3<1,$B5+BF$2>設定!$B$5),"",IFERROR(LN(INDEX(月次集計!$L$2:$L$45,$B5+BF$2)/INDEX(月次集計!$L$2:$L$45,$B5+BF$2-3)),"")) | BG5: =IF(OR($B5+BG$2-3<1,$B5+BG$2>設定!$B$5),"",IFERROR(LN(INDEX(月次集計!$L$2:$L$45,$B5+BG$2)/INDEX(月次集計!$L$2:$L$45,$B5+BG$2-3)),"")) | BH5: =IF(OR($B5+BH$2-3<1,$B5+BH$2>設定!$B$5),"",IFERROR(LN(INDEX(月次集計!$L$2:$L$45,$B5+BH$2)/INDEX(月次集計!$L$2:$L$45,$B5+BH$2-3)),"")) | BI5: =IF(OR($B5+BI$2-3<1,$B5+BI$2>設定!$B$5),"",IFERROR(LN(INDEX(月次集計!$L$2:$L$45,$B5+BI$2)/INDEX(月次集計!$L$2:$L$45,$B5+BI$2-3)),"")) -> -0.0024289034 | BJ5: =IF(OR($B5+BJ$2-3<1,$B5+BJ$2>設定!$B$5),"",IFERROR(LN(INDEX(月次集計!$L$2:$L$45,$B5+BJ$2)/INDEX(月次集計!$L$2:$L$45,$B5+BJ$2-3)),"")) -> -0.10427952 | ... BO5: =IF(OR($B5+BO$2-3<1,$B5+BO$2>設定!$B$5),"",IFERROR(LN(INDEX(月次集計!$L$2:$L$45,$B5+BO$2)/INDEX(月次集計!$L$2:$L$45,$B5+BO$2-3)),"")) -> -0.049143958
A6: 2023Q3 | B6: 9 | C6: =IF(OR($B6+C$2-3<1,$B6+C$2>設定!$B$5),"",IFERROR(LN(INDEX(月次集計!$H$2:$H$45,$B6+C$2)/INDEX(月次集計!$H$2:$H$45,$B6+C$2-3)),"")) | D6: =IF(OR($B6+D$2-3<1,$B6+D$2>設定!$B$5),"",IFERROR(LN(INDEX(月次集計!$H$2:$H$45,$B6+D$2)/INDEX(月次集計!$H$2:$H$45,$B6+D$2-3)),"")) | E6: =IF(OR($B6+E$2-3<1,$B6+E$2>設定!$B$5),"",IFERROR(LN(INDEX(月次集計!$H$2:$H$45,$B6+E$2)/INDEX(月次集計!$H$2:$H$45,$B6+E$2-3)),"")) | F6: =IF(OR($B6+F$2-3<1,$B6+F$2>設定!$B$5),"",IFERROR(LN(INDEX(月次集計!$H$2:$H$45,$B6+F$2)/INDEX(月次集計!$H$2:$H$45,$B6+F$2-3)),"")) -> 0.053582567 | G6: =IF(OR($B6+G$2-3<1,$B6+G$2>設定!$B$5),"",IFERROR(LN(INDEX(月次集計!$H$2:$H$45,$B6+G$2)/INDEX(月次集計!$H$2:$H$45,$B6+G$2-3)),"")) -> -0.079800188 | H6: =IF(OR($B6+H$2-3<1,$B6+H$2>設定!$B$5),"",IFERROR(LN(INDEX(月次集計!$H$2:$H$45,$B6+H$2)/INDEX(月次集計!$H$2:$H$45,$B6+H$2-3)),"")) -> -0.18517255 | I6: =IF(OR($B6+I$2-3<1,$B6+I$2>設定!$B$5),"",IFERROR(LN(INDEX(月次集計!$H$2:$H$45,$B6+I$2)/INDEX(月次集計!$H$2:$H$45,$B6+I$2-3)),"")) -> -0.25966925 | J6: =IF(OR($B6+J$2-3<1,$B6+J$2>設定!$B$5),"",IFERROR(LN(INDEX(月次集計!$H$2:$H$45,$B6+J$2)/INDEX(月次集計!$H$2:$H$45,$B6+J$2-3)),"")) -> -0.42118797 | ... O6: =IF(OR($B6+O$2-3<1,$B6+O$2>設定!$B$5),"",IFERROR(LN(INDEX(月次集計!$H$2:$H$45,$B6+O$2)/INDEX(月次集計!$H$2:$H$45,$B6+O$2-3)),"")) -> 0.31613837 | P6: =IF(OR($B6+P$2-3<1,$B6+P$2>設定!$B$5),"",IFERROR(LN(INDEX(月次集計!$I$2:$I$45,$B6+P$2)/INDEX(月次集計!$I$2:$I$45,$B6+P$2-3)),"")) | Q6: =IF(OR($B6+Q$2-3<1,$B6+Q$2>設定!$B$5),"",IFERROR(LN(INDEX(月次集計!$I$2:$I$45,$B6+Q$2)/INDEX(月次集計!$I$2:$I$45,$B6+Q$2-3)),"")) | R6: =IF(OR($B6+R$2-3<1,$B6+R$2>設定!$B$5),"",IFERROR(LN(INDEX(月次集計!$I$2:$I$45,$B6+R$2)/INDEX(月次集計!$I$2:$I$45,$B6+R$2-3)),"")) | S6: =IF(OR($B6+S$2-3<1,$B6+S$2>設定!$B$5),"",IFERROR(LN(INDEX(月次集計!$I$2:$I$45,$B6+S$2)/INDEX(月次集計!$I$2:$I$45,$B6+S$2-3)),"")) -> -0.29291864 | T6: =IF(OR($B6+T$2-3<1,$B6+T$2>設定!$B$5),"",IFERROR(LN(INDEX(月次集計!$I$2:$I$45,$B6+T$2)/INDEX(月次集計!$I$2:$I$45,$B6+T$2-3)),"")) -> -0.24803316 | U6: =IF(OR($B6+U$2-3<1,$B6+U$2>設定!$B$5),"",IFERROR(LN(INDEX(月次集計!$I$2:$I$45,$B6+U$2)/INDEX(月次集計!$I$2:$I$45,$B6+U$2-3)),"")) -> -0.57686223 | V6: =IF(OR($B6+V$2-3<1,$B6+V$2>設定!$B$5),"",IFERROR(LN(INDEX(月次集計!$I$2:$I$45,$B6+V$2)/INDEX(月次集計!$I$2:$I$45,$B6+V$2-3)),"")) -> -0.57386264 | W6: =IF(OR($B6+W$2-3<1,$B6+W$2>設定!$B$5),"",IFERROR(LN(INDEX(月次集計!$I$2:$I$45,$B6+W$2)/INDEX(月次集計!$I$2:$I$45,$B6+W$2-3)),"")) -> -0.58908644 | ... AB6: =IF(OR($B6+AB$2-3<1,$B6+AB$2>設定!$B$5),"",IFERROR(LN(INDEX(月次集計!$I$2:$I$45,$B6+AB$2)/INDEX(月次集計!$I$2:$I$45,$B6+AB$2-3)),"")) -> 0.021462368 | AC6: =IF(OR($B6+AC$2-3<1,$B6+AC$2>設定!$B$5),"",IFERROR(LN(INDEX(月次集計!$J$2:$J$45,$B6+AC$2)/INDEX(月次集計!$J$2:$J$45,$B6+AC$2-3)),"")) | AD6: =IF(OR($B6+AD$2-3<1,$B6+AD$2>設定!$B$5),"",IFERROR(LN(INDEX(月次集計!$J$2:$J$45,$B6+AD$2)/INDEX(月次集計!$J$2:$J$45,$B6+AD$2-3)),"")) | AE6: =IF(OR($B6+AE$2-3<1,$B6+AE$2>設定!$B$5),"",IFERROR(LN(INDEX(月次集計!$J$2:$J$45,$B6+AE$2)/INDEX(月次集計!$J$2:$J$45,$B6+AE$2-3)),"")) | AF6: =IF(OR($B6+AF$2-3<1,$B6+AF$2>設定!$B$5),"",IFERROR(LN(INDEX(月次集計!$J$2:$J$45,$B6+AF$2)/INDEX(月次集計!$J$2:$J$45,$B6+AF$2-3)),"")) -> 0.442155 | AG6: =IF(OR($B6+AG$2-3<1,$B6+AG$2>設定!$B$5),"",IFERROR(LN(INDEX(月次集計!$J$2:$J$45,$B6+AG$2)/INDEX(月次集計!$J$2:$J$45,$B6+AG$2-3)),"")) -> 0.087913245 | AH6: =IF(OR($B6+AH$2-3<1,$B6+AH$2>設定!$B$5),"",IFERROR(LN(INDEX(月次集計!$J$2:$J$45,$B6+AH$2)/INDEX(月次集計!$J$2:$J$45,$B6+AH$2-3)),"")) -> -0.39712871 | AI6: =IF(OR($B6+AI$2-3<1,$B6+AI$2>設定!$B$5),"",IFERROR(LN(INDEX(月次集計!$J$2:$J$45,$B6+AI$2)/INDEX(月次集計!$J$2:$J$45,$B6+AI$2-3)),"")) -> -0.59726621 | AJ6: =IF(OR($B6+AJ$2-3<1,$B6+AJ$2>設定!$B$5),"",IFERROR(LN(INDEX(月次集計!$J$2:$J$45,$B6+AJ$2)/INDEX(月次集計!$J$2:$J$45,$B6+AJ$2-3)),"")) -> -0.47510583 | ... AO6: =IF(OR($B6+AO$2-3<1,$B6+AO$2>設定!$B$5),"",IFERROR(LN(INDEX(月次集計!$J$2:$J$45,$B6+AO$2)/INDEX(月次集計!$J$2:$J$45,$B6+AO$2-3)),"")) -> 0.27642101 | AP6: =IF(OR($B6+AP$2-3<1,$B6+AP$2>設定!$B$5),"",IFERROR(LN(INDEX(月次集計!$K$2:$K$45,$B6+AP$2)/INDEX(月次集計!$K$2:$K$45,$B6+AP$2-3)),"")) | AQ6: =IF(OR($B6+AQ$2-3<1,$B6+AQ$2>設定!$B$5),"",IFERROR(LN(INDEX(月次集計!$K$2:$K$45,$B6+AQ$2)/INDEX(月次集計!$K$2:$K$45,$B6+AQ$2-3)),"")) | AR6: =IF(OR($B6+AR$2-3<1,$B6+AR$2>設定!$B$5),"",IFERROR(LN(INDEX(月次集計!$K$2:$K$45,$B6+AR$2)/INDEX(月次集計!$K$2:$K$45,$B6+AR$2-3)),"")) | AS6: =IF(OR($B6+AS$2-3<1,$B6+AS$2>設定!$B$5),"",IFERROR(LN(INDEX(月次集計!$K$2:$K$45,$B6+AS$2)/INDEX(月次集計!$K$2:$K$45,$B6+AS$2-3)),"")) -> 0.056795026 | AT6: =IF(OR($B6+AT$2-3<1,$B6+AT$2>設定!$B$5),"",IFERROR(LN(INDEX(月次集計!$K$2:$K$45,$B6+AT$2)/INDEX(月次集計!$K$2:$K$45,$B6+AT$2-3)),"")) | AU6: =IF(OR($B6+AU$2-3<1,$B6+AU$2>設定!$B$5),"",IFERROR(LN(INDEX(月次集計!$K$2:$K$45,$B6+AU$2)/INDEX(月次集計!$K$2:$K$45,$B6+AU$2-3)),"")) | AV6: =IF(OR($B6+AV$2-3<1,$B6+AV$2>設定!$B$5),"",IFERROR(LN(INDEX(月次集計!$K$2:$K$45,$B6+AV$2)/INDEX(月次集計!$K$2:$K$45,$B6+AV$2-3)),"")) | AW6: =IF(OR($B6+AW$2-3<1,$B6+AW$2>設定!$B$5),"",IFERROR(LN(INDEX(月次集計!$K$2:$K$45,$B6+AW$2)/INDEX(月次集計!$K$2:$K$45,$B6+AW$2-3)),"")) | ... BB6: =IF(OR($B6+BB$2-3<1,$B6+BB$2>設定!$B$5),"",IFERROR(LN(INDEX(月次集計!$K$2:$K$45,$B6+BB$2)/INDEX(月次集計!$K$2:$K$45,$B6+BB$2-3)),"")) -> -0.049406848 | BC6: =IF(OR($B6+BC$2-3<1,$B6+BC$2>設定!$B$5),"",IFERROR(LN(INDEX(月次集計!$L$2:$L$45,$B6+BC$2)/INDEX(月次集計!$L$2:$L$45,$B6+BC$2-3)),"")) | BD6: =IF(OR($B6+BD$2-3<1,$B6+BD$2>設定!$B$5),"",IFERROR(LN(INDEX(月次集計!$L$2:$L$45,$B6+BD$2)/INDEX(月次集計!$L$2:$L$45,$B6+BD$2-3)),"")) | BE6: =IF(OR($B6+BE$2-3<1,$B6+BE$2>設定!$B$5),"",IFERROR(LN(INDEX(月次集計!$L$2:$L$45,$B6+BE$2)/INDEX(月次集計!$L$2:$L$45,$B6+BE$2-3)),"")) | BF6: =IF(OR($B6+BF$2-3<1,$B6+BF$2>設定!$B$5),"",IFERROR(LN(INDEX(月次集計!$L$2:$L$45,$B6+BF$2)/INDEX(月次集計!$L$2:$L$45,$B6+BF$2-3)),"")) -> -0.0024289034 | BG6: =IF(OR($B6+BG$2-3<1,$B6+BG$2>設定!$B$5),"",IFERROR(LN(INDEX(月次集計!$L$2:$L$45,$B6+BG$2)/INDEX(月次集計!$L$2:$L$45,$B6+BG$2-3)),"")) -> -0.10427952 | BH6: =IF(OR($B6+BH$2-3<1,$B6+BH$2>設定!$B$5),"",IFERROR(LN(INDEX(月次集計!$L$2:$L$45,$B6+BH$2)/INDEX(月次集計!$L$2:$L$45,$B6+BH$2-3)),"")) -> -0.36801354 | BI6: =IF(OR($B6+BI$2-3<1,$B6+BI$2>設定!$B$5),"",IFERROR(LN(INDEX(月次集計!$L$2:$L$45,$B6+BI$2)/INDEX(月次集計!$L$2:$L$45,$B6+BI$2-3)),"")) -> -0.44265943 | BJ6: =IF(OR($B6+BJ$2-3<1,$B6+BJ$2>設定!$B$5),"",IFERROR(LN(INDEX(月次集計!$L$2:$L$45,$B6+BJ$2)/INDEX(月次集計!$L$2:$L$45,$B6+BJ$2-3)),"")) -> -0.4894238 | ... BO6: =IF(OR($B6+BO$2-3<1,$B6+BO$2>設定!$B$5),"",IFERROR(LN(INDEX(月次集計!$L$2:$L$45,$B6+BO$2)/INDEX(月次集計!$L$2:$L$45,$B6+BO$2-3)),"")) -> 0.20544407
A7: 2023Q4 | B7: 12 | C7: =IF(OR($B7+C$2-3<1,$B7+C$2>設定!$B$5),"",IFERROR(LN(INDEX(月次集計!$H$2:$H$45,$B7+C$2)/INDEX(月次集計!$H$2:$H$45,$B7+C$2-3)),"")) -> 0.053582567 | D7: =IF(OR($B7+D$2-3<1,$B7+D$2>設定!$B$5),"",IFERROR(LN(INDEX(月次集計!$H$2:$H$45,$B7+D$2)/INDEX(月次集計!$H$2:$H$45,$B7+D$2-3)),"")) -> -0.079800188 | E7: =IF(OR($B7+E$2-3<1,$B7+E$2>設定!$B$5),"",IFERROR(LN(INDEX(月次集計!$H$2:$H$45,$B7+E$2)/INDEX(月次集計!$H$2:$H$45,$B7+E$2-3)),"")) -> -0.18517255 | F7: =IF(OR($B7+F$2-3<1,$B7+F$2>設定!$B$5),"",IFERROR(LN(INDEX(月次集計!$H$2:$H$45,$B7+F$2)/INDEX(月次集計!$H$2:$H$45,$B7+F$2-3)),"")) -> -0.25966925 | G7: =IF(OR($B7+G$2-3<1,$B7+G$2>設定!$B$5),"",IFERROR(LN(INDEX(月次集計!$H$2:$H$45,$B7+G$2)/INDEX(月次集計!$H$2:$H$45,$B7+G$2-3)),"")) -> -0.42118797 | H7: =IF(OR($B7+H$2-3<1,$B7+H$2>設定!$B$5),"",IFERROR(LN(INDEX(月次集計!$H$2:$H$45,$B7+H$2)/INDEX(月次集計!$H$2:$H$45,$B7+H$2-3)),"")) -> -0.30950395 | I7: =IF(OR($B7+I$2-3<1,$B7+I$2>設定!$B$5),"",IFERROR(LN(INDEX(月次集計!$H$2:$H$45,$B7+I$2)/INDEX(月次集計!$H$2:$H$45,$B7+I$2-3)),"")) -> -0.13604851 | J7: =IF(OR($B7+J$2-3<1,$B7+J$2>設定!$B$5),"",IFERROR(LN(INDEX(月次集計!$H$2:$H$45,$B7+J$2)/INDEX(月次集計!$H$2:$H$45,$B7+J$2-3)),"")) -> 0.20698327 | ... O7: =IF(OR($B7+O$2-3<1,$B7+O$2>設定!$B$5),"",IFERROR(LN(INDEX(月次集計!$H$2:$H$45,$B7+O$2)/INDEX(月次集計!$H$2:$H$45,$B7+O$2-3)),"")) -> -0.18270322 | P7: =IF(OR($B7+P$2-3<1,$B7+P$2>設定!$B$5),"",IFERROR(LN(INDEX(月次集計!$I$2:$I$45,$B7+P$2)/INDEX(月次集計!$I$2:$I$45,$B7+P$2-3)),"")) -> -0.29291864 | Q7: =IF(OR($B7+Q$2-3<1,$B7+Q$2>設定!$B$5),"",IFERROR(LN(INDEX(月次集計!$I$2:$I$45,$B7+Q$2)/INDEX(月次集計!$I$2:$I$45,$B7+Q$2-3)),"")) -> -0.24803316 | R7: =IF(OR($B7+R$2-3<1,$B7+R$2>設定!$B$5),"",IFERROR(LN(INDEX(月次集計!$I$2:$I$45,$B7+R$2)/INDEX(月次集計!$I$2:$I$45,$B7+R$2-3)),"")) -> -0.57686223 | S7: =IF(OR($B7+S$2-3<1,$B7+S$2>設定!$B$5),"",IFERROR(LN(INDEX(月次集計!$I$2:$I$45,$B7+S$2)/INDEX(月次集計!$I$2:$I$45,$B7+S$2-3)),"")) -> -0.57386264 | T7: =IF(OR($B7+T$2-3<1,$B7+T$2>設定!$B$5),"",IFERROR(LN(INDEX(月次集計!$I$2:$I$45,$B7+T$2)/INDEX(月次集計!$I$2:$I$45,$B7+T$2-3)),"")) -> -0.58908644 | U7: =IF(OR($B7+U$2-3<1,$B7+U$2>設定!$B$5),"",IFERROR(LN(INDEX(月次集計!$I$2:$I$45,$B7+U$2)/INDEX(月次集計!$I$2:$I$45,$B7+U$2-3)),"")) -> -0.12820942 | V7: =IF(OR($B7+V$2-3<1,$B7+V$2>設定!$B$5),"",IFERROR(LN(INDEX(月次集計!$I$2:$I$45,$B7+V$2)/INDEX(月次集計!$I$2:$I$45,$B7+V$2-3)),"")) -> 0.194051 | W7: =IF(OR($B7+W$2-3<1,$B7+W$2>設定!$B$5),"",IFERROR(LN(INDEX(月次集計!$I$2:$I$45,$B7+W$2)/INDEX(月次集計!$I$2:$I$45,$B7+W$2-3)),"")) -> 0.29545455 | ... AB7: =IF(OR($B7+AB$2-3<1,$B7+AB$2>設定!$B$5),"",IFERROR(LN(INDEX(月次集計!$I$2:$I$45,$B7+AB$2)/INDEX(月次集計!$I$2:$I$45,$B7+AB$2-3)),"")) -> 0.37657784 | AC7: =IF(OR($B7+AC$2-3<1,$B7+AC$2>設定!$B$5),"",IFERROR(LN(INDEX(月次集計!$J$2:$J$45,$B7+AC$2)/INDEX(月次集計!$J$2:$J$45,$B7+AC$2-3)),"")) -> 0.442155 | AD7: =IF(OR($B7+AD$2-3<1,$B7+AD$2>設定!$B$5),"",IFERROR(LN(INDEX(月次集計!$J$2:$J$45,$B7+AD$2)/INDEX(月次集計!$J$2:$J$45,$B7+AD$2-3)),"")) -> 0.087913245 | AE7: =IF(OR($B7+AE$2-3<1,$B7+AE$2>設定!$B$5),"",IFERROR(LN(INDEX(月次集計!$J$2:$J$45,$B7+AE$2)/INDEX(月次集計!$J$2:$J$45,$B7+AE$2-3)),"")) -> -0.39712871 | AF7: =IF(OR($B7+AF$2-3<1,$B7+AF$2>設定!$B$5),"",IFERROR(LN(INDEX(月次集計!$J$2:$J$45,$B7+AF$2)/INDEX(月次集計!$J$2:$J$45,$B7+AF$2-3)),"")) -> -0.59726621 | AG7: =IF(OR($B7+AG$2-3<1,$B7+AG$2>設定!$B$5),"",IFERROR(LN(INDEX(月次集計!$J$2:$J$45,$B7+AG$2)/INDEX(月次集計!$J$2:$J$45,$B7+AG$2-3)),"")) -> -0.47510583 | AH7: =IF(OR($B7+AH$2-3<1,$B7+AH$2>設定!$B$5),"",IFERROR(LN(INDEX(月次集計!$J$2:$J$45,$B7+AH$2)/INDEX(月次集計!$J$2:$J$45,$B7+AH$2-3)),"")) -> -0.29254806 | AI7: =IF(OR($B7+AI$2-3<1,$B7+AI$2>設定!$B$5),"",IFERROR(LN(INDEX(月次集計!$J$2:$J$45,$B7+AI$2)/INDEX(月次集計!$J$2:$J$45,$B7+AI$2-3)),"")) -> -0.26273573 | AJ7: =IF(OR($B7+AJ$2-3<1,$B7+AJ$2>設定!$B$5),"",IFERROR(LN(INDEX(月次集計!$J$2:$J$45,$B7+AJ$2)/INDEX(月次集計!$J$2:$J$45,$B7+AJ$2-3)),"")) -> -0.29996399 | ... AO7: =IF(OR($B7+AO$2-3<1,$B7+AO$2>設定!$B$5),"",IFERROR(LN(INDEX(月次集計!$J$2:$J$45,$B7+AO$2)/INDEX(月次集計!$J$2:$J$45,$B7+AO$2-3)),"")) -> -0.35434777 | AP7: =IF(OR($B7+AP$2-3<1,$B7+AP$2>設定!$B$5),"",IFERROR(LN(INDEX(月次集計!$K$2:$K$45,$B7+AP$2)/INDEX(月次集計!$K$2:$K$45,$B7+AP$2-3)),"")) -> 0.056795026 | AQ7: =IF(OR($B7+AQ$2-3<1,$B7+AQ$2>設定!$B$5),"",IFERROR(LN(INDEX(月次集計!$K$2:$K$45,$B7+AQ$2)/INDEX(月次集計!$K$2:$K$45,$B7+AQ$2-3)),"")) | AR7: =IF(OR($B7+AR$2-3<1,$B7+AR$2>設定!$B$5),"",IFERROR(LN(INDEX(月次集計!$K$2:$K$45,$B7+AR$2)/INDEX(月次集計!$K$2:$K$45,$B7+AR$2-3)),"")) | AS7: =IF(OR($B7+AS$2-3<1,$B7+AS$2>設定!$B$5),"",IFERROR(LN(INDEX(月次集計!$K$2:$K$45,$B7+AS$2)/INDEX(月次集計!$K$2:$K$45,$B7+AS$2-3)),"")) | AT7: =IF(OR($B7+AT$2-3<1,$B7+AT$2>設定!$B$5),"",IFERROR(LN(INDEX(月次集計!$K$2:$K$45,$B7+AT$2)/INDEX(月次集計!$K$2:$K$45,$B7+AT$2-3)),"")) | AU7: =IF(OR($B7+AU$2-3<1,$B7+AU$2>設定!$B$5),"",IFERROR(LN(INDEX(月次集計!$K$2:$K$45,$B7+AU$2)/INDEX(月次集計!$K$2:$K$45,$B7+AU$2-3)),"")) | AV7: =IF(OR($B7+AV$2-3<1,$B7+AV$2>設定!$B$5),"",IFERROR(LN(INDEX(月次集計!$K$2:$K$45,$B7+AV$2)/INDEX(月次集計!$K$2:$K$45,$B7+AV$2-3)),"")) | AW7: =IF(OR($B7+AW$2-3<1,$B7+AW$2>設定!$B$5),"",IFERROR(LN(INDEX(月次集計!$K$2:$K$45,$B7+AW$2)/INDEX(月次集計!$K$2:$K$45,$B7+AW$2-3)),"")) -> 0.078689643 | ... BB7: =IF(OR($B7+BB$2-3<1,$B7+BB$2>設定!$B$5),"",IFERROR(LN(INDEX(月次集計!$K$2:$K$45,$B7+BB$2)/INDEX(月次集計!$K$2:$K$45,$B7+BB$2-3)),"")) -> 0.082035989 | BC7: =IF(OR($B7+BC$2-3<1,$B7+BC$2>設定!$B$5),"",IFERROR(LN(INDEX(月次集計!$L$2:$L$45,$B7+BC$2)/INDEX(月次集計!$L$2:$L$45,$B7+BC$2-3)),"")) -> -0.0024289034 | BD7: =IF(OR($B7+BD$2-3<1,$B7+BD$2>設定!$B$5),"",IFERROR(LN(INDEX(月次集計!$L$2:$L$45,$B7+BD$2)/INDEX(月次集計!$L$2:$L$45,$B7+BD$2-3)),"")) -> -0.10427952 | BE7: =IF(OR($B7+BE$2-3<1,$B7+BE$2>設定!$B$5),"",IFERROR(LN(INDEX(月次集計!$L$2:$L$45,$B7+BE$2)/INDEX(月次集計!$L$2:$L$45,$B7+BE$2-3)),"")) -> -0.36801354 | BF7: =IF(OR($B7+BF$2-3<1,$B7+BF$2>設定!$B$5),"",IFERROR(LN(INDEX(月次集計!$L$2:$L$45,$B7+BF$2)/INDEX(月次集計!$L$2:$L$45,$B7+BF$2-3)),"")) -> -0.44265943 | BG7: =IF(OR($B7+BG$2-3<1,$B7+BG$2>設定!$B$5),"",IFERROR(LN(INDEX(月次集計!$L$2:$L$45,$B7+BG$2)/INDEX(月次集計!$L$2:$L$45,$B7+BG$2-3)),"")) -> -0.4894238 | BH7: =IF(OR($B7+BH$2-3<1,$B7+BH$2>設定!$B$5),"",IFERROR(LN(INDEX(月次集計!$L$2:$L$45,$B7+BH$2)/INDEX(月次集計!$L$2:$L$45,$B7+BH$2-3)),"")) -> -0.24763388 | BI7: =IF(OR($B7+BI$2-3<1,$B7+BI$2>設定!$B$5),"",IFERROR(LN(INDEX(月次集計!$L$2:$L$45,$B7+BI$2)/INDEX(月次集計!$L$2:$L$45,$B7+BI$2-3)),"")) -> -0.049143958 | BJ7: =IF(OR($B7+BJ$2-3<1,$B7+BJ$2>設定!$B$5),"",IFERROR(LN(INDEX(月次集計!$L$2:$L$45,$B7+BJ$2)/INDEX(月次集計!$L$2:$L$45,$B7+BJ$2-3)),"")) -> 0.13362496 | ... BO7: =IF(OR($B7+BO$2-3<1,$B7+BO$2>設定!$B$5),"",IFERROR(LN(INDEX(月次集計!$L$2:$L$45,$B7+BO$2)/INDEX(月次集計!$L$2:$L$45,$B7+BO$2-3)),"")) -> 0.0063762095
A8: 2024Q1 | B8: 15 | C8: =IF(OR($B8+C$2-3<1,$B8+C$2>設定!$B$5),"",IFERROR(LN(INDEX(月次集計!$H$2:$H$45,$B8+C$2)/INDEX(月次集計!$H$2:$H$45,$B8+C$2-3)),"")) -> -0.25966925 | D8: =IF(OR($B8+D$2-3<1,$B8+D$2>設定!$B$5),"",IFERROR(LN(INDEX(月次集計!$H$2:$H$45,$B8+D$2)/INDEX(月次集計!$H$2:$H$45,$B8+D$2-3)),"")) -> -0.42118797 | E8: =IF(OR($B8+E$2-3<1,$B8+E$2>設定!$B$5),"",IFERROR(LN(INDEX(月次集計!$H$2:$H$45,$B8+E$2)/INDEX(月次集計!$H$2:$H$45,$B8+E$2-3)),"")) -> -0.30950395 | F8: =IF(OR($B8+F$2-3<1,$B8+F$2>設定!$B$5),"",IFERROR(LN(INDEX(月次集計!$H$2:$H$45,$B8+F$2)/INDEX(月次集計!$H$2:$H$45,$B8+F$2-3)),"")) -> -0.13604851 | G8: =IF(OR($B8+G$2-3<1,$B8+G$2>設定!$B$5),"",IFERROR(LN(INDEX(月次集計!$H$2:$H$45,$B8+G$2)/INDEX(月次集計!$H$2:$H$45,$B8+G$2-3)),"")) -> 0.20698327 | H8: =IF(OR($B8+H$2-3<1,$B8+H$2>設定!$B$5),"",IFERROR(LN(INDEX(月次集計!$H$2:$H$45,$B8+H$2)/INDEX(月次集計!$H$2:$H$45,$B8+H$2-3)),"")) -> 0.31080692 | I8: =IF(OR($B8+I$2-3<1,$B8+I$2>設定!$B$5),"",IFERROR(LN(INDEX(月次集計!$H$2:$H$45,$B8+I$2)/INDEX(月次集計!$H$2:$H$45,$B8+I$2-3)),"")) -> 0.31613837 | J8: =IF(OR($B8+J$2-3<1,$B8+J$2>設定!$B$5),"",IFERROR(LN(INDEX(月次集計!$H$2:$H$45,$B8+J$2)/INDEX(月次集計!$H$2:$H$45,$B8+J$2-3)),"")) -> 0.15626781 | ... O8: =IF(OR($B8+O$2-3<1,$B8+O$2>設定!$B$5),"",IFERROR(LN(INDEX(月次集計!$H$2:$H$45,$B8+O$2)/INDEX(月次集計!$H$2:$H$45,$B8+O$2-3)),"")) -> 0.24786832 | P8: =IF(OR($B8+P$2-3<1,$B8+P$2>設定!$B$5),"",IFERROR(LN(INDEX(月次集計!$I$2:$I$45,$B8+P$2)/INDEX(月次集計!$I$2:$I$45,$B8+P$2-3)),"")) -> -0.57386264 | Q8: =IF(OR($B8+Q$2-3<1,$B8+Q$2>設定!$B$5),"",IFERROR(LN(INDEX(月次集計!$I$2:$I$45,$B8+Q$2)/INDEX(月次集計!$I$2:$I$45,$B8+Q$2-3)),"")) -> -0.58908644 | R8: =IF(OR($B8+R$2-3<1,$B8+R$2>設定!$B$5),"",IFERROR(LN(INDEX(月次集計!$I$2:$I$45,$B8+R$2)/INDEX(月次集計!$I$2:$I$45,$B8+R$2-3)),"")) -> -0.12820942 | S8: =IF(OR($B8+S$2-3<1,$B8+S$2>設定!$B$5),"",IFERROR(LN(INDEX(月次集計!$I$2:$I$45,$B8+S$2)/INDEX(月次集計!$I$2:$I$45,$B8+S$2-3)),"")) -> 0.194051 | T8: =IF(OR($B8+T$2-3<1,$B8+T$2>設定!$B$5),"",IFERROR(LN(INDEX(月次集計!$I$2:$I$45,$B8+T$2)/INDEX(月次集計!$I$2:$I$45,$B8+T$2-3)),"")) -> 0.29545455 | U8: =IF(OR($B8+U$2-3<1,$B8+U$2>設定!$B$5),"",IFERROR(LN(INDEX(月次集計!$I$2:$I$45,$B8+U$2)/INDEX(月次集計!$I$2:$I$45,$B8+U$2-3)),"")) -> 0.13922886 | V8: =IF(OR($B8+V$2-3<1,$B8+V$2>設定!$B$5),"",IFERROR(LN(INDEX(月次集計!$I$2:$I$45,$B8+V$2)/INDEX(月次集計!$I$2:$I$45,$B8+V$2-3)),"")) -> 0.021462368 | W8: =IF(OR($B8+W$2-3<1,$B8+W$2>設定!$B$5),"",IFERROR(LN(INDEX(月次集計!$I$2:$I$45,$B8+W$2)/INDEX(月次集計!$I$2:$I$45,$B8+W$2-3)),"")) -> 0.24076 | ... AB8: =IF(OR($B8+AB$2-3<1,$B8+AB$2>設定!$B$5),"",IFERROR(LN(INDEX(月次集計!$I$2:$I$45,$B8+AB$2)/INDEX(月次集計!$I$2:$I$45,$B8+AB$2-3)),"")) -> 0.036487142 | AC8: =IF(OR($B8+AC$2-3<1,$B8+AC$2>設定!$B$5),"",IFERROR(LN(INDEX(月次集計!$J$2:$J$45,$B8+AC$2)/INDEX(月次集計!$J$2:$J$45,$B8+AC$2-3)),"")) -> -0.59726621 | AD8: =IF(OR($B8+AD$2-3<1,$B8+AD$2>設定!$B$5),"",IFERROR(LN(INDEX(月次集計!$J$2:$J$45,$B8+AD$2)/INDEX(月次集計!$J$2:$J$45,$B8+AD$2-3)),"")) -> -0.47510583 | AE8: =IF(OR($B8+AE$2-3<1,$B8+AE$2>設定!$B$5),"",IFERROR(LN(INDEX(月次集計!$J$2:$J$45,$B8+AE$2)/INDEX(月次集計!$J$2:$J$45,$B8+AE$2-3)),"")) -> -0.29254806 | AF8: =IF(OR($B8+AF$2-3<1,$B8+AF$2>設定!$B$5),"",IFERROR(LN(INDEX(月次集計!$J$2:$J$45,$B8+AF$2)/INDEX(月次集計!$J$2:$J$45,$B8+AF$2-3)),"")) -> -0.26273573 | AG8: =IF(OR($B8+AG$2-3<1,$B8+AG$2>設定!$B$5),"",IFERROR(LN(INDEX(月次集計!$J$2:$J$45,$B8+AG$2)/INDEX(月次集計!$J$2:$J$45,$B8+AG$2-3)),"")) -> -0.29996399 | AH8: =IF(OR($B8+AH$2-3<1,$B8+AH$2>設定!$B$5),"",IFERROR(LN(INDEX(月次集計!$J$2:$J$45,$B8+AH$2)/INDEX(月次集計!$J$2:$J$45,$B8+AH$2-3)),"")) -> -0.17247877 | AI8: =IF(OR($B8+AI$2-3<1,$B8+AI$2>設定!$B$5),"",IFERROR(LN(INDEX(月次集計!$J$2:$J$45,$B8+AI$2)/INDEX(月次集計!$J$2:$J$45,$B8+AI$2-3)),"")) -> 0.27642101 | AJ8: =IF(OR($B8+AJ$2-3<1,$B8+AJ$2>設定!$B$5),"",IFERROR(LN(INDEX(月次集計!$J$2:$J$45,$B8+AJ$2)/INDEX(月次集計!$J$2:$J$45,$B8+AJ$2-3)),"")) -> 0.33009253 | ... AO8: =IF(OR($B8+AO$2-3<1,$B8+AO$2>設定!$B$5),"",IFERROR(LN(INDEX(月次集計!$J$2:$J$45,$B8+AO$2)/INDEX(月次集計!$J$2:$J$45,$B8+AO$2-3)),"")) -> 0.055257611 | AP8: =IF(OR($B8+AP$2-3<1,$B8+AP$2>設定!$B$5),"",IFERROR(LN(INDEX(月次集計!$K$2:$K$45,$B8+AP$2)/INDEX(月次集計!$K$2:$K$45,$B8+AP$2-3)),"")) | AQ8: =IF(OR($B8+AQ$2-3<1,$B8+AQ$2>設定!$B$5),"",IFERROR(LN(INDEX(月次集計!$K$2:$K$45,$B8+AQ$2)/INDEX(月次集計!$K$2:$K$45,$B8+AQ$2-3)),"")) | AR8: =IF(OR($B8+AR$2-3<1,$B8+AR$2>設定!$B$5),"",IFERROR(LN(INDEX(月次集計!$K$2:$K$45,$B8+AR$2)/INDEX(月次集計!$K$2:$K$45,$B8+AR$2-3)),"")) | AS8: =IF(OR($B8+AS$2-3<1,$B8+AS$2>設定!$B$5),"",IFERROR(LN(INDEX(月次集計!$K$2:$K$45,$B8+AS$2)/INDEX(月次集計!$K$2:$K$45,$B8+AS$2-3)),"")) | AT8: =IF(OR($B8+AT$2-3<1,$B8+AT$2>設定!$B$5),"",IFERROR(LN(INDEX(月次集計!$K$2:$K$45,$B8+AT$2)/INDEX(月次集計!$K$2:$K$45,$B8+AT$2-3)),"")) -> 0.078689643 | AU8: =IF(OR($B8+AU$2-3<1,$B8+AU$2>設定!$B$5),"",IFERROR(LN(INDEX(月次集計!$K$2:$K$45,$B8+AU$2)/INDEX(月次集計!$K$2:$K$45,$B8+AU$2-3)),"")) -> -0.066103314 | AV8: =IF(OR($B8+AV$2-3<1,$B8+AV$2>設定!$B$5),"",IFERROR(LN(INDEX(月次集計!$K$2:$K$45,$B8+AV$2)/INDEX(月次集計!$K$2:$K$45,$B8+AV$2-3)),"")) -> -0.049406848 | AW8: =IF(OR($B8+AW$2-3<1,$B8+AW$2>設定!$B$5),"",IFERROR(LN(INDEX(月次集計!$K$2:$K$45,$B8+AW$2)/INDEX(月次集計!$K$2:$K$45,$B8+AW$2-3)),"")) -> 0.031638515 | ... BB8: =IF(OR($B8+BB$2-3<1,$B8+BB$2>設定!$B$5),"",IFERROR(LN(INDEX(月次集計!$K$2:$K$45,$B8+BB$2)/INDEX(月次集計!$K$2:$K$45,$B8+BB$2-3)),"")) -> 0.14452858 | BC8: =IF(OR($B8+BC$2-3<1,$B8+BC$2>設定!$B$5),"",IFERROR(LN(INDEX(月次集計!$L$2:$L$45,$B8+BC$2)/INDEX(月次集計!$L$2:$L$45,$B8+BC$2-3)),"")) -> -0.44265943 | BD8: =IF(OR($B8+BD$2-3<1,$B8+BD$2>設定!$B$5),"",IFERROR(LN(INDEX(月次集計!$L$2:$L$45,$B8+BD$2)/INDEX(月次集計!$L$2:$L$45,$B8+BD$2-3)),"")) -> -0.4894238 | BE8: =IF(OR($B8+BE$2-3<1,$B8+BE$2>設定!$B$5),"",IFERROR(LN(INDEX(月次集計!$L$2:$L$45,$B8+BE$2)/INDEX(月次集計!$L$2:$L$45,$B8+BE$2-3)),"")) -> -0.24763388 | BF8: =IF(OR($B8+BF$2-3<1,$B8+BF$2>設定!$B$5),"",IFERROR(LN(INDEX(月次集計!$L$2:$L$45,$B8+BF$2)/INDEX(月次集計!$L$2:$L$45,$B8+BF$2-3)),"")) -> -0.049143958 | BG8: =IF(OR($B8+BG$2-3<1,$B8+BG$2>設定!$B$5),"",IFERROR(LN(INDEX(月次集計!$L$2:$L$45,$B8+BG$2)/INDEX(月次集計!$L$2:$L$45,$B8+BG$2-3)),"")) -> 0.13362496 | BH8: =IF(OR($B8+BH$2-3<1,$B8+BH$2>設定!$B$5),"",IFERROR(LN(INDEX(月次集計!$L$2:$L$45,$B8+BH$2)/INDEX(月次集計!$L$2:$L$45,$B8+BH$2-3)),"")) -> 0.15865605 | BI8: =IF(OR($B8+BI$2-3<1,$B8+BI$2>設定!$B$5),"",IFERROR(LN(INDEX(月次集計!$L$2:$L$45,$B8+BI$2)/INDEX(月次集計!$L$2:$L$45,$B8+BI$2-3)),"")) -> 0.20544407 | BJ8: =IF(OR($B8+BJ$2-3<1,$B8+BJ$2>設定!$B$5),"",IFERROR(LN(INDEX(月次集計!$L$2:$L$45,$B8+BJ$2)/INDEX(月次集計!$L$2:$L$45,$B8+BJ$2-3)),"")) -> 0.21732337 | ... BO8: =IF(OR($B8+BO$2-3<1,$B8+BO$2>設定!$B$5),"",IFERROR(LN(INDEX(月次集計!$L$2:$L$45,$B8+BO$2)/INDEX(月次集計!$L$2:$L$45,$B8+BO$2-3)),"")) -> 0.1295057
A9: 2024Q2 | B9: 18 | C9: =IF(OR($B9+C$2-3<1,$B9+C$2>設定!$B$5),"",IFERROR(LN(INDEX(月次集計!$H$2:$H$45,$B9+C$2)/INDEX(月次集計!$H$2:$H$45,$B9+C$2-3)),"")) -> -0.13604851 | D9: =IF(OR($B9+D$2-3<1,$B9+D$2>設定!$B$5),"",IFERROR(LN(INDEX(月次集計!$H$2:$H$45,$B9+D$2)/INDEX(月次集計!$H$2:$H$45,$B9+D$2-3)),"")) -> 0.20698327 | E9: =IF(OR($B9+E$2-3<1,$B9+E$2>設定!$B$5),"",IFERROR(LN(INDEX(月次集計!$H$2:$H$45,$B9+E$2)/INDEX(月次集計!$H$2:$H$45,$B9+E$2-3)),"")) -> 0.31080692 | F9: =IF(OR($B9+F$2-3<1,$B9+F$2>設定!$B$5),"",IFERROR(LN(INDEX(月次集計!$H$2:$H$45,$B9+F$2)/INDEX(月次集計!$H$2:$H$45,$B9+F$2-3)),"")) -> 0.31613837 | G9: =IF(OR($B9+G$2-3<1,$B9+G$2>設定!$B$5),"",IFERROR(LN(INDEX(月次集計!$H$2:$H$45,$B9+G$2)/INDEX(月次集計!$H$2:$H$45,$B9+G$2-3)),"")) -> 0.15626781 | H9: =IF(OR($B9+H$2-3<1,$B9+H$2>設定!$B$5),"",IFERROR(LN(INDEX(月次集計!$H$2:$H$45,$B9+H$2)/INDEX(月次集計!$H$2:$H$45,$B9+H$2-3)),"")) -> -0.047796369 | I9: =IF(OR($B9+I$2-3<1,$B9+I$2>設定!$B$5),"",IFERROR(LN(INDEX(月次集計!$H$2:$H$45,$B9+I$2)/INDEX(月次集計!$H$2:$H$45,$B9+I$2-3)),"")) -> -0.18270322 | J9: =IF(OR($B9+J$2-3<1,$B9+J$2>設定!$B$5),"",IFERROR(LN(INDEX(月次集計!$H$2:$H$45,$B9+J$2)/INDEX(月次集計!$H$2:$H$45,$B9+J$2-3)),"")) -> -0.14469827 | ... O9: =IF(OR($B9+O$2-3<1,$B9+O$2>設定!$B$5),"",IFERROR(LN(INDEX(月次集計!$H$2:$H$45,$B9+O$2)/INDEX(月次集計!$H$2:$H$45,$B9+O$2-3)),"")) -> 0.17354617 | P9: =IF(OR($B9+P$2-3<1,$B9+P$2>設定!$B$5),"",IFERROR(LN(INDEX(月次集計!$I$2:$I$45,$B9+P$2)/INDEX(月次集計!$I$2:$I$45,$B9+P$2-3)),"")) -> 0.194051 | Q9: =IF(OR($B9+Q$2-3<1,$B9+Q$2>設定!$B$5),"",IFERROR(LN(INDEX(月次集計!$I$2:$I$45,$B9+Q$2)/INDEX(月次集計!$I$2:$I$45,$B9+Q$2-3)),"")) -> 0.29545455 | R9: =IF(OR($B9+R$2-3<1,$B9+R$2>設定!$B$5),"",IFERROR(LN(INDEX(月次集計!$I$2:$I$45,$B9+R$2)/INDEX(月次集計!$I$2:$I$45,$B9+R$2-3)),"")) -> 0.13922886 | S9: =IF(OR($B9+S$2-3<1,$B9+S$2>設定!$B$5),"",IFERROR(LN(INDEX(月次集計!$I$2:$I$45,$B9+S$2)/INDEX(月次集計!$I$2:$I$45,$B9+S$2-3)),"")) -> 0.021462368 | T9: =IF(OR($B9+T$2-3<1,$B9+T$2>設定!$B$5),"",IFERROR(LN(INDEX(月次集計!$I$2:$I$45,$B9+T$2)/INDEX(月次集計!$I$2:$I$45,$B9+T$2-3)),"")) -> 0.24076 | U9: =IF(OR($B9+U$2-3<1,$B9+U$2>設定!$B$5),"",IFERROR(LN(INDEX(月次集計!$I$2:$I$45,$B9+U$2)/INDEX(月次集計!$I$2:$I$45,$B9+U$2-3)),"")) -> 0.34183489 | V9: =IF(OR($B9+V$2-3<1,$B9+V$2>設定!$B$5),"",IFERROR(LN(INDEX(月次集計!$I$2:$I$45,$B9+V$2)/INDEX(月次集計!$I$2:$I$45,$B9+V$2-3)),"")) -> 0.37657784 | W9: =IF(OR($B9+W$2-3<1,$B9+W$2>設定!$B$5),"",IFERROR(LN(INDEX(月次集計!$I$2:$I$45,$B9+W$2)/INDEX(月次集計!$I$2:$I$45,$B9+W$2-3)),"")) -> 0.13113766 | ... AB9: =IF(OR($B9+AB$2-3<1,$B9+AB$2>設定!$B$5),"",IFERROR(LN(INDEX(月次集計!$I$2:$I$45,$B9+AB$2)/INDEX(月次集計!$I$2:$I$45,$B9+AB$2-3)),"")) -> 0.19204575 | AC9: =IF(OR($B9+AC$2-3<1,$B9+AC$2>設定!$B$5),"",IFERROR(LN(INDEX(月次集計!$J$2:$J$45,$B9+AC$2)/INDEX(月次集計!$J$2:$J$45,$B9+AC$2-3)),"")) -> -0.26273573 | AD9: =IF(OR($B9+AD$2-3<1,$B9+AD$2>設定!$B$5),"",IFERROR(LN(INDEX(月次集計!$J$2:$J$45,$B9+AD$2)/INDEX(月次集計!$J$2:$J$45,$B9+AD$2-3)),"")) -> -0.29996399 | AE9: =IF(OR($B9+AE$2-3<1,$B9+AE$2>設定!$B$5),"",IFERROR(LN(INDEX(月次集計!$J$2:$J$45,$B9+AE$2)/INDEX(月次集計!$J$2:$J$45,$B9+AE$2-3)),"")) -> -0.17247877 | AF9: =IF(OR($B9+AF$2-3<1,$B9+AF$2>設定!$B$5),"",IFERROR(LN(INDEX(月次集計!$J$2:$J$45,$B9+AF$2)/INDEX(月次集計!$J$2:$J$45,$B9+AF$2-3)),"")) -> 0.27642101 | AG9: =IF(OR($B9+AG$2-3<1,$B9+AG$2>設定!$B$5),"",IFERROR(LN(INDEX(月次集計!$J$2:$J$45,$B9+AG$2)/INDEX(月次集計!$J$2:$J$45,$B9+AG$2-3)),"")) -> 0.33009253 | AH9: =IF(OR($B9+AH$2-3<1,$B9+AH$2>設定!$B$5),"",IFERROR(LN(INDEX(月次集計!$J$2:$J$45,$B9+AH$2)/INDEX(月次集計!$J$2:$J$45,$B9+AH$2-3)),"")) -> 0.091365563 | AI9: =IF(OR($B9+AI$2-3<1,$B9+AI$2>設定!$B$5),"",IFERROR(LN(INDEX(月次集計!$J$2:$J$45,$B9+AI$2)/INDEX(月次集計!$J$2:$J$45,$B9+AI$2-3)),"")) -> -0.35434777 | AJ9: =IF(OR($B9+AJ$2-3<1,$B9+AJ$2>設定!$B$5),"",IFERROR(LN(INDEX(月次集計!$J$2:$J$45,$B9+AJ$2)/INDEX(月次集計!$J$2:$J$45,$B9+AJ$2-3)),"")) -> -0.52484433 | ... AO9: =IF(OR($B9+AO$2-3<1,$B9+AO$2>設定!$B$5),"",IFERROR(LN(INDEX(月次集計!$J$2:$J$45,$B9+AO$2)/INDEX(月次集計!$J$2:$J$45,$B9+AO$2-3)),"")) -> -0.11898907 | AP9: =IF(OR($B9+AP$2-3<1,$B9+AP$2>設定!$B$5),"",IFERROR(LN(INDEX(月次集計!$K$2:$K$45,$B9+AP$2)/INDEX(月次集計!$K$2:$K$45,$B9+AP$2-3)),"")) | AQ9: =IF(OR($B9+AQ$2-3<1,$B9+AQ$2>設定!$B$5),"",IFERROR(LN(INDEX(月次集計!$K$2:$K$45,$B9+AQ$2)/INDEX(月次集計!$K$2:$K$45,$B9+AQ$2-3)),"")) -> 0.078689643 | AR9: =IF(OR($B9+AR$2-3<1,$B9+AR$2>設定!$B$5),"",IFERROR(LN(INDEX(月次集計!$K$2:$K$45,$B9+AR$2)/INDEX(月次集計!$K$2:$K$45,$B9+AR$2-3)),"")) -> -0.066103314 | AS9: =IF(OR($B9+AS$2-3<1,$B9+AS$2>設定!$B$5),"",IFERROR(LN(INDEX(月次集計!$K$2:$K$45,$B9+AS$2)/INDEX(月次集計!$K$2:$K$45,$B9+AS$2-3)),"")) -> -0.049406848 | AT9: =IF(OR($B9+AT$2-3<1,$B9+AT$2>設定!$B$5),"",IFERROR(LN(INDEX(月次集計!$K$2:$K$45,$B9+AT$2)/INDEX(月次集計!$K$2:$K$45,$B9+AT$2-3)),"")) -> 0.031638515 | AU9: =IF(OR($B9+AU$2-3<1,$B9+AU$2>設定!$B$5),"",IFERROR(LN(INDEX(月次集計!$K$2:$K$45,$B9+AU$2)/INDEX(月次集計!$K$2:$K$45,$B9+AU$2-3)),"")) -> 0.12678797 | AV9: =IF(OR($B9+AV$2-3<1,$B9+AV$2>設定!$B$5),"",IFERROR(LN(INDEX(月次集計!$K$2:$K$45,$B9+AV$2)/INDEX(月次集計!$K$2:$K$45,$B9+AV$2-3)),"")) -> 0.082035989 | AW9: =IF(OR($B9+AW$2-3<1,$B9+AW$2>設定!$B$5),"",IFERROR(LN(INDEX(月次集計!$K$2:$K$45,$B9+AW$2)/INDEX(月次集計!$K$2:$K$45,$B9+AW$2-3)),"")) -> 0.17558206 | ... BB9: =IF(OR($B9+BB$2-3<1,$B9+BB$2>設定!$B$5),"",IFERROR(LN(INDEX(月次集計!$K$2:$K$45,$B9+BB$2)/INDEX(月次集計!$K$2:$K$45,$B9+BB$2-3)),"")) -> 0.24970646 | BC9: =IF(OR($B9+BC$2-3<1,$B9+BC$2>設定!$B$5),"",IFERROR(LN(INDEX(月次集計!$L$2:$L$45,$B9+BC$2)/INDEX(月次集計!$L$2:$L$45,$B9+BC$2-3)),"")) -> -0.049143958 | BD9: =IF(OR($B9+BD$2-3<1,$B9+BD$2>設定!$B$5),"",IFERROR(LN(INDEX(月次集計!$L$2:$L$45,$B9+BD$2)/INDEX(月次集計!$L$2:$L$45,$B9+BD$2-3)),"")) -> 0.13362496 | BE9: =IF(OR($B9+BE$2-3<1,$B9+BE$2>設定!$B$5),"",IFERROR(LN(INDEX(月次集計!$L$2:$L$45,$B9+BE$2)/INDEX(月次集計!$L$2:$L$45,$B9+BE$2-3)),"")) -> 0.15865605 | BF9: =IF(OR($B9+BF$2-3<1,$B9+BF$2>設定!$B$5),"",IFERROR(LN(INDEX(月次集計!$L$2:$L$45,$B9+BF$2)/INDEX(月次集計!$L$2:$L$45,$B9+BF$2-3)),"")) -> 0.20544407 | BG9: =IF(OR($B9+BG$2-3<1,$B9+BG$2>設定!$B$5),"",IFERROR(LN(INDEX(月次集計!$L$2:$L$45,$B9+BG$2)/INDEX(月次集計!$L$2:$L$45,$B9+BG$2-3)),"")) -> 0.21732337 | BH9: =IF(OR($B9+BH$2-3<1,$B9+BH$2>設定!$B$5),"",IFERROR(LN(INDEX(月次集計!$L$2:$L$45,$B9+BH$2)/INDEX(月次集計!$L$2:$L$45,$B9+BH$2-3)),"")) -> 0.1200659 | BI9: =IF(OR($B9+BI$2-3<1,$B9+BI$2>設定!$B$5),"",IFERROR(LN(INDEX(月次集計!$L$2:$L$45,$B9+BI$2)/INDEX(月次集計!$L$2:$L$45,$B9+BI$2-3)),"")) -> 0.0063762095 | BJ9: =IF(OR($B9+BJ$2-3<1,$B9+BJ$2>設定!$B$5),"",IFERROR(LN(INDEX(月次集計!$L$2:$L$45,$B9+BJ$2)/INDEX(月次集計!$L$2:$L$45,$B9+BJ$2-3)),"")) -> -0.085191757 | ... BO9: =IF(OR($B9+BO$2-3<1,$B9+BO$2>設定!$B$5),"",IFERROR(LN(INDEX(月次集計!$L$2:$L$45,$B9+BO$2)/INDEX(月次集計!$L$2:$L$45,$B9+BO$2-3)),"")) -> 0.14921647
A10: 2024Q3 | B10: 21 | C10: =IF(OR($B10+C$2-3<1,$B10+C$2>設定!$B$5),"",IFERROR(LN(INDEX(月次集計!$H$2:$H$45,$B10+C$2)/INDEX(月次集計!$H$2:$H$45,$B10+C$2-3)),"")) -> 0.31613837 | D10: =IF(OR($B10+D$2-3<1,$B10+D$2>設定!$B$5),"",IFERROR(LN(INDEX(月次集計!$H$2:$H$45,$B10+D$2)/INDEX(月次集計!$H$2:$H$45,$B10+D$2-3)),"")) -> 0.15626781 | E10: =IF(OR($B10+E$2-3<1,$B10+E$2>設定!$B$5),"",IFERROR(LN(INDEX(月次集計!$H$2:$H$45,$B10+E$2)/INDEX(月次集計!$H$2:$H$45,$B10+E$2-3)),"")) -> -0.047796369 | F10: =IF(OR($B10+F$2-3<1,$B10+F$2>設定!$B$5),"",IFERROR(LN(INDEX(月次集計!$H$2:$H$45,$B10+F$2)/INDEX(月次集計!$H$2:$H$45,$B10+F$2-3)),"")) -> -0.18270322 | G10: =IF(OR($B10+G$2-3<1,$B10+G$2>設定!$B$5),"",IFERROR(LN(INDEX(月次集計!$H$2:$H$45,$B10+G$2)/INDEX(月次集計!$H$2:$H$45,$B10+G$2-3)),"")) -> -0.14469827 | H10: =IF(OR($B10+H$2-3<1,$B10+H$2>設定!$B$5),"",IFERROR(LN(INDEX(月次集計!$H$2:$H$45,$B10+H$2)/INDEX(月次集計!$H$2:$H$45,$B10+H$2-3)),"")) -> 0.054479112 | I10: =IF(OR($B10+I$2-3<1,$B10+I$2>設定!$B$5),"",IFERROR(LN(INDEX(月次集計!$H$2:$H$45,$B10+I$2)/INDEX(月次集計!$H$2:$H$45,$B10+I$2-3)),"")) -> 0.24786832 | J10: =IF(OR($B10+J$2-3<1,$B10+J$2>設定!$B$5),"",IFERROR(LN(INDEX(月次集計!$H$2:$H$45,$B10+J$2)/INDEX(月次集計!$H$2:$H$45,$B10+J$2-3)),"")) -> 0.31015241 | ... O10: =IF(OR($B10+O$2-3<1,$B10+O$2>設定!$B$5),"",IFERROR(LN(INDEX(月次集計!$H$2:$H$45,$B10+O$2)/INDEX(月次集計!$H$2:$H$45,$B10+O$2-3)),"")) -> 0.11870534 | P10: =IF(OR($B10+P$2-3<1,$B10+P$2>設定!$B$5),"",IFERROR(LN(INDEX(月次集計!$I$2:$I$45,$B10+P$2)/INDEX(月次集計!$I$2:$I$45,$B10+P$2-3)),"")) -> 0.021462368 | Q10: =IF(OR($B10+Q$2-3<1,$B10+Q$2>設定!$B$5),"",IFERROR(LN(INDEX(月次集計!$I$2:$I$45,$B10+Q$2)/INDEX(月次集計!$I$2:$I$45,$B10+Q$2-3)),"")) -> 0.24076 | R10: =IF(OR($B10+R$2-3<1,$B10+R$2>設定!$B$5),"",IFERROR(LN(INDEX(月次集計!$I$2:$I$45,$B10+R$2)/INDEX(月次集計!$I$2:$I$45,$B10+R$2-3)),"")) -> 0.34183489 | S10: =IF(OR($B10+S$2-3<1,$B10+S$2>設定!$B$5),"",IFERROR(LN(INDEX(月次集計!$I$2:$I$45,$B10+S$2)/INDEX(月次集計!$I$2:$I$45,$B10+S$2-3)),"")) -> 0.37657784 | T10: =IF(OR($B10+T$2-3<1,$B10+T$2>設定!$B$5),"",IFERROR(LN(INDEX(月次集計!$I$2:$I$45,$B10+T$2)/INDEX(月次集計!$I$2:$I$45,$B10+T$2-3)),"")) -> 0.13113766 | U10: =IF(OR($B10+U$2-3<1,$B10+U$2>設定!$B$5),"",IFERROR(LN(INDEX(月次集計!$I$2:$I$45,$B10+U$2)/INDEX(月次集計!$I$2:$I$45,$B10+U$2-3)),"")) -> 0.1307773 | V10: =IF(OR($B10+V$2-3<1,$B10+V$2>設定!$B$5),"",IFERROR(LN(INDEX(月次集計!$I$2:$I$45,$B10+V$2)/INDEX(月次集計!$I$2:$I$45,$B10+V$2-3)),"")) -> 0.036487142 | W10: =IF(OR($B10+W$2-3<1,$B10+W$2>設定!$B$5),"",IFERROR(LN(INDEX(月次集計!$I$2:$I$45,$B10+W$2)/INDEX(月次集計!$I$2:$I$45,$B10+W$2-3)),"")) -> -0.068860707 | ... AB10: =IF(OR($B10+AB$2-3<1,$B10+AB$2>設定!$B$5),"",IFERROR(LN(INDEX(月次集計!$I$2:$I$45,$B10+AB$2)/INDEX(月次集計!$I$2:$I$45,$B10+AB$2-3)),"")) -> 0.25045359 | AC10: =IF(OR($B10+AC$2-3<1,$B10+AC$2>設定!$B$5),"",IFERROR(LN(INDEX(月次集計!$J$2:$J$45,$B10+AC$2)/INDEX(月次集計!$J$2:$J$45,$B10+AC$2-3)),"")) -> 0.27642101 | AD10: =IF(OR($B10+AD$2-3<1,$B10+AD$2>設定!$B$5),"",IFERROR(LN(INDEX(月次集計!$J$2:$J$45,$B10+AD$2)/INDEX(月次集計!$J$2:$J$45,$B10+AD$2-3)),"")) -> 0.33009253 | AE10: =IF(OR($B10+AE$2-3<1,$B10+AE$2>設定!$B$5),"",IFERROR(LN(INDEX(月次集計!$J$2:$J$45,$B10+AE$2)/INDEX(月次集計!$J$2:$J$45,$B10+AE$2-3)),"")) -> 0.091365563 | AF10: =IF(OR($B10+AF$2-3<1,$B10+AF$2>設定!$B$5),"",IFERROR(LN(INDEX(月次集計!$J$2:$J$45,$B10+AF$2)/INDEX(月次集計!$J$2:$J$45,$B10+AF$2-3)),"")) -> -0.35434777 | AG10: =IF(OR($B10+AG$2-3<1,$B10+AG$2>設定!$B$5),"",IFERROR(LN(INDEX(月次集計!$J$2:$J$45,$B10+AG$2)/INDEX(月次集計!$J$2:$J$45,$B10+AG$2-3)),"")) -> -0.52484433 | AH10: =IF(OR($B10+AH$2-3<1,$B10+AH$2>設定!$B$5),"",IFERROR(LN(INDEX(月次集計!$J$2:$J$45,$B10+AH$2)/INDEX(月次集計!$J$2:$J$45,$B10+AH$2-3)),"")) -> -0.090157308 | AI10: =IF(OR($B10+AI$2-3<1,$B10+AI$2>設定!$B$5),"",IFERROR(LN(INDEX(月次集計!$J$2:$J$45,$B10+AI$2)/INDEX(月次集計!$J$2:$J$45,$B10+AI$2-3)),"")) -> 0.055257611 | AJ10: =IF(OR($B10+AJ$2-3<1,$B10+AJ$2>設定!$B$5),"",IFERROR(LN(INDEX(月次集計!$J$2:$J$45,$B10+AJ$2)/INDEX(月次集計!$J$2:$J$45,$B10+AJ$2-3)),"")) -> 0.12999609 | ... AO10: =IF(OR($B10+AO$2-3<1,$B10+AO$2>設定!$B$5),"",IFERROR(LN(INDEX(月次集計!$J$2:$J$45,$B10+AO$2)/INDEX(月次集計!$J$2:$J$45,$B10+AO$2-3)),"")) -> -0.013987463 | AP10: =IF(OR($B10+AP$2-3<1,$B10+AP$2>設定!$B$5),"",IFERROR(LN(INDEX(月次集計!$K$2:$K$45,$B10+AP$2)/INDEX(月次集計!$K$2:$K$45,$B10+AP$2-3)),"")) -> -0.049406848 | AQ10: =IF(OR($B10+AQ$2-3<1,$B10+AQ$2>設定!$B$5),"",IFERROR(LN(INDEX(月次集計!$K$2:$K$45,$B10+AQ$2)/INDEX(月次集計!$K$2:$K$45,$B10+AQ$2-3)),"")) -> 0.031638515 | AR10: =IF(OR($B10+AR$2-3<1,$B10+AR$2>設定!$B$5),"",IFERROR(LN(INDEX(月次集計!$K$2:$K$45,$B10+AR$2)/INDEX(月次集計!$K$2:$K$45,$B10+AR$2-3)),"")) -> 0.12678797 | AS10: =IF(OR($B10+AS$2-3<1,$B10+AS$2>設定!$B$5),"",IFERROR(LN(INDEX(月次集計!$K$2:$K$45,$B10+AS$2)/INDEX(月次集計!$K$2:$K$45,$B10+AS$2-3)),"")) -> 0.082035989 | AT10: =IF(OR($B10+AT$2-3<1,$B10+AT$2>設定!$B$5),"",IFERROR(LN(INDEX(月次集計!$K$2:$K$45,$B10+AT$2)/INDEX(月次集計!$K$2:$K$45,$B10+AT$2-3)),"")) -> 0.17558206 | AU10: =IF(OR($B10+AU$2-3<1,$B10+AU$2>設定!$B$5),"",IFERROR(LN(INDEX(月次集計!$K$2:$K$45,$B10+AU$2)/INDEX(月次集計!$K$2:$K$45,$B10+AU$2-3)),"")) -> 0.11600754 | AV10: =IF(OR($B10+AV$2-3<1,$B10+AV$2>設定!$B$5),"",IFERROR(LN(INDEX(月次集計!$K$2:$K$45,$B10+AV$2)/INDEX(月次集計!$K$2:$K$45,$B10+AV$2-3)),"")) -> 0.14452858 | AW10: =IF(OR($B10+AW$2-3<1,$B10+AW$2>設定!$B$5),"",IFERROR(LN(INDEX(月次集計!$K$2:$K$45,$B10+AW$2)/INDEX(月次集計!$K$2:$K$45,$B10+AW$2-3)),"")) -> 0.29761053 | ... BB10: =IF(OR($B10+BB$2-3<1,$B10+BB$2>設定!$B$5),"",IFERROR(LN(INDEX(月次集計!$K$2:$K$45,$B10+BB$2)/INDEX(月次集計!$K$2:$K$45,$B10+BB$2-3)),"")) -> -0.41887397 | BC10: =IF(OR($B10+BC$2-3<1,$B10+BC$2>設定!$B$5),"",IFERROR(LN(INDEX(月次集計!$L$2:$L$45,$B10+BC$2)/INDEX(月次集計!$L$2:$L$45,$B10+BC$2-3)),"")) -> 0.20544407 | BD10: =IF(OR($B10+BD$2-3<1,$B10+BD$2>設定!$B$5),"",IFERROR(LN(INDEX(月次集計!$L$2:$L$45,$B10+BD$2)/INDEX(月次集計!$L$2:$L$45,$B10+BD$2-3)),"")) -> 0.21732337 | BE10: =IF(OR($B10+BE$2-3<1,$B10+BE$2>設定!$B$5),"",IFERROR(LN(INDEX(月次集計!$L$2:$L$45,$B10+BE$2)/INDEX(月次集計!$L$2:$L$45,$B10+BE$2-3)),"")) -> 0.1200659 | BF10: =IF(OR($B10+BF$2-3<1,$B10+BF$2>設定!$B$5),"",IFERROR(LN(INDEX(月次集計!$L$2:$L$45,$B10+BF$2)/INDEX(月次集計!$L$2:$L$45,$B10+BF$2-3)),"")) -> 0.0063762095 | BG10: =IF(OR($B10+BG$2-3<1,$B10+BG$2>設定!$B$5),"",IFERROR(LN(INDEX(月次集計!$L$2:$L$45,$B10+BG$2)/INDEX(月次集計!$L$2:$L$45,$B10+BG$2-3)),"")) -> -0.085191757 | BH10: =IF(OR($B10+BH$2-3<1,$B10+BH$2>設定!$B$5),"",IFERROR(LN(INDEX(月次集計!$L$2:$L$45,$B10+BH$2)/INDEX(月次集計!$L$2:$L$45,$B10+BH$2-3)),"")) -> 0.06576643 | BI10: =IF(OR($B10+BI$2-3<1,$B10+BI$2>設定!$B$5),"",IFERROR(LN(INDEX(月次集計!$L$2:$L$45,$B10+BI$2)/INDEX(月次集計!$L$2:$L$45,$B10+BI$2-3)),"")) -> 0.1295057 | BJ10: =IF(OR($B10+BJ$2-3<1,$B10+BJ$2>設定!$B$5),"",IFERROR(LN(INDEX(月次集計!$L$2:$L$45,$B10+BJ$2)/INDEX(月次集計!$L$2:$L$45,$B10+BJ$2-3)),"")) -> 0.12907518 | ... BO10: =IF(OR($B10+BO$2-3<1,$B10+BO$2>設定!$B$5),"",IFERROR(LN(INDEX(月次集計!$L$2:$L$45,$B10+BO$2)/INDEX(月次集計!$L$2:$L$45,$B10+BO$2-3)),"")) -> 0.16734406
A11: 2024Q4 | B11: 24 | C11: =IF(OR($B11+C$2-3<1,$B11+C$2>設定!$B$5),"",IFERROR(LN(INDEX(月次集計!$H$2:$H$45,$B11+C$2)/INDEX(月次集計!$H$2:$H$45,$B11+C$2-3)),"")) -> -0.18270322 | D11: =IF(OR($B11+D$2-3<1,$B11+D$2>設定!$B$5),"",IFERROR(LN(INDEX(月次集計!$H$2:$H$45,$B11+D$2)/INDEX(月次集計!$H$2:$H$45,$B11+D$2-3)),"")) -> -0.14469827 | E11: =IF(OR($B11+E$2-3<1,$B11+E$2>設定!$B$5),"",IFERROR(LN(INDEX(月次集計!$H$2:$H$45,$B11+E$2)/INDEX(月次集計!$H$2:$H$45,$B11+E$2-3)),"")) -> 0.054479112 | F11: =IF(OR($B11+F$2-3<1,$B11+F$2>設定!$B$5),"",IFERROR(LN(INDEX(月次集計!$H$2:$H$45,$B11+F$2)/INDEX(月次集計!$H$2:$H$45,$B11+F$2-3)),"")) -> 0.24786832 | G11: =IF(OR($B11+G$2-3<1,$B11+G$2>設定!$B$5),"",IFERROR(LN(INDEX(月次集計!$H$2:$H$45,$B11+G$2)/INDEX(月次集計!$H$2:$H$45,$B11+G$2-3)),"")) -> 0.31015241 | H11: =IF(OR($B11+H$2-3<1,$B11+H$2>設定!$B$5),"",IFERROR(LN(INDEX(月次集計!$H$2:$H$45,$B11+H$2)/INDEX(月次集計!$H$2:$H$45,$B11+H$2-3)),"")) -> 0.22447667 | I11: =IF(OR($B11+I$2-3<1,$B11+I$2>設定!$B$5),"",IFERROR(LN(INDEX(月次集計!$H$2:$H$45,$B11+I$2)/INDEX(月次集計!$H$2:$H$45,$B11+I$2-3)),"")) -> 0.17354617 | J11: =IF(OR($B11+J$2-3<1,$B11+J$2>設定!$B$5),"",IFERROR(LN(INDEX(月次集計!$H$2:$H$45,$B11+J$2)/INDEX(月次集計!$H$2:$H$45,$B11+J$2-3)),"")) -> -0.019366887 | ... O11: =IF(OR($B11+O$2-3<1,$B11+O$2>設定!$B$5),"",IFERROR(LN(INDEX(月次集計!$H$2:$H$45,$B11+O$2)/INDEX(月次集計!$H$2:$H$45,$B11+O$2-3)),"")) -> -0.18003483 | P11: =IF(OR($B11+P$2-3<1,$B11+P$2>設定!$B$5),"",IFERROR(LN(INDEX(月次集計!$I$2:$I$45,$B11+P$2)/INDEX(月次集計!$I$2:$I$45,$B11+P$2-3)),"")) -> 0.37657784 | Q11: =IF(OR($B11+Q$2-3<1,$B11+Q$2>設定!$B$5),"",IFERROR(LN(INDEX(月次集計!$I$2:$I$45,$B11+Q$2)/INDEX(月次集計!$I$2:$I$45,$B11+Q$2-3)),"")) -> 0.13113766 | R11: =IF(OR($B11+R$2-3<1,$B11+R$2>設定!$B$5),"",IFERROR(LN(INDEX(月次集計!$I$2:$I$45,$B11+R$2)/INDEX(月次集計!$I$2:$I$45,$B11+R$2-3)),"")) -> 0.1307773 | S11: =IF(OR($B11+S$2-3<1,$B11+S$2>設定!$B$5),"",IFERROR(LN(INDEX(月次集計!$I$2:$I$45,$B11+S$2)/INDEX(月次集計!$I$2:$I$45,$B11+S$2-3)),"")) -> 0.036487142 | T11: =IF(OR($B11+T$2-3<1,$B11+T$2>設定!$B$5),"",IFERROR(LN(INDEX(月次集計!$I$2:$I$45,$B11+T$2)/INDEX(月次集計!$I$2:$I$45,$B11+T$2-3)),"")) -> -0.068860707 | U11: =IF(OR($B11+U$2-3<1,$B11+U$2>設定!$B$5),"",IFERROR(LN(INDEX(月次集計!$I$2:$I$45,$B11+U$2)/INDEX(月次集計!$I$2:$I$45,$B11+U$2-3)),"")) -> -0.062161793 | V11: =IF(OR($B11+V$2-3<1,$B11+V$2>設定!$B$5),"",IFERROR(LN(INDEX(月次集計!$I$2:$I$45,$B11+V$2)/INDEX(月次集計!$I$2:$I$45,$B11+V$2-3)),"")) -> 0.19204575 | W11: =IF(OR($B11+W$2-3<1,$B11+W$2>設定!$B$5),"",IFERROR(LN(INDEX(月次集計!$I$2:$I$45,$B11+W$2)/INDEX(月次集計!$I$2:$I$45,$B11+W$2-3)),"")) -> 0.30028874 | ... AB11: =IF(OR($B11+AB$2-3<1,$B11+AB$2>設定!$B$5),"",IFERROR(LN(INDEX(月次集計!$I$2:$I$45,$B11+AB$2)/INDEX(月次集計!$I$2:$I$45,$B11+AB$2-3)),"")) -> 0.032947386 | AC11: =IF(OR($B11+AC$2-3<1,$B11+AC$2>設定!$B$5),"",IFERROR(LN(INDEX(月次集計!$J$2:$J$45,$B11+AC$2)/INDEX(月次集計!$J$2:$J$45,$B11+AC$2-3)),"")) -> -0.35434777 | AD11: =IF(OR($B11+AD$2-3<1,$B11+AD$2>設定!$B$5),"",IFERROR(LN(INDEX(月次集計!$J$2:$J$45,$B11+AD$2)/INDEX(月次集計!$J$2:$J$45,$B11+AD$2-3)),"")) -> -0.52484433 | AE11: =IF(OR($B11+AE$2-3<1,$B11+AE$2>設定!$B$5),"",IFERROR(LN(INDEX(月次集計!$J$2:$J$45,$B11+AE$2)/INDEX(月次集計!$J$2:$J$45,$B11+AE$2-3)),"")) -> -0.090157308 | AF11: =IF(OR($B11+AF$2-3<1,$B11+AF$2>設定!$B$5),"",IFERROR(LN(INDEX(月次集計!$J$2:$J$45,$B11+AF$2)/INDEX(月次集計!$J$2:$J$45,$B11+AF$2-3)),"")) -> 0.055257611 | AG11: =IF(OR($B11+AG$2-3<1,$B11+AG$2>設定!$B$5),"",IFERROR(LN(INDEX(月次集計!$J$2:$J$45,$B11+AG$2)/INDEX(月次集計!$J$2:$J$45,$B11+AG$2-3)),"")) -> 0.12999609 | AH11: =IF(OR($B11+AH$2-3<1,$B11+AH$2>設定!$B$5),"",IFERROR(LN(INDEX(月次集計!$J$2:$J$45,$B11+AH$2)/INDEX(月次集計!$J$2:$J$45,$B11+AH$2-3)),"")) -> -0.27886366 | AI11: =IF(OR($B11+AI$2-3<1,$B11+AI$2>設定!$B$5),"",IFERROR(LN(INDEX(月次集計!$J$2:$J$45,$B11+AI$2)/INDEX(月次集計!$J$2:$J$45,$B11+AI$2-3)),"")) -> -0.11898907 | AJ11: =IF(OR($B11+AJ$2-3<1,$B11+AJ$2>設定!$B$5),"",IFERROR(LN(INDEX(月次集計!$J$2:$J$45,$B11+AJ$2)/INDEX(月次集計!$J$2:$J$45,$B11+AJ$2-3)),"")) -> 0.042063459 | ... AO11: =IF(OR($B11+AO$2-3<1,$B11+AO$2>設定!$B$5),"",IFERROR(LN(INDEX(月次集計!$J$2:$J$45,$B11+AO$2)/INDEX(月次集計!$J$2:$J$45,$B11+AO$2-3)),"")) -> -0.21682001 | AP11: =IF(OR($B11+AP$2-3<1,$B11+AP$2>設定!$B$5),"",IFERROR(LN(INDEX(月次集計!$K$2:$K$45,$B11+AP$2)/INDEX(月次集計!$K$2:$K$45,$B11+AP$2-3)),"")) -> 0.082035989 | AQ11: =IF(OR($B11+AQ$2-3<1,$B11+AQ$2>設定!$B$5),"",IFERROR(LN(INDEX(月次集計!$K$2:$K$45,$B11+AQ$2)/INDEX(月次集計!$K$2:$K$45,$B11+AQ$2-3)),"")) -> 0.17558206 | AR11: =IF(OR($B11+AR$2-3<1,$B11+AR$2>設定!$B$5),"",IFERROR(LN(INDEX(月次集計!$K$2:$K$45,$B11+AR$2)/INDEX(月次集計!$K$2:$K$45,$B11+AR$2-3)),"")) -> 0.11600754 | AS11: =IF(OR($B11+AS$2-3<1,$B11+AS$2>設定!$B$5),"",IFERROR(LN(INDEX(月次集計!$K$2:$K$45,$B11+AS$2)/INDEX(月次集計!$K$2:$K$45,$B11+AS$2-3)),"")) -> 0.14452858 | AT11: =IF(OR($B11+AT$2-3<1,$B11+AT$2>設定!$B$5),"",IFERROR(LN(INDEX(月次集計!$K$2:$K$45,$B11+AT$2)/INDEX(月次集計!$K$2:$K$45,$B11+AT$2-3)),"")) -> 0.29761053 | AU11: =IF(OR($B11+AU$2-3<1,$B11+AU$2>設定!$B$5),"",IFERROR(LN(INDEX(月次集計!$K$2:$K$45,$B11+AU$2)/INDEX(月次集計!$K$2:$K$45,$B11+AU$2-3)),"")) -> 0.30321498 | AV11: =IF(OR($B11+AV$2-3<1,$B11+AV$2>設定!$B$5),"",IFERROR(LN(INDEX(月次集計!$K$2:$K$45,$B11+AV$2)/INDEX(月次集計!$K$2:$K$45,$B11+AV$2-3)),"")) -> 0.24970646 | AW11: =IF(OR($B11+AW$2-3<1,$B11+AW$2>設定!$B$5),"",IFERROR(LN(INDEX(月次集計!$K$2:$K$45,$B11+AW$2)/INDEX(月次集計!$K$2:$K$45,$B11+AW$2-3)),"")) -> -0.42689119 | ... BB11: =IF(OR($B11+BB$2-3<1,$B11+BB$2>設定!$B$5),"",IFERROR(LN(INDEX(月次集計!$K$2:$K$45,$B11+BB$2)/INDEX(月次集計!$K$2:$K$45,$B11+BB$2-3)),"")) -> -0.10925416 | BC11: =IF(OR($B11+BC$2-3<1,$B11+BC$2>設定!$B$5),"",IFERROR(LN(INDEX(月次集計!$L$2:$L$45,$B11+BC$2)/INDEX(月次集計!$L$2:$L$45,$B11+BC$2-3)),"")) -> 0.0063762095 | BD11: =IF(OR($B11+BD$2-3<1,$B11+BD$2>設定!$B$5),"",IFERROR(LN(INDEX(月次集計!$L$2:$L$45,$B11+BD$2)/INDEX(月次集計!$L$2:$L$45,$B11+BD$2-3)),"")) -> -0.085191757 | BE11: =IF(OR($B11+BE$2-3<1,$B11+BE$2>設定!$B$5),"",IFERROR(LN(INDEX(月次集計!$L$2:$L$45,$B11+BE$2)/INDEX(月次集計!$L$2:$L$45,$B11+BE$2-3)),"")) -> 0.06576643 | BF11: =IF(OR($B11+BF$2-3<1,$B11+BF$2>設定!$B$5),"",IFERROR(LN(INDEX(月次集計!$L$2:$L$45,$B11+BF$2)/INDEX(月次集計!$L$2:$L$45,$B11+BF$2-3)),"")) -> 0.1295057 | BG11: =IF(OR($B11+BG$2-3<1,$B11+BG$2>設定!$B$5),"",IFERROR(LN(INDEX(月次集計!$L$2:$L$45,$B11+BG$2)/INDEX(月次集計!$L$2:$L$45,$B11+BG$2-3)),"")) -> 0.12907518 | BH11: =IF(OR($B11+BH$2-3<1,$B11+BH$2>設定!$B$5),"",IFERROR(LN(INDEX(月次集計!$L$2:$L$45,$B11+BH$2)/INDEX(月次集計!$L$2:$L$45,$B11+BH$2-3)),"")) -> 0.044967292 | BI11: =IF(OR($B11+BI$2-3<1,$B11+BI$2>設定!$B$5),"",IFERROR(LN(INDEX(月次集計!$L$2:$L$45,$B11+BI$2)/INDEX(月次集計!$L$2:$L$45,$B11+BI$2-3)),"")) -> 0.14921647 | BJ11: =IF(OR($B11+BJ$2-3<1,$B11+BJ$2>設定!$B$5),"",IFERROR(LN(INDEX(月次集計!$L$2:$L$45,$B11+BJ$2)/INDEX(月次集計!$L$2:$L$45,$B11+BJ$2-3)),"")) -> 0.12107138 | ... BO11: =IF(OR($B11+BO$2-3<1,$B11+BO$2>設定!$B$5),"",IFERROR(LN(INDEX(月次集計!$L$2:$L$45,$B11+BO$2)/INDEX(月次集計!$L$2:$L$45,$B11+BO$2-3)),"")) -> -0.075425684
A12: 2025Q1 | B12: 27 | C12: =IF(OR($B12+C$2-3<1,$B12+C$2>設定!$B$5),"",IFERROR(LN(INDEX(月次集計!$H$2:$H$45,$B12+C$2)/INDEX(月次集計!$H$2:$H$45,$B12+C$2-3)),"")) -> 0.24786832 | D12: =IF(OR($B12+D$2-3<1,$B12+D$2>設定!$B$5),"",IFERROR(LN(INDEX(月次集計!$H$2:$H$45,$B12+D$2)/INDEX(月次集計!$H$2:$H$45,$B12+D$2-3)),"")) -> 0.31015241 | E12: =IF(OR($B12+E$2-3<1,$B12+E$2>設定!$B$5),"",IFERROR(LN(INDEX(月次集計!$H$2:$H$45,$B12+E$2)/INDEX(月次集計!$H$2:$H$45,$B12+E$2-3)),"")) -> 0.22447667 | F12: =IF(OR($B12+F$2-3<1,$B12+F$2>設定!$B$5),"",IFERROR(LN(INDEX(月次集計!$H$2:$H$45,$B12+F$2)/INDEX(月次集計!$H$2:$H$45,$B12+F$2-3)),"")) -> 0.17354617 | G12: =IF(OR($B12+G$2-3<1,$B12+G$2>設定!$B$5),"",IFERROR(LN(INDEX(月次集計!$H$2:$H$45,$B12+G$2)/INDEX(月次集計!$H$2:$H$45,$B12+G$2-3)),"")) -> -0.019366887 | H12: =IF(OR($B12+H$2-3<1,$B12+H$2>設定!$B$5),"",IFERROR(LN(INDEX(月次集計!$H$2:$H$45,$B12+H$2)/INDEX(月次集計!$H$2:$H$45,$B12+H$2-3)),"")) -> 0.016307864 | I12: =IF(OR($B12+I$2-3<1,$B12+I$2>設定!$B$5),"",IFERROR(LN(INDEX(月次集計!$H$2:$H$45,$B12+I$2)/INDEX(月次集計!$H$2:$H$45,$B12+I$2-3)),"")) -> 0.11870534 | J12: =IF(OR($B12+J$2-3<1,$B12+J$2>設定!$B$5),"",IFERROR(LN(INDEX(月次集計!$H$2:$H$45,$B12+J$2)/INDEX(月次集計!$H$2:$H$45,$B12+J$2-3)),"")) -> 0.25903229 | ... O12: =IF(OR($B12+O$2-3<1,$B12+O$2>設定!$B$5),"",IFERROR(LN(INDEX(月次集計!$H$2:$H$45,$B12+O$2)/INDEX(月次集計!$H$2:$H$45,$B12+O$2-3)),"")) -> -0.093951286 | P12: =IF(OR($B12+P$2-3<1,$B12+P$2>設定!$B$5),"",IFERROR(LN(INDEX(月次集計!$I$2:$I$45,$B12+P$2)/INDEX(月次集計!$I$2:$I$45,$B12+P$2-3)),"")) -> 0.036487142 | Q12: =IF(OR($B12+Q$2-3<1,$B12+Q$2>設定!$B$5),"",IFERROR(LN(INDEX(月次集計!$I$2:$I$45,$B12+Q$2)/INDEX(月次集計!$I$2:$I$45,$B12+Q$2-3)),"")) -> -0.068860707 | R12: =IF(OR($B12+R$2-3<1,$B12+R$2>設定!$B$5),"",IFERROR(LN(INDEX(月次集計!$I$2:$I$45,$B12+R$2)/INDEX(月次集計!$I$2:$I$45,$B12+R$2-3)),"")) -> -0.062161793 | S12: =IF(OR($B12+S$2-3<1,$B12+S$2>設定!$B$5),"",IFERROR(LN(INDEX(月次集計!$I$2:$I$45,$B12+S$2)/INDEX(月次集計!$I$2:$I$45,$B12+S$2-3)),"")) -> 0.19204575 | T12: =IF(OR($B12+T$2-3<1,$B12+T$2>設定!$B$5),"",IFERROR(LN(INDEX(月次集計!$I$2:$I$45,$B12+T$2)/INDEX(月次集計!$I$2:$I$45,$B12+T$2-3)),"")) -> 0.30028874 | U12: =IF(OR($B12+U$2-3<1,$B12+U$2>設定!$B$5),"",IFERROR(LN(INDEX(月次集計!$I$2:$I$45,$B12+U$2)/INDEX(月次集計!$I$2:$I$45,$B12+U$2-3)),"")) -> 0.37094352 | V12: =IF(OR($B12+V$2-3<1,$B12+V$2>設定!$B$5),"",IFERROR(LN(INDEX(月次集計!$I$2:$I$45,$B12+V$2)/INDEX(月次集計!$I$2:$I$45,$B12+V$2-3)),"")) -> 0.25045359 | W12: =IF(OR($B12+W$2-3<1,$B12+W$2>設定!$B$5),"",IFERROR(LN(INDEX(月次集計!$I$2:$I$45,$B12+W$2)/INDEX(月次集計!$I$2:$I$45,$B12+W$2-3)),"")) -> 0.39395811 | ... AB12: =IF(OR($B12+AB$2-3<1,$B12+AB$2>設定!$B$5),"",IFERROR(LN(INDEX(月次集計!$I$2:$I$45,$B12+AB$2)/INDEX(月次集計!$I$2:$I$45,$B12+AB$2-3)),"")) -> -0.24906273 | AC12: =IF(OR($B12+AC$2-3<1,$B12+AC$2>設定!$B$5),"",IFERROR(LN(INDEX(月次集計!$J$2:$J$45,$B12+AC$2)/INDEX(月次集計!$J$2:$J$45,$B12+AC$2-3)),"")) -> 0.055257611 | AD12: =IF(OR($B12+AD$2-3<1,$B12+AD$2>設定!$B$5),"",IFERROR(LN(INDEX(月次集計!$J$2:$J$45,$B12+AD$2)/INDEX(月次集計!$J$2:$J$45,$B12+AD$2-3)),"")) -> 0.12999609 | AE12: =IF(OR($B12+AE$2-3<1,$B12+AE$2>設定!$B$5),"",IFERROR(LN(INDEX(月次集計!$J$2:$J$45,$B12+AE$2)/INDEX(月次集計!$J$2:$J$45,$B12+AE$2-3)),"")) -> -0.27886366 | AF12: =IF(OR($B12+AF$2-3<1,$B12+AF$2>設定!$B$5),"",IFERROR(LN(INDEX(月次集計!$J$2:$J$45,$B12+AF$2)/INDEX(月次集計!$J$2:$J$45,$B12+AF$2-3)),"")) -> -0.11898907 | AG12: =IF(OR($B12+AG$2-3<1,$B12+AG$2>設定!$B$5),"",IFERROR(LN(INDEX(月次集計!$J$2:$J$45,$B12+AG$2)/INDEX(月次集計!$J$2:$J$45,$B12+AG$2-3)),"")) -> 0.042063459 | AH12: =IF(OR($B12+AH$2-3<1,$B12+AH$2>設定!$B$5),"",IFERROR(LN(INDEX(月次集計!$J$2:$J$45,$B12+AH$2)/INDEX(月次集計!$J$2:$J$45,$B12+AH$2-3)),"")) -> 0.10120328 | AI12: =IF(OR($B12+AI$2-3<1,$B12+AI$2>設定!$B$5),"",IFERROR(LN(INDEX(月次集計!$J$2:$J$45,$B12+AI$2)/INDEX(月次集計!$J$2:$J$45,$B12+AI$2-3)),"")) -> -0.013987463 | AJ12: =IF(OR($B12+AJ$2-3<1,$B12+AJ$2>設定!$B$5),"",IFERROR(LN(INDEX(月次集計!$J$2:$J$45,$B12+AJ$2)/INDEX(月次集計!$J$2:$J$45,$B12+AJ$2-3)),"")) -> -0.12357325 | ... AO12: =IF(OR($B12+AO$2-3<1,$B12+AO$2>設定!$B$5),"",IFERROR(LN(INDEX(月次集計!$J$2:$J$45,$B12+AO$2)/INDEX(月次集計!$J$2:$J$45,$B12+AO$2-3)),"")) -> -0.3267691 | AP12: =IF(OR($B12+AP$2-3<1,$B12+AP$2>設定!$B$5),"",IFERROR(LN(INDEX(月次集計!$K$2:$K$45,$B12+AP$2)/INDEX(月次集計!$K$2:$K$45,$B12+AP$2-3)),"")) -> 0.14452858 | AQ12: =IF(OR($B12+AQ$2-3<1,$B12+AQ$2>設定!$B$5),"",IFERROR(LN(INDEX(月次集計!$K$2:$K$45,$B12+AQ$2)/INDEX(月次集計!$K$2:$K$45,$B12+AQ$2-3)),"")) -> 0.29761053 | AR12: =IF(OR($B12+AR$2-3<1,$B12+AR$2>設定!$B$5),"",IFERROR(LN(INDEX(月次集計!$K$2:$K$45,$B12+AR$2)/INDEX(月次集計!$K$2:$K$45,$B12+AR$2-3)),"")) -> 0.30321498 | AS12: =IF(OR($B12+AS$2-3<1,$B12+AS$2>設定!$B$5),"",IFERROR(LN(INDEX(月次集計!$K$2:$K$45,$B12+AS$2)/INDEX(月次集計!$K$2:$K$45,$B12+AS$2-3)),"")) -> 0.24970646 | AT12: =IF(OR($B12+AT$2-3<1,$B12+AT$2>設定!$B$5),"",IFERROR(LN(INDEX(月次集計!$K$2:$K$45,$B12+AT$2)/INDEX(月次集計!$K$2:$K$45,$B12+AT$2-3)),"")) -> -0.42689119 | AU12: =IF(OR($B12+AU$2-3<1,$B12+AU$2>設定!$B$5),"",IFERROR(LN(INDEX(月次集計!$K$2:$K$45,$B12+AU$2)/INDEX(月次集計!$K$2:$K$45,$B12+AU$2-3)),"")) -> -0.42340436 | AV12: =IF(OR($B12+AV$2-3<1,$B12+AV$2>設定!$B$5),"",IFERROR(LN(INDEX(月次集計!$K$2:$K$45,$B12+AV$2)/INDEX(月次集計!$K$2:$K$45,$B12+AV$2-3)),"")) -> -0.41887397 | AW12: =IF(OR($B12+AW$2-3<1,$B12+AW$2>設定!$B$5),"",IFERROR(LN(INDEX(月次集計!$K$2:$K$45,$B12+AW$2)/INDEX(月次集計!$K$2:$K$45,$B12+AW$2-3)),"")) -> -0.062036111 | ... BB12: =IF(OR($B12+BB$2-3<1,$B12+BB$2>設定!$B$5),"",IFERROR(LN(INDEX(月次集計!$K$2:$K$45,$B12+BB$2)/INDEX(月次集計!$K$2:$K$45,$B12+BB$2-3)),"")) -> -0.57081066 | BC12: =IF(OR($B12+BC$2-3<1,$B12+BC$2>設定!$B$5),"",IFERROR(LN(INDEX(月次集計!$L$2:$L$45,$B12+BC$2)/INDEX(月次集計!$L$2:$L$45,$B12+BC$2-3)),"")) -> 0.1295057 | BD12: =IF(OR($B12+BD$2-3<1,$B12+BD$2>設定!$B$5),"",IFERROR(LN(INDEX(月次集計!$L$2:$L$45,$B12+BD$2)/INDEX(月次集計!$L$2:$L$45,$B12+BD$2-3)),"")) -> 0.12907518 | BE12: =IF(OR($B12+BE$2-3<1,$B12+BE$2>設定!$B$5),"",IFERROR(LN(INDEX(月次集計!$L$2:$L$45,$B12+BE$2)/INDEX(月次集計!$L$2:$L$45,$B12+BE$2-3)),"")) -> 0.044967292 | BF12: =IF(OR($B12+BF$2-3<1,$B12+BF$2>設定!$B$5),"",IFERROR(LN(INDEX(月次集計!$L$2:$L$45,$B12+BF$2)/INDEX(月次集計!$L$2:$L$45,$B12+BF$2-3)),"")) -> 0.14921647 | BG12: =IF(OR($B12+BG$2-3<1,$B12+BG$2>設定!$B$5),"",IFERROR(LN(INDEX(月次集計!$L$2:$L$45,$B12+BG$2)/INDEX(月次集計!$L$2:$L$45,$B12+BG$2-3)),"")) -> 0.12107138 | BH12: =IF(OR($B12+BH$2-3<1,$B12+BH$2>設定!$B$5),"",IFERROR(LN(INDEX(月次集計!$L$2:$L$45,$B12+BH$2)/INDEX(月次集計!$L$2:$L$45,$B12+BH$2-3)),"")) -> 0.18007694 | BI12: =IF(OR($B12+BI$2-3<1,$B12+BI$2>設定!$B$5),"",IFERROR(LN(INDEX(月次集計!$L$2:$L$45,$B12+BI$2)/INDEX(月次集計!$L$2:$L$45,$B12+BI$2-3)),"")) -> 0.16734406 | BJ12: =IF(OR($B12+BJ$2-3<1,$B12+BJ$2>設定!$B$5),"",IFERROR(LN(INDEX(月次集計!$L$2:$L$45,$B12+BJ$2)/INDEX(月次集計!$L$2:$L$45,$B12+BJ$2-3)),"")) -> 0.28994941 | ... BO12: =IF(OR($B12+BO$2-3<1,$B12+BO$2>設定!$B$5),"",IFERROR(LN(INDEX(月次集計!$L$2:$L$45,$B12+BO$2)/INDEX(月次集計!$L$2:$L$45,$B12+BO$2-3)),"")) -> -0.18915025
A13: 2025Q2 | B13: 30 | C13: =IF(OR($B13+C$2-3<1,$B13+C$2>設定!$B$5),"",IFERROR(LN(INDEX(月次集計!$H$2:$H$45,$B13+C$2)/INDEX(月次集計!$H$2:$H$45,$B13+C$2-3)),"")) -> 0.17354617 | D13: =IF(OR($B13+D$2-3<1,$B13+D$2>設定!$B$5),"",IFERROR(LN(INDEX(月次集計!$H$2:$H$45,$B13+D$2)/INDEX(月次集計!$H$2:$H$45,$B13+D$2-3)),"")) -> -0.019366887 | E13: =IF(OR($B13+E$2-3<1,$B13+E$2>設定!$B$5),"",IFERROR(LN(INDEX(月次集計!$H$2:$H$45,$B13+E$2)/INDEX(月次集計!$H$2:$H$45,$B13+E$2-3)),"")) -> 0.016307864 | F13: =IF(OR($B13+F$2-3<1,$B13+F$2>設定!$B$5),"",IFERROR(LN(INDEX(月次集計!$H$2:$H$45,$B13+F$2)/INDEX(月次集計!$H$2:$H$45,$B13+F$2-3)),"")) -> 0.11870534 | G13: =IF(OR($B13+G$2-3<1,$B13+G$2>設定!$B$5),"",IFERROR(LN(INDEX(月次集計!$H$2:$H$45,$B13+G$2)/INDEX(月次集計!$H$2:$H$45,$B13+G$2-3)),"")) -> 0.25903229 | H13: =IF(OR($B13+H$2-3<1,$B13+H$2>設定!$B$5),"",IFERROR(LN(INDEX(月次集計!$H$2:$H$45,$B13+H$2)/INDEX(月次集計!$H$2:$H$45,$B13+H$2-3)),"")) -> 0.14134512 | I13: =IF(OR($B13+I$2-3<1,$B13+I$2>設定!$B$5),"",IFERROR(LN(INDEX(月次集計!$H$2:$H$45,$B13+I$2)/INDEX(月次集計!$H$2:$H$45,$B13+I$2-3)),"")) -> -0.18003483 | J13: =IF(OR($B13+J$2-3<1,$B13+J$2>設定!$B$5),"",IFERROR(LN(INDEX(月次集計!$H$2:$H$45,$B13+J$2)/INDEX(月次集計!$H$2:$H$45,$B13+J$2-3)),"")) -> -0.26842804 | ... O13: =IF(OR($B13+O$2-3<1,$B13+O$2>設定!$B$5),"",IFERROR(LN(INDEX(月次集計!$H$2:$H$45,$B13+O$2)/INDEX(月次集計!$H$2:$H$45,$B13+O$2-3)),"")) -> 0.14598239 | P13: =IF(OR($B13+P$2-3<1,$B13+P$2>設定!$B$5),"",IFERROR(LN(INDEX(月次集計!$I$2:$I$45,$B13+P$2)/INDEX(月次集計!$I$2:$I$45,$B13+P$2-3)),"")) -> 0.19204575 | Q13: =IF(OR($B13+Q$2-3<1,$B13+Q$2>設定!$B$5),"",IFERROR(LN(INDEX(月次集計!$I$2:$I$45,$B13+Q$2)/INDEX(月次集計!$I$2:$I$45,$B13+Q$2-3)),"")) -> 0.30028874 | R13: =IF(OR($B13+R$2-3<1,$B13+R$2>設定!$B$5),"",IFERROR(LN(INDEX(月次集計!$I$2:$I$45,$B13+R$2)/INDEX(月次集計!$I$2:$I$45,$B13+R$2-3)),"")) -> 0.37094352 | S13: =IF(OR($B13+S$2-3<1,$B13+S$2>設定!$B$5),"",IFERROR(LN(INDEX(月次集計!$I$2:$I$45,$B13+S$2)/INDEX(月次集計!$I$2:$I$45,$B13+S$2-3)),"")) -> 0.25045359 | T13: =IF(OR($B13+T$2-3<1,$B13+T$2>設定!$B$5),"",IFERROR(LN(INDEX(月次集計!$I$2:$I$45,$B13+T$2)/INDEX(月次集計!$I$2:$I$45,$B13+T$2-3)),"")) -> 0.39395811 | U13: =IF(OR($B13+U$2-3<1,$B13+U$2>設定!$B$5),"",IFERROR(LN(INDEX(月次集計!$I$2:$I$45,$B13+U$2)/INDEX(月次集計!$I$2:$I$45,$B13+U$2-3)),"")) -> 0.24168128 | V13: =IF(OR($B13+V$2-3<1,$B13+V$2>設定!$B$5),"",IFERROR(LN(INDEX(月次集計!$I$2:$I$45,$B13+V$2)/INDEX(月次集計!$I$2:$I$45,$B13+V$2-3)),"")) -> 0.032947386 | W13: =IF(OR($B13+W$2-3<1,$B13+W$2>設定!$B$5),"",IFERROR(LN(INDEX(月次集計!$I$2:$I$45,$B13+W$2)/INDEX(月次集計!$I$2:$I$45,$B13+W$2-3)),"")) -> -0.21440502 | ... AB13: =IF(OR($B13+AB$2-3<1,$B13+AB$2>設定!$B$5),"",IFERROR(LN(INDEX(月次集計!$I$2:$I$45,$B13+AB$2)/INDEX(月次集計!$I$2:$I$45,$B13+AB$2-3)),"")) -> 0.15175216 | AC13: =IF(OR($B13+AC$2-3<1,$B13+AC$2>設定!$B$5),"",IFERROR(LN(INDEX(月次集計!$J$2:$J$45,$B13+AC$2)/INDEX(月次集計!$J$2:$J$45,$B13+AC$2-3)),"")) -> -0.11898907 | AD13: =IF(OR($B13+AD$2-3<1,$B13+AD$2>設定!$B$5),"",IFERROR(LN(INDEX(月次集計!$J$2:$J$45,$B13+AD$2)/INDEX(月次集計!$J$2:$J$45,$B13+AD$2-3)),"")) -> 0.042063459 | AE13: =IF(OR($B13+AE$2-3<1,$B13+AE$2>設定!$B$5),"",IFERROR(LN(INDEX(月次集計!$J$2:$J$45,$B13+AE$2)/INDEX(月次集計!$J$2:$J$45,$B13+AE$2-3)),"")) -> 0.10120328 | AF13: =IF(OR($B13+AF$2-3<1,$B13+AF$2>設定!$B$5),"",IFERROR(LN(INDEX(月次集計!$J$2:$J$45,$B13+AF$2)/INDEX(月次集計!$J$2:$J$45,$B13+AF$2-3)),"")) -> -0.013987463 | AG13: =IF(OR($B13+AG$2-3<1,$B13+AG$2>設定!$B$5),"",IFERROR(LN(INDEX(月次集計!$J$2:$J$45,$B13+AG$2)/INDEX(月次集計!$J$2:$J$45,$B13+AG$2-3)),"")) -> -0.12357325 | AH13: =IF(OR($B13+AH$2-3<1,$B13+AH$2>設定!$B$5),"",IFERROR(LN(INDEX(月次集計!$J$2:$J$45,$B13+AH$2)/INDEX(月次集計!$J$2:$J$45,$B13+AH$2-3)),"")) -> -0.062229713 | AI13: =IF(OR($B13+AI$2-3<1,$B13+AI$2>設定!$B$5),"",IFERROR(LN(INDEX(月次集計!$J$2:$J$45,$B13+AI$2)/INDEX(月次集計!$J$2:$J$45,$B13+AI$2-3)),"")) -> -0.21682001 | AJ13: =IF(OR($B13+AJ$2-3<1,$B13+AJ$2>設定!$B$5),"",IFERROR(LN(INDEX(月次集計!$J$2:$J$45,$B13+AJ$2)/INDEX(月次集計!$J$2:$J$45,$B13+AJ$2-3)),"")) -> -0.48996576 | ... AO13: =IF(OR($B13+AO$2-3<1,$B13+AO$2>設定!$B$5),"",IFERROR(LN(INDEX(月次集計!$J$2:$J$45,$B13+AO$2)/INDEX(月次集計!$J$2:$J$45,$B13+AO$2-3)),"")) -> 0.34689065 | AP13: =IF(OR($B13+AP$2-3<1,$B13+AP$2>設定!$B$5),"",IFERROR(LN(INDEX(月次集計!$K$2:$K$45,$B13+AP$2)/INDEX(月次集計!$K$2:$K$45,$B13+AP$2-3)),"")) -> 0.24970646 | AQ13: =IF(OR($B13+AQ$2-3<1,$B13+AQ$2>設定!$B$5),"",IFERROR(LN(INDEX(月次集計!$K$2:$K$45,$B13+AQ$2)/INDEX(月次集計!$K$2:$K$45,$B13+AQ$2-3)),"")) -> -0.42689119 | AR13: =IF(OR($B13+AR$2-3<1,$B13+AR$2>設定!$B$5),"",IFERROR(LN(INDEX(月次集計!$K$2:$K$45,$B13+AR$2)/INDEX(月次集計!$K$2:$K$45,$B13+AR$2-3)),"")) -> -0.42340436 | AS13: =IF(OR($B13+AS$2-3<1,$B13+AS$2>設定!$B$5),"",IFERROR(LN(INDEX(月次集計!$K$2:$K$45,$B13+AS$2)/INDEX(月次集計!$K$2:$K$45,$B13+AS$2-3)),"")) -> -0.41887397 | AT13: =IF(OR($B13+AT$2-3<1,$B13+AT$2>設定!$B$5),"",IFERROR(LN(INDEX(月次集計!$K$2:$K$45,$B13+AT$2)/INDEX(月次集計!$K$2:$K$45,$B13+AT$2-3)),"")) -> -0.062036111 | AU13: =IF(OR($B13+AU$2-3<1,$B13+AU$2>設定!$B$5),"",IFERROR(LN(INDEX(月次集計!$K$2:$K$45,$B13+AU$2)/INDEX(月次集計!$K$2:$K$45,$B13+AU$2-3)),"")) -> -0.11458597 | AV13: =IF(OR($B13+AV$2-3<1,$B13+AV$2>設定!$B$5),"",IFERROR(LN(INDEX(月次集計!$K$2:$K$45,$B13+AV$2)/INDEX(月次集計!$K$2:$K$45,$B13+AV$2-3)),"")) -> -0.10925416 | AW13: =IF(OR($B13+AW$2-3<1,$B13+AW$2>設定!$B$5),"",IFERROR(LN(INDEX(月次集計!$K$2:$K$45,$B13+AW$2)/INDEX(月次集計!$K$2:$K$45,$B13+AW$2-3)),"")) -> -0.039487643 | ... BB13: =IF(OR($B13+BB$2-3<1,$B13+BB$2>設定!$B$5),"",IFERROR(LN(INDEX(月次集計!$K$2:$K$45,$B13+BB$2)/INDEX(月次集計!$K$2:$K$45,$B13+BB$2-3)),"")) | BC13: =IF(OR($B13+BC$2-3<1,$B13+BC$2>設定!$B$5),"",IFERROR(LN(INDEX(月次集計!$L$2:$L$45,$B13+BC$2)/INDEX(月次集計!$L$2:$L$45,$B13+BC$2-3)),"")) -> 0.14921647 | BD13: =IF(OR($B13+BD$2-3<1,$B13+BD$2>設定!$B$5),"",IFERROR(LN(INDEX(月次集計!$L$2:$L$45,$B13+BD$2)/INDEX(月次集計!$L$2:$L$45,$B13+BD$2-3)),"")) -> 0.12107138 | BE13: =IF(OR($B13+BE$2-3<1,$B13+BE$2>設定!$B$5),"",IFERROR(LN(INDEX(月次集計!$L$2:$L$45,$B13+BE$2)/INDEX(月次集計!$L$2:$L$45,$B13+BE$2-3)),"")) -> 0.18007694 | BF13: =IF(OR($B13+BF$2-3<1,$B13+BF$2>設定!$B$5),"",IFERROR(LN(INDEX(月次集計!$L$2:$L$45,$B13+BF$2)/INDEX(月次集計!$L$2:$L$45,$B13+BF$2-3)),"")) -> 0.16734406 | BG13: =IF(OR($B13+BG$2-3<1,$B13+BG$2>設定!$B$5),"",IFERROR(LN(INDEX(月次集計!$L$2:$L$45,$B13+BG$2)/INDEX(月次集計!$L$2:$L$45,$B13+BG$2-3)),"")) -> 0.28994941 | BH13: =IF(OR($B13+BH$2-3<1,$B13+BH$2>設定!$B$5),"",IFERROR(LN(INDEX(月次集計!$L$2:$L$45,$B13+BH$2)/INDEX(月次集計!$L$2:$L$45,$B13+BH$2-3)),"")) -> 0.17471829 | BI13: =IF(OR($B13+BI$2-3<1,$B13+BI$2>設定!$B$5),"",IFERROR(LN(INDEX(月次集計!$L$2:$L$45,$B13+BI$2)/INDEX(月次集計!$L$2:$L$45,$B13+BI$2-3)),"")) -> -0.075425684 | BJ13: =IF(OR($B13+BJ$2-3<1,$B13+BJ$2>設定!$B$5),"",IFERROR(LN(INDEX(月次集計!$L$2:$L$45,$B13+BJ$2)/INDEX(月次集計!$L$2:$L$45,$B13+BJ$2-3)),"")) -> -0.25468599 | ... BO13: =IF(OR($B13+BO$2-3<1,$B13+BO$2>設定!$B$5),"",IFERROR(LN(INDEX(月次集計!$L$2:$L$45,$B13+BO$2)/INDEX(月次集計!$L$2:$L$45,$B13+BO$2-3)),"")) -> 0.16224545
A14: 2025Q3 | B14: 33 | C14: =IF(OR($B14+C$2-3<1,$B14+C$2>設定!$B$5),"",IFERROR(LN(INDEX(月次集計!$H$2:$H$45,$B14+C$2)/INDEX(月次集計!$H$2:$H$45,$B14+C$2-3)),"")) -> 0.11870534 | D14: =IF(OR($B14+D$2-3<1,$B14+D$2>設定!$B$5),"",IFERROR(LN(INDEX(月次集計!$H$2:$H$45,$B14+D$2)/INDEX(月次集計!$H$2:$H$45,$B14+D$2-3)),"")) -> 0.25903229 | E14: =IF(OR($B14+E$2-3<1,$B14+E$2>設定!$B$5),"",IFERROR(LN(INDEX(月次集計!$H$2:$H$45,$B14+E$2)/INDEX(月次集計!$H$2:$H$45,$B14+E$2-3)),"")) -> 0.14134512 | F14: =IF(OR($B14+F$2-3<1,$B14+F$2>設定!$B$5),"",IFERROR(LN(INDEX(月次集計!$H$2:$H$45,$B14+F$2)/INDEX(月次集計!$H$2:$H$45,$B14+F$2-3)),"")) -> -0.18003483 | G14: =IF(OR($B14+G$2-3<1,$B14+G$2>設定!$B$5),"",IFERROR(LN(INDEX(月次集計!$H$2:$H$45,$B14+G$2)/INDEX(月次集計!$H$2:$H$45,$B14+G$2-3)),"")) -> -0.26842804 | H14: =IF(OR($B14+H$2-3<1,$B14+H$2>設定!$B$5),"",IFERROR(LN(INDEX(月次集計!$H$2:$H$45,$B14+H$2)/INDEX(月次集計!$H$2:$H$45,$B14+H$2-3)),"")) -> -0.25857183 | I14: =IF(OR($B14+I$2-3<1,$B14+I$2>設定!$B$5),"",IFERROR(LN(INDEX(月次集計!$H$2:$H$45,$B14+I$2)/INDEX(月次集計!$H$2:$H$45,$B14+I$2-3)),"")) -> -0.093951286 | J14: =IF(OR($B14+J$2-3<1,$B14+J$2>設定!$B$5),"",IFERROR(LN(INDEX(月次集計!$H$2:$H$45,$B14+J$2)/INDEX(月次集計!$H$2:$H$45,$B14+J$2-3)),"")) -> -0.073658864 | ... O14: =IF(OR($B14+O$2-3<1,$B14+O$2>設定!$B$5),"",IFERROR(LN(INDEX(月次集計!$H$2:$H$45,$B14+O$2)/INDEX(月次集計!$H$2:$H$45,$B14+O$2-3)),"")) -> 0.2068552 | P14: =IF(OR($B14+P$2-3<1,$B14+P$2>設定!$B$5),"",IFERROR(LN(INDEX(月次集計!$I$2:$I$45,$B14+P$2)/INDEX(月次集計!$I$2:$I$45,$B14+P$2-3)),"")) -> 0.25045359 | Q14: =IF(OR($B14+Q$2-3<1,$B14+Q$2>設定!$B$5),"",IFERROR(LN(INDEX(月次集計!$I$2:$I$45,$B14+Q$2)/INDEX(月次集計!$I$2:$I$45,$B14+Q$2-3)),"")) -> 0.39395811 | R14: =IF(OR($B14+R$2-3<1,$B14+R$2>設定!$B$5),"",IFERROR(LN(INDEX(月次集計!$I$2:$I$45,$B14+R$2)/INDEX(月次集計!$I$2:$I$45,$B14+R$2-3)),"")) -> 0.24168128 | S14: =IF(OR($B14+S$2-3<1,$B14+S$2>設定!$B$5),"",IFERROR(LN(INDEX(月次集計!$I$2:$I$45,$B14+S$2)/INDEX(月次集計!$I$2:$I$45,$B14+S$2-3)),"")) -> 0.032947386 | T14: =IF(OR($B14+T$2-3<1,$B14+T$2>設定!$B$5),"",IFERROR(LN(INDEX(月次集計!$I$2:$I$45,$B14+T$2)/INDEX(月次集計!$I$2:$I$45,$B14+T$2-3)),"")) -> -0.21440502 | U14: =IF(OR($B14+U$2-3<1,$B14+U$2>設定!$B$5),"",IFERROR(LN(INDEX(月次集計!$I$2:$I$45,$B14+U$2)/INDEX(月次集計!$I$2:$I$45,$B14+U$2-3)),"")) -> -0.2005698 | V14: =IF(OR($B14+V$2-3<1,$B14+V$2>設定!$B$5),"",IFERROR(LN(INDEX(月次集計!$I$2:$I$45,$B14+V$2)/INDEX(月次集計!$I$2:$I$45,$B14+V$2-3)),"")) -> -0.24906273 | W14: =IF(OR($B14+W$2-3<1,$B14+W$2>設定!$B$5),"",IFERROR(LN(INDEX(月次集計!$I$2:$I$45,$B14+W$2)/INDEX(月次集計!$I$2:$I$45,$B14+W$2-3)),"")) -> -0.19806465 | ... AB14: =IF(OR($B14+AB$2-3<1,$B14+AB$2>設定!$B$5),"",IFERROR(LN(INDEX(月次集計!$I$2:$I$45,$B14+AB$2)/INDEX(月次集計!$I$2:$I$45,$B14+AB$2-3)),"")) -> 0.040798408 | AC14: =IF(OR($B14+AC$2-3<1,$B14+AC$2>設定!$B$5),"",IFERROR(LN(INDEX(月次集計!$J$2:$J$45,$B14+AC$2)/INDEX(月次集計!$J$2:$J$45,$B14+AC$2-3)),"")) -> -0.013987463 | AD14: =IF(OR($B14+AD$2-3<1,$B14+AD$2>設定!$B$5),"",IFERROR(LN(INDEX(月次集計!$J$2:$J$45,$B14+AD$2)/INDEX(月次集計!$J$2:$J$45,$B14+AD$2-3)),"")) -> -0.12357325 | AE14: =IF(OR($B14+AE$2-3<1,$B14+AE$2>設定!$B$5),"",IFERROR(LN(INDEX(月次集計!$J$2:$J$45,$B14+AE$2)/INDEX(月次集計!$J$2:$J$45,$B14+AE$2-3)),"")) -> -0.062229713 | AF14: =IF(OR($B14+AF$2-3<1,$B14+AF$2>設定!$B$5),"",IFERROR(LN(INDEX(月次集計!$J$2:$J$45,$B14+AF$2)/INDEX(月次集計!$J$2:$J$45,$B14+AF$2-3)),"")) -> -0.21682001 | AG14: =IF(OR($B14+AG$2-3<1,$B14+AG$2>設定!$B$5),"",IFERROR(LN(INDEX(月次集計!$J$2:$J$45,$B14+AG$2)/INDEX(月次集計!$J$2:$J$45,$B14+AG$2-3)),"")) -> -0.48996576 | AH14: =IF(OR($B14+AH$2-3<1,$B14+AH$2>設定!$B$5),"",IFERROR(LN(INDEX(月次集計!$J$2:$J$45,$B14+AH$2)/INDEX(月次集計!$J$2:$J$45,$B14+AH$2-3)),"")) -> -0.54054156 | AI14: =IF(OR($B14+AI$2-3<1,$B14+AI$2>設定!$B$5),"",IFERROR(LN(INDEX(月次集計!$J$2:$J$45,$B14+AI$2)/INDEX(月次集計!$J$2:$J$45,$B14+AI$2-3)),"")) -> -0.3267691 | AJ14: =IF(OR($B14+AJ$2-3<1,$B14+AJ$2>設定!$B$5),"",IFERROR(LN(INDEX(月次集計!$J$2:$J$45,$B14+AJ$2)/INDEX(月次集計!$J$2:$J$45,$B14+AJ$2-3)),"")) -> 0.13934227 | ... AO14: =IF(OR($B14+AO$2-3<1,$B14+AO$2>設定!$B$5),"",IFERROR(LN(INDEX(月次集計!$J$2:$J$45,$B14+AO$2)/INDEX(月次集計!$J$2:$J$45,$B14+AO$2-3)),"")) -> 0.4458411 | AP14: =IF(OR($B14+AP$2-3<1,$B14+AP$2>設定!$B$5),"",IFERROR(LN(INDEX(月次集計!$K$2:$K$45,$B14+AP$2)/INDEX(月次集計!$K$2:$K$45,$B14+AP$2-3)),"")) -> -0.41887397 | AQ14: =IF(OR($B14+AQ$2-3<1,$B14+AQ$2>設定!$B$5),"",IFERROR(LN(INDEX(月次集計!$K$2:$K$45,$B14+AQ$2)/INDEX(月次集計!$K$2:$K$45,$B14+AQ$2-3)),"")) -> -0.062036111 | AR14: =IF(OR($B14+AR$2-3<1,$B14+AR$2>設定!$B$5),"",IFERROR(LN(INDEX(月次集計!$K$2:$K$45,$B14+AR$2)/INDEX(月次集計!$K$2:$K$45,$B14+AR$2-3)),"")) -> -0.11458597 | AS14: =IF(OR($B14+AS$2-3<1,$B14+AS$2>設定!$B$5),"",IFERROR(LN(INDEX(月次集計!$K$2:$K$45,$B14+AS$2)/INDEX(月次集計!$K$2:$K$45,$B14+AS$2-3)),"")) -> -0.10925416 | AT14: =IF(OR($B14+AT$2-3<1,$B14+AT$2>設定!$B$5),"",IFERROR(LN(INDEX(月次集計!$K$2:$K$45,$B14+AT$2)/INDEX(月次集計!$K$2:$K$45,$B14+AT$2-3)),"")) -> -0.039487643 | AU14: =IF(OR($B14+AU$2-3<1,$B14+AU$2>設定!$B$5),"",IFERROR(LN(INDEX(月次集計!$K$2:$K$45,$B14+AU$2)/INDEX(月次集計!$K$2:$K$45,$B14+AU$2-3)),"")) -> -0.16109362 | AV14: =IF(OR($B14+AV$2-3<1,$B14+AV$2>設定!$B$5),"",IFERROR(LN(INDEX(月次集計!$K$2:$K$45,$B14+AV$2)/INDEX(月次集計!$K$2:$K$45,$B14+AV$2-3)),"")) -> -0.57081066 | AW14: =IF(OR($B14+AW$2-3<1,$B14+AW$2>設定!$B$5),"",IFERROR(LN(INDEX(月次集計!$K$2:$K$45,$B14+AW$2)/INDEX(月次集計!$K$2:$K$45,$B14+AW$2-3)),"")) | ... BB14: =IF(OR($B14+BB$2-3<1,$B14+BB$2>設定!$B$5),"",IFERROR(LN(INDEX(月次集計!$K$2:$K$45,$B14+BB$2)/INDEX(月次集計!$K$2:$K$45,$B14+BB$2-3)),"")) | BC14: =IF(OR($B14+BC$2-3<1,$B14+BC$2>設定!$B$5),"",IFERROR(LN(INDEX(月次集計!$L$2:$L$45,$B14+BC$2)/INDEX(月次集計!$L$2:$L$45,$B14+BC$2-3)),"")) -> 0.16734406 | BD14: =IF(OR($B14+BD$2-3<1,$B14+BD$2>設定!$B$5),"",IFERROR(LN(INDEX(月次集計!$L$2:$L$45,$B14+BD$2)/INDEX(月次集計!$L$2:$L$45,$B14+BD$2-3)),"")) -> 0.28994941 | BE14: =IF(OR($B14+BE$2-3<1,$B14+BE$2>設定!$B$5),"",IFERROR(LN(INDEX(月次集計!$L$2:$L$45,$B14+BE$2)/INDEX(月次集計!$L$2:$L$45,$B14+BE$2-3)),"")) -> 0.17471829 | BF14: =IF(OR($B14+BF$2-3<1,$B14+BF$2>設定!$B$5),"",IFERROR(LN(INDEX(月次集計!$L$2:$L$45,$B14+BF$2)/INDEX(月次集計!$L$2:$L$45,$B14+BF$2-3)),"")) -> -0.075425684 | BG14: =IF(OR($B14+BG$2-3<1,$B14+BG$2>設定!$B$5),"",IFERROR(LN(INDEX(月次集計!$L$2:$L$45,$B14+BG$2)/INDEX(月次集計!$L$2:$L$45,$B14+BG$2-3)),"")) -> -0.25468599 | BH14: =IF(OR($B14+BH$2-3<1,$B14+BH$2>設定!$B$5),"",IFERROR(LN(INDEX(月次集計!$L$2:$L$45,$B14+BH$2)/INDEX(月次集計!$L$2:$L$45,$B14+BH$2-3)),"")) -> -0.24565788 | BI14: =IF(OR($B14+BI$2-3<1,$B14+BI$2>設定!$B$5),"",IFERROR(LN(INDEX(月次集計!$L$2:$L$45,$B14+BI$2)/INDEX(月次集計!$L$2:$L$45,$B14+BI$2-3)),"")) -> -0.18915025 | BJ14: =IF(OR($B14+BJ$2-3<1,$B14+BJ$2>設定!$B$5),"",IFERROR(LN(INDEX(月次集計!$L$2:$L$45,$B14+BJ$2)/INDEX(月次集計!$L$2:$L$45,$B14+BJ$2-3)),"")) -> -0.12297199 | ... BO14: =IF(OR($B14+BO$2-3<1,$B14+BO$2>設定!$B$5),"",IFERROR(LN(INDEX(月次集計!$L$2:$L$45,$B14+BO$2)/INDEX(月次集計!$L$2:$L$45,$B14+BO$2-3)),"")) -> 0.14914874
A15: 2025Q4 | B15: 36 | C15: =IF(OR($B15+C$2-3<1,$B15+C$2>設定!$B$5),"",IFERROR(LN(INDEX(月次集計!$H$2:$H$45,$B15+C$2)/INDEX(月次集計!$H$2:$H$45,$B15+C$2-3)),"")) -> -0.18003483 | D15: =IF(OR($B15+D$2-3<1,$B15+D$2>設定!$B$5),"",IFERROR(LN(INDEX(月次集計!$H$2:$H$45,$B15+D$2)/INDEX(月次集計!$H$2:$H$45,$B15+D$2-3)),"")) -> -0.26842804 | E15: =IF(OR($B15+E$2-3<1,$B15+E$2>設定!$B$5),"",IFERROR(LN(INDEX(月次集計!$H$2:$H$45,$B15+E$2)/INDEX(月次集計!$H$2:$H$45,$B15+E$2-3)),"")) -> -0.25857183 | F15: =IF(OR($B15+F$2-3<1,$B15+F$2>設定!$B$5),"",IFERROR(LN(INDEX(月次集計!$H$2:$H$45,$B15+F$2)/INDEX(月次集計!$H$2:$H$45,$B15+F$2-3)),"")) -> -0.093951286 | G15: =IF(OR($B15+G$2-3<1,$B15+G$2>設定!$B$5),"",IFERROR(LN(INDEX(月次集計!$H$2:$H$45,$B15+G$2)/INDEX(月次集計!$H$2:$H$45,$B15+G$2-3)),"")) -> -0.073658864 | H15: =IF(OR($B15+H$2-3<1,$B15+H$2>設定!$B$5),"",IFERROR(LN(INDEX(月次集計!$H$2:$H$45,$B15+H$2)/INDEX(月次集計!$H$2:$H$45,$B15+H$2-3)),"")) -> 0.031868454 | I15: =IF(OR($B15+I$2-3<1,$B15+I$2>設定!$B$5),"",IFERROR(LN(INDEX(月次集計!$H$2:$H$45,$B15+I$2)/INDEX(月次集計!$H$2:$H$45,$B15+I$2-3)),"")) -> 0.14598239 | J15: =IF(OR($B15+J$2-3<1,$B15+J$2>設定!$B$5),"",IFERROR(LN(INDEX(月次集計!$H$2:$H$45,$B15+J$2)/INDEX(月次集計!$H$2:$H$45,$B15+J$2-3)),"")) -> 0.26761569 | ... O15: =IF(OR($B15+O$2-3<1,$B15+O$2>設定!$B$5),"",IFERROR(LN(INDEX(月次集計!$H$2:$H$45,$B15+O$2)/INDEX(月次集計!$H$2:$H$45,$B15+O$2-3)),"")) -> -0.030172207 | P15: =IF(OR($B15+P$2-3<1,$B15+P$2>設定!$B$5),"",IFERROR(LN(INDEX(月次集計!$I$2:$I$45,$B15+P$2)/INDEX(月次集計!$I$2:$I$45,$B15+P$2-3)),"")) -> 0.032947386 | Q15: =IF(OR($B15+Q$2-3<1,$B15+Q$2>設定!$B$5),"",IFERROR(LN(INDEX(月次集計!$I$2:$I$45,$B15+Q$2)/INDEX(月次集計!$I$2:$I$45,$B15+Q$2-3)),"")) -> -0.21440502 | R15: =IF(OR($B15+R$2-3<1,$B15+R$2>設定!$B$5),"",IFERROR(LN(INDEX(月次集計!$I$2:$I$45,$B15+R$2)/INDEX(月次集計!$I$2:$I$45,$B15+R$2-3)),"")) -> -0.2005698 | S15: =IF(OR($B15+S$2-3<1,$B15+S$2>設定!$B$5),"",IFERROR(LN(INDEX(月次集計!$I$2:$I$45,$B15+S$2)/INDEX(月次集計!$I$2:$I$45,$B15+S$2-3)),"")) -> -0.24906273 | T15: =IF(OR($B15+T$2-3<1,$B15+T$2>設定!$B$5),"",IFERROR(LN(INDEX(月次集計!$I$2:$I$45,$B15+T$2)/INDEX(月次集計!$I$2:$I$45,$B15+T$2-3)),"")) -> -0.19806465 | U15: =IF(OR($B15+U$2-3<1,$B15+U$2>設定!$B$5),"",IFERROR(LN(INDEX(月次集計!$I$2:$I$45,$B15+U$2)/INDEX(月次集計!$I$2:$I$45,$B15+U$2-3)),"")) -> -0.10464914 | V15: =IF(OR($B15+V$2-3<1,$B15+V$2>設定!$B$5),"",IFERROR(LN(INDEX(月次集計!$I$2:$I$45,$B15+V$2)/INDEX(月次集計!$I$2:$I$45,$B15+V$2-3)),"")) -> 0.15175216 | W15: =IF(OR($B15+W$2-3<1,$B15+W$2>設定!$B$5),"",IFERROR(LN(INDEX(月次集計!$I$2:$I$45,$B15+W$2)/INDEX(月次集計!$I$2:$I$45,$B15+W$2-3)),"")) -> 0.23374332 | ... AB15: =IF(OR($B15+AB$2-3<1,$B15+AB$2>設定!$B$5),"",IFERROR(LN(INDEX(月次集計!$I$2:$I$45,$B15+AB$2)/INDEX(月次集計!$I$2:$I$45,$B15+AB$2-3)),"")) -> 0.21777567 | AC15: =IF(OR($B15+AC$2-3<1,$B15+AC$2>設定!$B$5),"",IFERROR(LN(INDEX(月次集計!$J$2:$J$45,$B15+AC$2)/INDEX(月次集計!$J$2:$J$45,$B15+AC$2-3)),"")) -> -0.21682001 | AD15: =IF(OR($B15+AD$2-3<1,$B15+AD$2>設定!$B$5),"",IFERROR(LN(INDEX(月次集計!$J$2:$J$45,$B15+AD$2)/INDEX(月次集計!$J$2:$J$45,$B15+AD$2-3)),"")) -> -0.48996576 | AE15: =IF(OR($B15+AE$2-3<1,$B15+AE$2>設定!$B$5),"",IFERROR(LN(INDEX(月次集計!$J$2:$J$45,$B15+AE$2)/INDEX(月次集計!$J$2:$J$45,$B15+AE$2-3)),"")) -> -0.54054156 | AF15: =IF(OR($B15+AF$2-3<1,$B15+AF$2>設定!$B$5),"",IFERROR(LN(INDEX(月次集計!$J$2:$J$45,$B15+AF$2)/INDEX(月次集計!$J$2:$J$45,$B15+AF$2-3)),"")) -> -0.3267691 | AG15: =IF(OR($B15+AG$2-3<1,$B15+AG$2>設定!$B$5),"",IFERROR(LN(INDEX(月次集計!$J$2:$J$45,$B15+AG$2)/INDEX(月次集計!$J$2:$J$45,$B15+AG$2-3)),"")) -> 0.13934227 | AH15: =IF(OR($B15+AH$2-3<1,$B15+AH$2>設定!$B$5),"",IFERROR(LN(INDEX(月次集計!$J$2:$J$45,$B15+AH$2)/INDEX(月次集計!$J$2:$J$45,$B15+AH$2-3)),"")) -> 0.36011587 | AI15: =IF(OR($B15+AI$2-3<1,$B15+AI$2>設定!$B$5),"",IFERROR(LN(INDEX(月次集計!$J$2:$J$45,$B15+AI$2)/INDEX(月次集計!$J$2:$J$45,$B15+AI$2-3)),"")) -> 0.34689065 | AJ15: =IF(OR($B15+AJ$2-3<1,$B15+AJ$2>設定!$B$5),"",IFERROR(LN(INDEX(月次集計!$J$2:$J$45,$B15+AJ$2)/INDEX(月次集計!$J$2:$J$45,$B15+AJ$2-3)),"")) -> 0.16386574 | ... AO15: =IF(OR($B15+AO$2-3<1,$B15+AO$2>設定!$B$5),"",IFERROR(LN(INDEX(月次集計!$J$2:$J$45,$B15+AO$2)/INDEX(月次集計!$J$2:$J$45,$B15+AO$2-3)),"")) -> 0.48905212 | AP15: =IF(OR($B15+AP$2-3<1,$B15+AP$2>設定!$B$5),"",IFERROR(LN(INDEX(月次集計!$K$2:$K$45,$B15+AP$2)/INDEX(月次集計!$K$2:$K$45,$B15+AP$2-3)),"")) -> -0.10925416 | AQ15: =IF(OR($B15+AQ$2-3<1,$B15+AQ$2>設定!$B$5),"",IFERROR(LN(INDEX(月次集計!$K$2:$K$45,$B15+AQ$2)/INDEX(月次集計!$K$2:$K$45,$B15+AQ$2-3)),"")) -> -0.039487643 | AR15: =IF(OR($B15+AR$2-3<1,$B15+AR$2>設定!$B$5),"",IFERROR(LN(INDEX(月次集計!$K$2:$K$45,$B15+AR$2)/INDEX(月次集計!$K$2:$K$45,$B15+AR$2-3)),"")) -> -0.16109362 | AS15: =IF(OR($B15+AS$2-3<1,$B15+AS$2>設定!$B$5),"",IFERROR(LN(INDEX(月次集計!$K$2:$K$45,$B15+AS$2)/INDEX(月次集計!$K$2:$K$45,$B15+AS$2-3)),"")) -> -0.57081066 | AT15: =IF(OR($B15+AT$2-3<1,$B15+AT$2>設定!$B$5),"",IFERROR(LN(INDEX(月次集計!$K$2:$K$45,$B15+AT$2)/INDEX(月次集計!$K$2:$K$45,$B15+AT$2-3)),"")) | AU15: =IF(OR($B15+AU$2-3<1,$B15+AU$2>設定!$B$5),"",IFERROR(LN(INDEX(月次集計!$K$2:$K$45,$B15+AU$2)/INDEX(月次集計!$K$2:$K$45,$B15+AU$2-3)),"")) | AV15: =IF(OR($B15+AV$2-3<1,$B15+AV$2>設定!$B$5),"",IFERROR(LN(INDEX(月次集計!$K$2:$K$45,$B15+AV$2)/INDEX(月次集計!$K$2:$K$45,$B15+AV$2-3)),"")) | AW15: =IF(OR($B15+AW$2-3<1,$B15+AW$2>設定!$B$5),"",IFERROR(LN(INDEX(月次集計!$K$2:$K$45,$B15+AW$2)/INDEX(月次集計!$K$2:$K$45,$B15+AW$2-3)),"")) | ... BB15: =IF(OR($B15+BB$2-3<1,$B15+BB$2>設定!$B$5),"",IFERROR(LN(INDEX(月次集計!$K$2:$K$45,$B15+BB$2)/INDEX(月次集計!$K$2:$K$45,$B15+BB$2-3)),"")) | BC15: =IF(OR($B15+BC$2-3<1,$B15+BC$2>設定!$B$5),"",IFERROR(LN(INDEX(月次集計!$L$2:$L$45,$B15+BC$2)/INDEX(月次集計!$L$2:$L$45,$B15+BC$2-3)),"")) -> -0.075425684 | BD15: =IF(OR($B15+BD$2-3<1,$B15+BD$2>設定!$B$5),"",IFERROR(LN(INDEX(月次集計!$L$2:$L$45,$B15+BD$2)/INDEX(月次集計!$L$2:$L$45,$B15+BD$2-3)),"")) -> -0.25468599 | BE15: =IF(OR($B15+BE$2-3<1,$B15+BE$2>設定!$B$5),"",IFERROR(LN(INDEX(月次集計!$L$2:$L$45,$B15+BE$2)/INDEX(月次集計!$L$2:$L$45,$B15+BE$2-3)),"")) -> -0.24565788 | BF15: =IF(OR($B15+BF$2-3<1,$B15+BF$2>設定!$B$5),"",IFERROR(LN(INDEX(月次集計!$L$2:$L$45,$B15+BF$2)/INDEX(月次集計!$L$2:$L$45,$B15+BF$2-3)),"")) -> -0.18915025 | BG15: =IF(OR($B15+BG$2-3<1,$B15+BG$2>設定!$B$5),"",IFERROR(LN(INDEX(月次集計!$L$2:$L$45,$B15+BG$2)/INDEX(月次集計!$L$2:$L$45,$B15+BG$2-3)),"")) -> -0.12297199 | BH15: =IF(OR($B15+BH$2-3<1,$B15+BH$2>設定!$B$5),"",IFERROR(LN(INDEX(月次集計!$L$2:$L$45,$B15+BH$2)/INDEX(月次集計!$L$2:$L$45,$B15+BH$2-3)),"")) -> -0.017112442 | BI15: =IF(OR($B15+BI$2-3<1,$B15+BI$2>設定!$B$5),"",IFERROR(LN(INDEX(月次集計!$L$2:$L$45,$B15+BI$2)/INDEX(月次集計!$L$2:$L$45,$B15+BI$2-3)),"")) -> 0.16224545 | BJ15: =IF(OR($B15+BJ$2-3<1,$B15+BJ$2>設定!$B$5),"",IFERROR(LN(INDEX(月次集計!$L$2:$L$45,$B15+BJ$2)/INDEX(月次集計!$L$2:$L$45,$B15+BJ$2-3)),"")) -> 0.24384406 | ... BO15: =IF(OR($B15+BO$2-3<1,$B15+BO$2>設定!$B$5),"",IFERROR(LN(INDEX(月次集計!$L$2:$L$45,$B15+BO$2)/INDEX(月次集計!$L$2:$L$45,$B15+BO$2-3)),"")) -> 0.14536111
... A17: 2026Q2 | B17: 42 | C17: =IF(OR($B17+C$2-3<1,$B17+C$2>設定!$B$5),"",IFERROR(LN(INDEX(月次集計!$H$2:$H$45,$B17+C$2)/INDEX(月次集計!$H$2:$H$45,$B17+C$2-3)),"")) -> 0.14598239 | D17: =IF(OR($B17+D$2-3<1,$B17+D$2>設定!$B$5),"",IFERROR(LN(INDEX(月次集計!$H$2:$H$45,$B17+D$2)/INDEX(月次集計!$H$2:$H$45,$B17+D$2-3)),"")) -> 0.26761569 | E17: =IF(OR($B17+E$2-3<1,$B17+E$2>設定!$B$5),"",IFERROR(LN(INDEX(月次集計!$H$2:$H$45,$B17+E$2)/INDEX(月次集計!$H$2:$H$45,$B17+E$2-3)),"")) -> 0.26591084 | F17: =IF(OR($B17+F$2-3<1,$B17+F$2>設定!$B$5),"",IFERROR(LN(INDEX(月次集計!$H$2:$H$45,$B17+F$2)/INDEX(月次集計!$H$2:$H$45,$B17+F$2-3)),"")) -> 0.2068552 | G17: =IF(OR($B17+G$2-3<1,$B17+G$2>設定!$B$5),"",IFERROR(LN(INDEX(月次集計!$H$2:$H$45,$B17+G$2)/INDEX(月次集計!$H$2:$H$45,$B17+G$2-3)),"")) -> 0.14161435 | H17: =IF(OR($B17+H$2-3<1,$B17+H$2>設定!$B$5),"",IFERROR(LN(INDEX(月次集計!$H$2:$H$45,$B17+H$2)/INDEX(月次集計!$H$2:$H$45,$B17+H$2-3)),"")) -> 0.11313546 | I17: =IF(OR($B17+I$2-3<1,$B17+I$2>設定!$B$5),"",IFERROR(LN(INDEX(月次集計!$H$2:$H$45,$B17+I$2)/INDEX(月次集計!$H$2:$H$45,$B17+I$2-3)),"")) -> -0.030172207 | J17: =IF(OR($B17+J$2-3<1,$B17+J$2>設定!$B$5),"",IFERROR(LN(INDEX(月次集計!$H$2:$H$45,$B17+J$2)/INDEX(月次集計!$H$2:$H$45,$B17+J$2-3)),"")) -> -0.044973135 | ... O17: =IF(OR($B17+O$2-3<1,$B17+O$2>設定!$B$5),"",IFERROR(LN(INDEX(月次集計!$H$2:$H$45,$B17+O$2)/INDEX(月次集計!$H$2:$H$45,$B17+O$2-3)),"")) | P17: =IF(OR($B17+P$2-3<1,$B17+P$2>設定!$B$5),"",IFERROR(LN(INDEX(月次集計!$I$2:$I$45,$B17+P$2)/INDEX(月次集計!$I$2:$I$45,$B17+P$2-3)),"")) -> 0.15175216 | Q17: =IF(OR($B17+Q$2-3<1,$B17+Q$2>設定!$B$5),"",IFERROR(LN(INDEX(月次集計!$I$2:$I$45,$B17+Q$2)/INDEX(月次集計!$I$2:$I$45,$B17+Q$2-3)),"")) -> 0.23374332 | R17: =IF(OR($B17+R$2-3<1,$B17+R$2>設定!$B$5),"",IFERROR(LN(INDEX(月次集計!$I$2:$I$45,$B17+R$2)/INDEX(月次集計!$I$2:$I$45,$B17+R$2-3)),"")) -> 0.0047048552 | S17: =IF(OR($B17+S$2-3<1,$B17+S$2>設定!$B$5),"",IFERROR(LN(INDEX(月次集計!$I$2:$I$45,$B17+S$2)/INDEX(月次集計!$I$2:$I$45,$B17+S$2-3)),"")) -> 0.040798408 | T17: =IF(OR($B17+T$2-3<1,$B17+T$2>設定!$B$5),"",IFERROR(LN(INDEX(月次集計!$I$2:$I$45,$B17+T$2)/INDEX(月次集計!$I$2:$I$45,$B17+T$2-3)),"")) -> 0.12722825 | U17: =IF(OR($B17+U$2-3<1,$B17+U$2>設定!$B$5),"",IFERROR(LN(INDEX(月次集計!$I$2:$I$45,$B17+U$2)/INDEX(月次集計!$I$2:$I$45,$B17+U$2-3)),"")) -> 0.31843907 | V17: =IF(OR($B17+V$2-3<1,$B17+V$2>設定!$B$5),"",IFERROR(LN(INDEX(月次集計!$I$2:$I$45,$B17+V$2)/INDEX(月次集計!$I$2:$I$45,$B17+V$2-3)),"")) -> 0.21777567 | W17: =IF(OR($B17+W$2-3<1,$B17+W$2>設定!$B$5),"",IFERROR(LN(INDEX(月次集計!$I$2:$I$45,$B17+W$2)/INDEX(月次集計!$I$2:$I$45,$B17+W$2-3)),"")) -> 0.10652312 | ... AB17: =IF(OR($B17+AB$2-3<1,$B17+AB$2>設定!$B$5),"",IFERROR(LN(INDEX(月次集計!$I$2:$I$45,$B17+AB$2)/INDEX(月次集計!$I$2:$I$45,$B17+AB$2-3)),"")) | AC17: =IF(OR($B17+AC$2-3<1,$B17+AC$2>設定!$B$5),"",IFERROR(LN(INDEX(月次集計!$J$2:$J$45,$B17+AC$2)/INDEX(月次集計!$J$2:$J$45,$B17+AC$2-3)),"")) -> 0.34689065 | AD17: =IF(OR($B17+AD$2-3<1,$B17+AD$2>設定!$B$5),"",IFERROR(LN(INDEX(月次集計!$J$2:$J$45,$B17+AD$2)/INDEX(月次集計!$J$2:$J$45,$B17+AD$2-3)),"")) -> 0.16386574 | AE17: =IF(OR($B17+AE$2-3<1,$B17+AE$2>設定!$B$5),"",IFERROR(LN(INDEX(月次集計!$J$2:$J$45,$B17+AE$2)/INDEX(月次集計!$J$2:$J$45,$B17+AE$2-3)),"")) -> 0.047238774 | AF17: =IF(OR($B17+AF$2-3<1,$B17+AF$2>設定!$B$5),"",IFERROR(LN(INDEX(月次集計!$J$2:$J$45,$B17+AF$2)/INDEX(月次集計!$J$2:$J$45,$B17+AF$2-3)),"")) -> 0.4458411 | AG17: =IF(OR($B17+AG$2-3<1,$B17+AG$2>設定!$B$5),"",IFERROR(LN(INDEX(月次集計!$J$2:$J$45,$B17+AG$2)/INDEX(月次集計!$J$2:$J$45,$B17+AG$2-3)),"")) -> 0.99679971 | AH17: =IF(OR($B17+AH$2-3<1,$B17+AH$2>設定!$B$5),"",IFERROR(LN(INDEX(月次集計!$J$2:$J$45,$B17+AH$2)/INDEX(月次集計!$J$2:$J$45,$B17+AH$2-3)),"")) -> 1.0178649 | AI17: =IF(OR($B17+AI$2-3<1,$B17+AI$2>設定!$B$5),"",IFERROR(LN(INDEX(月次集計!$J$2:$J$45,$B17+AI$2)/INDEX(月次集計!$J$2:$J$45,$B17+AI$2-3)),"")) -> 0.48905212 | AJ17: =IF(OR($B17+AJ$2-3<1,$B17+AJ$2>設定!$B$5),"",IFERROR(LN(INDEX(月次集計!$J$2:$J$45,$B17+AJ$2)/INDEX(月次集計!$J$2:$J$45,$B17+AJ$2-3)),"")) -> 0.25682855 | ... AO17: =IF(OR($B17+AO$2-3<1,$B17+AO$2>設定!$B$5),"",IFERROR(LN(INDEX(月次集計!$J$2:$J$45,$B17+AO$2)/INDEX(月次集計!$J$2:$J$45,$B17+AO$2-3)),"")) | AP17: =IF(OR($B17+AP$2-3<1,$B17+AP$2>設定!$B$5),"",IFERROR(LN(INDEX(月次集計!$K$2:$K$45,$B17+AP$2)/INDEX(月次集計!$K$2:$K$45,$B17+AP$2-3)),"")) | AQ17: =IF(OR($B17+AQ$2-3<1,$B17+AQ$2>設定!$B$5),"",IFERROR(LN(INDEX(月次集計!$K$2:$K$45,$B17+AQ$2)/INDEX(月次集計!$K$2:$K$45,$B17+AQ$2-3)),"")) | AR17: =IF(OR($B17+AR$2-3<1,$B17+AR$2>設定!$B$5),"",IFERROR(LN(INDEX(月次集計!$K$2:$K$45,$B17+AR$2)/INDEX(月次集計!$K$2:$K$45,$B17+AR$2-3)),"")) | AS17: =IF(OR($B17+AS$2-3<1,$B17+AS$2>設定!$B$5),"",IFERROR(LN(INDEX(月次集計!$K$2:$K$45,$B17+AS$2)/INDEX(月次集計!$K$2:$K$45,$B17+AS$2-3)),"")) | AT17: =IF(OR($B17+AT$2-3<1,$B17+AT$2>設定!$B$5),"",IFERROR(LN(INDEX(月次集計!$K$2:$K$45,$B17+AT$2)/INDEX(月次集計!$K$2:$K$45,$B17+AT$2-3)),"")) | AU17: =IF(OR($B17+AU$2-3<1,$B17+AU$2>設定!$B$5),"",IFERROR(LN(INDEX(月次集計!$K$2:$K$45,$B17+AU$2)/INDEX(月次集計!$K$2:$K$45,$B17+AU$2-3)),"")) | AV17: =IF(OR($B17+AV$2-3<1,$B17+AV$2>設定!$B$5),"",IFERROR(LN(INDEX(月次集計!$K$2:$K$45,$B17+AV$2)/INDEX(月次集計!$K$2:$K$45,$B17+AV$2-3)),"")) | AW17: =IF(OR($B17+AW$2-3<1,$B17+AW$2>設定!$B$5),"",IFERROR(LN(INDEX(月次集計!$K$2:$K$45,$B17+AW$2)/INDEX(月次集計!$K$2:$K$45,$B17+AW$2-3)),"")) | ... BB17: =IF(OR($B17+BB$2-3<1,$B17+BB$2>設定!$B$5),"",IFERROR(LN(INDEX(月次集計!$K$2:$K$45,$B17+BB$2)/INDEX(月次集計!$K$2:$K$45,$B17+BB$2-3)),"")) | BC17: =IF(OR($B17+BC$2-3<1,$B17+BC$2>設定!$B$5),"",IFERROR(LN(INDEX(月次集計!$L$2:$L$45,$B17+BC$2)/INDEX(月次集計!$L$2:$L$45,$B17+BC$2-3)),"")) -> 0.16224545 | BD17: =IF(OR($B17+BD$2-3<1,$B17+BD$2>設定!$B$5),"",IFERROR(LN(INDEX(月次集計!$L$2:$L$45,$B17+BD$2)/INDEX(月次集計!$L$2:$L$45,$B17+BD$2-3)),"")) -> 0.24384406 | BE17: =IF(OR($B17+BE$2-3<1,$B17+BE$2>設定!$B$5),"",IFERROR(LN(INDEX(月次集計!$L$2:$L$45,$B17+BE$2)/INDEX(月次集計!$L$2:$L$45,$B17+BE$2-3)),"")) -> 0.12813838 | BF17: =IF(OR($B17+BF$2-3<1,$B17+BF$2>設定!$B$5),"",IFERROR(LN(INDEX(月次集計!$L$2:$L$45,$B17+BF$2)/INDEX(月次集計!$L$2:$L$45,$B17+BF$2-3)),"")) -> 0.14914874 | BG17: =IF(OR($B17+BG$2-3<1,$B17+BG$2>設定!$B$5),"",IFERROR(LN(INDEX(月次集計!$L$2:$L$45,$B17+BG$2)/INDEX(月次集計!$L$2:$L$45,$B17+BG$2-3)),"")) -> 0.22298714 | BH17: =IF(OR($B17+BH$2-3<1,$B17+BH$2>設定!$B$5),"",IFERROR(LN(INDEX(月次集計!$L$2:$L$45,$B17+BH$2)/INDEX(月次集計!$L$2:$L$45,$B17+BH$2-3)),"")) -> 0.30007076 | BI17: =IF(OR($B17+BI$2-3<1,$B17+BI$2>設定!$B$5),"",IFERROR(LN(INDEX(月次集計!$L$2:$L$45,$B17+BI$2)/INDEX(月次集計!$L$2:$L$45,$B17+BI$2-3)),"")) -> 0.14536111 | BJ17: =IF(OR($B17+BJ$2-3<1,$B17+BJ$2>設定!$B$5),"",IFERROR(LN(INDEX(月次集計!$L$2:$L$45,$B17+BJ$2)/INDEX(月次集計!$L$2:$L$45,$B17+BJ$2-3)),"")) -> 0.071561607 | ... BO17: =IF(OR($B17+BO$2-3<1,$B17+BO$2>設定!$B$5),"",IFERROR(LN(INDEX(月次集計!$L$2:$L$45,$B17+BO$2)/INDEX(月次集計!$L$2:$L$45,$B17+BO$2-3)),""))

Sheet ラグ相関
A1: ラグ相関（QoQ対数差のピアソン相関）。行＝シフト月、正は輸入が企業売上より遅れる
B2: KR | C2: KR | D2: KR | E2: KR | F2: TW | G2: TW | H2: TW | I2: TW | J2: EU | K2: EU | L2: EU | M2: EU | N2: US | O2: US | P2: US | Q2: US | R2: CORE3 | S2: CORE3 | T2: CORE3 | U2: CORE3
A3: シフト月 | B3: TEL | C3: SCREEN | D3: KOKUSAI | E3: 3社合計 | F3: TEL | G3: SCREEN | H3: KOKUSAI | I3: 3社合計 | J3: TEL | K3: SCREEN | L3: KOKUSAI | M3: 3社合計 | N3: TEL | O3: SCREEN | P3: KOKUSAI | Q3: 3社合計 | R3: TEL | S3: SCREEN | T3: KOKUSAI | U3: 3社合計
A4: -6 | B4: =IF(SUMPRODUCT(--ISNUMBER(ラグ走査_作業!$C$4:$C$17),--ISNUMBER(企業売上!$H$4:$H$17))<6,"",IFERROR(CORREL(ラグ走査_作業!$C$4:$C$17,企業売上!$H$4:$H$17),"")) -> -0.32174664 | C4: =IF(SUMPRODUCT(--ISNUMBER(ラグ走査_作業!$C$4:$C$17),--ISNUMBER(企業売上!$I$4:$I$17))<6,"",IFERROR(CORREL(ラグ走査_作業!$C$4:$C$17,企業売上!$I$4:$I$17),"")) -> -0.54033775 | D4: =IF(SUMPRODUCT(--ISNUMBER(ラグ走査_作業!$C$4:$C$17),--ISNUMBER(企業売上!$J$4:$J$17))<6,"",IFERROR(CORREL(ラグ走査_作業!$C$4:$C$17,企業売上!$J$4:$J$17),"")) -> -0.21656123 | E4: =IF(SUMPRODUCT(--ISNUMBER(ラグ走査_作業!$C$4:$C$17),--ISNUMBER(企業売上!$K$4:$K$17))<6,"",IFERROR(CORREL(ラグ走査_作業!$C$4:$C$17,企業売上!$K$4:$K$17),"")) -> -0.4266885 | F4: =IF(SUMPRODUCT(--ISNUMBER(ラグ走査_作業!$P$4:$P$17),--ISNUMBER(企業売上!$H$4:$H$17))<6,"",IFERROR(CORREL(ラグ走査_作業!$P$4:$P$17,企業売上!$H$4:$H$17),"")) -> -0.36832132 | G4: =IF(SUMPRODUCT(--ISNUMBER(ラグ走査_作業!$P$4:$P$17),--ISNUMBER(企業売上!$I$4:$I$17))<6,"",IFERROR(CORREL(ラグ走査_作業!$P$4:$P$17,企業売上!$I$4:$I$17),"")) -> -0.38370047 | H4: =IF(SUMPRODUCT(--ISNUMBER(ラグ走査_作業!$P$4:$P$17),--ISNUMBER(企業売上!$J$4:$J$17))<6,"",IFERROR(CORREL(ラグ走査_作業!$P$4:$P$17,企業売上!$J$4:$J$17),"")) -> 0.24312602 | I4: =IF(SUMPRODUCT(--ISNUMBER(ラグ走査_作業!$P$4:$P$17),--ISNUMBER(企業売上!$K$4:$K$17))<6,"",IFERROR(CORREL(ラグ走査_作業!$P$4:$P$17,企業売上!$K$4:$K$17),"")) -> -0.36134545 | J4: =IF(SUMPRODUCT(--ISNUMBER(ラグ走査_作業!$AC$4:$AC$17),--ISNUMBER(企業売上!$H$4:$H$17))<6,"",IFERROR(CORREL(ラグ走査_作業!$AC$4:$AC$17,企業売上!$H$4:$H$17),"")) -> -0.24258074 | K4: =IF(SUMPRODUCT(--ISNUMBER(ラグ走査_作業!$AC$4:$AC$17),--ISNUMBER(企業売上!$I$4:$I$17))<6,"",IFERROR(CORREL(ラグ走査_作業!$AC$4:$AC$17,企業売上!$I$4:$I$17),"")) -> -0.56148628 | L4: =IF(SUMPRODUCT(--ISNUMBER(ラグ走査_作業!$AC$4:$AC$17),--ISNUMBER(企業売上!$J$4:$J$17))<6,"",IFERROR(CORREL(ラグ走査_作業!$AC$4:$AC$17,企業売上!$J$4:$J$17),"")) -> 0.069906134 | M4: =IF(SUMPRODUCT(--ISNUMBER(ラグ走査_作業!$AC$4:$AC$17),--ISNUMBER(企業売上!$K$4:$K$17))<6,"",IFERROR(CORREL(ラグ走査_作業!$AC$4:$AC$17,企業売上!$K$4:$K$17),"")) -> -0.33323537 | N4: =IF(SUMPRODUCT(--ISNUMBER(ラグ走査_作業!$AP$4:$AP$17),--ISNUMBER(企業売上!$H$4:$H$17))<6,"",IFERROR(CORREL(ラグ走査_作業!$AP$4:$AP$17,企業売上!$H$4:$H$17),"")) -> -0.66712227 | O4: =IF(SUMPRODUCT(--ISNUMBER(ラグ走査_作業!$AP$4:$AP$17),--ISNUMBER(企業売上!$I$4:$I$17))<6,"",IFERROR(CORREL(ラグ走査_作業!$AP$4:$AP$17,企業売上!$I$4:$I$17),"")) -> -0.50746352 | P4: =IF(SUMPRODUCT(--ISNUMBER(ラグ走査_作業!$AP$4:$AP$17),--ISNUMBER(企業売上!$J$4:$J$17))<6,"",IFERROR(CORREL(ラグ走査_作業!$AP$4:$AP$17,企業売上!$J$4:$J$17),"")) -> -0.33057159 | Q4: =IF(SUMPRODUCT(--ISNUMBER(ラグ走査_作業!$AP$4:$AP$17),--ISNUMBER(企業売上!$K$4:$K$17))<6,"",IFERROR(CORREL(ラグ走査_作業!$AP$4:$AP$17,企業売上!$K$4:$K$17),"")) -> -0.65571225 | R4: =IF(SUMPRODUCT(--ISNUMBER(ラグ走査_作業!$BC$4:$BC$17),--ISNUMBER(企業売上!$H$4:$H$17))<6,"",IFERROR(CORREL(ラグ走査_作業!$BC$4:$BC$17,企業売上!$H$4:$H$17),"")) -> -0.44201481 | S4: =IF(SUMPRODUCT(--ISNUMBER(ラグ走査_作業!$BC$4:$BC$17),--ISNUMBER(企業売上!$I$4:$I$17))<6,"",IFERROR(CORREL(ラグ走査_作業!$BC$4:$BC$17,企業売上!$I$4:$I$17),"")) -> -0.58690325 | T4: =IF(SUMPRODUCT(--ISNUMBER(ラグ走査_作業!$BC$4:$BC$17),--ISNUMBER(企業売上!$J$4:$J$17))<6,"",IFERROR(CORREL(ラグ走査_作業!$BC$4:$BC$17,企業売上!$J$4:$J$17),"")) -> 0.019217832 | U4: =IF(SUMPRODUCT(--ISNUMBER(ラグ走査_作業!$BC$4:$BC$17),--ISNUMBER(企業売上!$K$4:$K$17))<6,"",IFERROR(CORREL(ラグ走査_作業!$BC$4:$BC$17,企業売上!$K$4:$K$17),"")) -> -0.50259519
A5: -5 | B5: =IF(SUMPRODUCT(--ISNUMBER(ラグ走査_作業!$D$4:$D$17),--ISNUMBER(企業売上!$H$4:$H$17))<6,"",IFERROR(CORREL(ラグ走査_作業!$D$4:$D$17,企業売上!$H$4:$H$17),"")) -> -0.12007226 | C5: =IF(SUMPRODUCT(--ISNUMBER(ラグ走査_作業!$D$4:$D$17),--ISNUMBER(企業売上!$I$4:$I$17))<6,"",IFERROR(CORREL(ラグ走査_作業!$D$4:$D$17,企業売上!$I$4:$I$17),"")) -> -0.67436552 | D5: =IF(SUMPRODUCT(--ISNUMBER(ラグ走査_作業!$D$4:$D$17),--ISNUMBER(企業売上!$J$4:$J$17))<6,"",IFERROR(CORREL(ラグ走査_作業!$D$4:$D$17,企業売上!$J$4:$J$17),"")) -> 0.36359871 | E5: =IF(SUMPRODUCT(--ISNUMBER(ラグ走査_作業!$D$4:$D$17),--ISNUMBER(企業売上!$K$4:$K$17))<6,"",IFERROR(CORREL(ラグ走査_作業!$D$4:$D$17,企業売上!$K$4:$K$17),"")) -> -0.23972695 | F5: =IF(SUMPRODUCT(--ISNUMBER(ラグ走査_作業!$Q$4:$Q$17),--ISNUMBER(企業売上!$H$4:$H$17))<6,"",IFERROR(CORREL(ラグ走査_作業!$Q$4:$Q$17,企業売上!$H$4:$H$17),"")) -> -0.29935242 | G5: =IF(SUMPRODUCT(--ISNUMBER(ラグ走査_作業!$Q$4:$Q$17),--ISNUMBER(企業売上!$I$4:$I$17))<6,"",IFERROR(CORREL(ラグ走査_作業!$Q$4:$Q$17,企業売上!$I$4:$I$17),"")) -> -0.54037035 | H5: =IF(SUMPRODUCT(--ISNUMBER(ラグ走査_作業!$Q$4:$Q$17),--ISNUMBER(企業売上!$J$4:$J$17))<6,"",IFERROR(CORREL(ラグ走査_作業!$Q$4:$Q$17,企業売上!$J$4:$J$17),"")) -> 0.19524347 | I5: =IF(SUMPRODUCT(--ISNUMBER(ラグ走査_作業!$Q$4:$Q$17),--ISNUMBER(企業売上!$K$4:$K$17))<6,"",IFERROR(CORREL(ラグ走査_作業!$Q$4:$Q$17,企業売上!$K$4:$K$17),"")) -> -0.35852404 | J5: =IF(SUMPRODUCT(--ISNUMBER(ラグ走査_作業!$AD$4:$AD$17),--ISNUMBER(企業売上!$H$4:$H$17))<6,"",IFERROR(CORREL(ラグ走査_作業!$AD$4:$AD$17,企業売上!$H$4:$H$17),"")) -> -0.037048681 | K5: =IF(SUMPRODUCT(--ISNUMBER(ラグ走査_作業!$AD$4:$AD$17),--ISNUMBER(企業売上!$I$4:$I$17))<6,"",IFERROR(CORREL(ラグ走査_作業!$AD$4:$AD$17,企業売上!$I$4:$I$17),"")) -> -0.46072908 | L5: =IF(SUMPRODUCT(--ISNUMBER(ラグ走査_作業!$AD$4:$AD$17),--ISNUMBER(企業売上!$J$4:$J$17))<6,"",IFERROR(CORREL(ラグ走査_作業!$AD$4:$AD$17,企業売上!$J$4:$J$17),"")) -> -0.12915358 | M5: =IF(SUMPRODUCT(--ISNUMBER(ラグ走査_作業!$AD$4:$AD$17),--ISNUMBER(企業売上!$K$4:$K$17))<6,"",IFERROR(CORREL(ラグ走査_作業!$AD$4:$AD$17,企業売上!$K$4:$K$17),"")) -> -0.17379374 | N5: =IF(SUMPRODUCT(--ISNUMBER(ラグ走査_作業!$AQ$4:$AQ$17),--ISNUMBER(企業売上!$H$4:$H$17))<6,"",IFERROR(CORREL(ラグ走査_作業!$AQ$4:$AQ$17,企業売上!$H$4:$H$17),"")) -> 0.59602655 | O5: =IF(SUMPRODUCT(--ISNUMBER(ラグ走査_作業!$AQ$4:$AQ$17),--ISNUMBER(企業売上!$I$4:$I$17))<6,"",IFERROR(CORREL(ラグ走査_作業!$AQ$4:$AQ$17,企業売上!$I$4:$I$17),"")) -> 0.38905173 | P5: =IF(SUMPRODUCT(--ISNUMBER(ラグ走査_作業!$AQ$4:$AQ$17),--ISNUMBER(企業売上!$J$4:$J$17))<6,"",IFERROR(CORREL(ラグ走査_作業!$AQ$4:$AQ$17,企業売上!$J$4:$J$17),"")) -> 0.47376587 | Q5: =IF(SUMPRODUCT(--ISNUMBER(ラグ走査_作業!$AQ$4:$AQ$17),--ISNUMBER(企業売上!$K$4:$K$17))<6,"",IFERROR(CORREL(ラグ走査_作業!$AQ$4:$AQ$17,企業売上!$K$4:$K$17),"")) -> 0.6077841 | R5: =IF(SUMPRODUCT(--ISNUMBER(ラグ走査_作業!$BD$4:$BD$17),--ISNUMBER(企業売上!$H$4:$H$17))<6,"",IFERROR(CORREL(ラグ走査_作業!$BD$4:$BD$17,企業売上!$H$4:$H$17),"")) -> -0.23400167 | S5: =IF(SUMPRODUCT(--ISNUMBER(ラグ走査_作業!$BD$4:$BD$17),--ISNUMBER(企業売上!$I$4:$I$17))<6,"",IFERROR(CORREL(ラグ走査_作業!$BD$4:$BD$17,企業売上!$I$4:$I$17),"")) -> -0.66338167 | T5: =IF(SUMPRODUCT(--ISNUMBER(ラグ走査_作業!$BD$4:$BD$17),--ISNUMBER(企業売上!$J$4:$J$17))<6,"",IFERROR(CORREL(ラグ走査_作業!$BD$4:$BD$17,企業売上!$J$4:$J$17),"")) -> 0.22654082 | U5: =IF(SUMPRODUCT(--ISNUMBER(ラグ走査_作業!$BD$4:$BD$17),--ISNUMBER(企業売上!$K$4:$K$17))<6,"",IFERROR(CORREL(ラグ走査_作業!$BD$4:$BD$17,企業売上!$K$4:$K$17),"")) -> -0.33939583
A6: -4 | B6: =IF(SUMPRODUCT(--ISNUMBER(ラグ走査_作業!$E$4:$E$17),--ISNUMBER(企業売上!$H$4:$H$17))<6,"",IFERROR(CORREL(ラグ走査_作業!$E$4:$E$17,企業売上!$H$4:$H$17),"")) -> -0.00095715304 | C6: =IF(SUMPRODUCT(--ISNUMBER(ラグ走査_作業!$E$4:$E$17),--ISNUMBER(企業売上!$I$4:$I$17))<6,"",IFERROR(CORREL(ラグ走査_作業!$E$4:$E$17,企業売上!$I$4:$I$17),"")) -> -0.6238998 | D6: =IF(SUMPRODUCT(--ISNUMBER(ラグ走査_作業!$E$4:$E$17),--ISNUMBER(企業売上!$J$4:$J$17))<6,"",IFERROR(CORREL(ラグ走査_作業!$E$4:$E$17,企業売上!$J$4:$J$17),"")) -> 0.56927673 | E6: =IF(SUMPRODUCT(--ISNUMBER(ラグ走査_作業!$E$4:$E$17),--ISNUMBER(企業売上!$K$4:$K$17))<6,"",IFERROR(CORREL(ラグ走査_作業!$E$4:$E$17,企業売上!$K$4:$K$17),"")) -> -0.10750062 | F6: =IF(SUMPRODUCT(--ISNUMBER(ラグ走査_作業!$R$4:$R$17),--ISNUMBER(企業売上!$H$4:$H$17))<6,"",IFERROR(CORREL(ラグ走査_作業!$R$4:$R$17,企業売上!$H$4:$H$17),"")) -> -0.22883158 | G6: =IF(SUMPRODUCT(--ISNUMBER(ラグ走査_作業!$R$4:$R$17),--ISNUMBER(企業売上!$I$4:$I$17))<6,"",IFERROR(CORREL(ラグ走査_作業!$R$4:$R$17,企業売上!$I$4:$I$17),"")) -> -0.19002725 | H6: =IF(SUMPRODUCT(--ISNUMBER(ラグ走査_作業!$R$4:$R$17),--ISNUMBER(企業売上!$J$4:$J$17))<6,"",IFERROR(CORREL(ラグ走査_作業!$R$4:$R$17,企業売上!$J$4:$J$17),"")) -> -0.25286188 | I6: =IF(SUMPRODUCT(--ISNUMBER(ラグ走査_作業!$R$4:$R$17),--ISNUMBER(企業売上!$K$4:$K$17))<6,"",IFERROR(CORREL(ラグ走査_作業!$R$4:$R$17,企業売上!$K$4:$K$17),"")) -> -0.25966886 | J6: =IF(SUMPRODUCT(--ISNUMBER(ラグ走査_作業!$AE$4:$AE$17),--ISNUMBER(企業売上!$H$4:$H$17))<6,"",IFERROR(CORREL(ラグ走査_作業!$AE$4:$AE$17,企業売上!$H$4:$H$17),"")) -> 0.31629422 | K6: =IF(SUMPRODUCT(--ISNUMBER(ラグ走査_作業!$AE$4:$AE$17),--ISNUMBER(企業売上!$I$4:$I$17))<6,"",IFERROR(CORREL(ラグ走査_作業!$AE$4:$AE$17,企業売上!$I$4:$I$17),"")) -> -0.11207831 | L6: =IF(SUMPRODUCT(--ISNUMBER(ラグ走査_作業!$AE$4:$AE$17),--ISNUMBER(企業売上!$J$4:$J$17))<6,"",IFERROR(CORREL(ラグ走査_作業!$AE$4:$AE$17,企業売上!$J$4:$J$17),"")) -> -0.0059922609 | M6: =IF(SUMPRODUCT(--ISNUMBER(ラグ走査_作業!$AE$4:$AE$17),--ISNUMBER(企業売上!$K$4:$K$17))<6,"",IFERROR(CORREL(ラグ走査_作業!$AE$4:$AE$17,企業売上!$K$4:$K$17),"")) -> 0.21533947 | N6: =IF(SUMPRODUCT(--ISNUMBER(ラグ走査_作業!$AR$4:$AR$17),--ISNUMBER(企業売上!$H$4:$H$17))<6,"",IFERROR(CORREL(ラグ走査_作業!$AR$4:$AR$17,企業売上!$H$4:$H$17),"")) -> 0.57442611 | O6: =IF(SUMPRODUCT(--ISNUMBER(ラグ走査_作業!$AR$4:$AR$17),--ISNUMBER(企業売上!$I$4:$I$17))<6,"",IFERROR(CORREL(ラグ走査_作業!$AR$4:$AR$17,企業売上!$I$4:$I$17),"")) -> 0.37519489 | P6: =IF(SUMPRODUCT(--ISNUMBER(ラグ走査_作業!$AR$4:$AR$17),--ISNUMBER(企業売上!$J$4:$J$17))<6,"",IFERROR(CORREL(ラグ走査_作業!$AR$4:$AR$17,企業売上!$J$4:$J$17),"")) -> 0.2523455 | Q6: =IF(SUMPRODUCT(--ISNUMBER(ラグ走査_作業!$AR$4:$AR$17),--ISNUMBER(企業売上!$K$4:$K$17))<6,"",IFERROR(CORREL(ラグ走査_作業!$AR$4:$AR$17,企業売上!$K$4:$K$17),"")) -> 0.55651167 | R6: =IF(SUMPRODUCT(--ISNUMBER(ラグ走査_作業!$BE$4:$BE$17),--ISNUMBER(企業売上!$H$4:$H$17))<6,"",IFERROR(CORREL(ラグ走査_作業!$BE$4:$BE$17,企業売上!$H$4:$H$17),"")) -> -0.12925168 | S6: =IF(SUMPRODUCT(--ISNUMBER(ラグ走査_作業!$BE$4:$BE$17),--ISNUMBER(企業売上!$I$4:$I$17))<6,"",IFERROR(CORREL(ラグ走査_作業!$BE$4:$BE$17,企業売上!$I$4:$I$17),"")) -> -0.45018469 | T6: =IF(SUMPRODUCT(--ISNUMBER(ラグ走査_作業!$BE$4:$BE$17),--ISNUMBER(企業売上!$J$4:$J$17))<6,"",IFERROR(CORREL(ラグ走査_作業!$BE$4:$BE$17,企業売上!$J$4:$J$17),"")) -> 0.12129095 | U6: =IF(SUMPRODUCT(--ISNUMBER(ラグ走査_作業!$BE$4:$BE$17),--ISNUMBER(企業売上!$K$4:$K$17))<6,"",IFERROR(CORREL(ラグ走査_作業!$BE$4:$BE$17,企業売上!$K$4:$K$17),"")) -> -0.21041359
A7: -3 | B7: =IF(SUMPRODUCT(--ISNUMBER(ラグ走査_作業!$F$4:$F$17),--ISNUMBER(企業売上!$H$4:$H$17))<6,"",IFERROR(CORREL(ラグ走査_作業!$F$4:$F$17,企業売上!$H$4:$H$17),"")) -> -0.051469526 | C7: =IF(SUMPRODUCT(--ISNUMBER(ラグ走査_作業!$F$4:$F$17),--ISNUMBER(企業売上!$I$4:$I$17))<6,"",IFERROR(CORREL(ラグ走査_作業!$F$4:$F$17,企業売上!$I$4:$I$17),"")) -> -0.32576786 | D7: =IF(SUMPRODUCT(--ISNUMBER(ラグ走査_作業!$F$4:$F$17),--ISNUMBER(企業売上!$J$4:$J$17))<6,"",IFERROR(CORREL(ラグ走査_作業!$F$4:$F$17,企業売上!$J$4:$J$17),"")) -> 0.35803919 | E7: =IF(SUMPRODUCT(--ISNUMBER(ラグ走査_作業!$F$4:$F$17),--ISNUMBER(企業売上!$K$4:$K$17))<6,"",IFERROR(CORREL(ラグ走査_作業!$F$4:$F$17,企業売上!$K$4:$K$17),"")) -> -0.086324259 | F7: =IF(SUMPRODUCT(--ISNUMBER(ラグ走査_作業!$S$4:$S$17),--ISNUMBER(企業売上!$H$4:$H$17))<6,"",IFERROR(CORREL(ラグ走査_作業!$S$4:$S$17,企業売上!$H$4:$H$17),"")) -> -0.0073078178 | G7: =IF(SUMPRODUCT(--ISNUMBER(ラグ走査_作業!$S$4:$S$17),--ISNUMBER(企業売上!$I$4:$I$17))<6,"",IFERROR(CORREL(ラグ走査_作業!$S$4:$S$17,企業売上!$I$4:$I$17),"")) -> -0.12871175 | H7: =IF(SUMPRODUCT(--ISNUMBER(ラグ走査_作業!$S$4:$S$17),--ISNUMBER(企業売上!$J$4:$J$17))<6,"",IFERROR(CORREL(ラグ走査_作業!$S$4:$S$17,企業売上!$J$4:$J$17),"")) -> -0.48542849 | I7: =IF(SUMPRODUCT(--ISNUMBER(ラグ走査_作業!$S$4:$S$17),--ISNUMBER(企業売上!$K$4:$K$17))<6,"",IFERROR(CORREL(ラグ走査_作業!$S$4:$S$17,企業売上!$K$4:$K$17),"")) -> -0.1043232 | J7: =IF(SUMPRODUCT(--ISNUMBER(ラグ走査_作業!$AF$4:$AF$17),--ISNUMBER(企業売上!$H$4:$H$17))<6,"",IFERROR(CORREL(ラグ走査_作業!$AF$4:$AF$17,企業売上!$H$4:$H$17),"")) -> 0.1856158 | K7: =IF(SUMPRODUCT(--ISNUMBER(ラグ走査_作業!$AF$4:$AF$17),--ISNUMBER(企業売上!$I$4:$I$17))<6,"",IFERROR(CORREL(ラグ走査_作業!$AF$4:$AF$17,企業売上!$I$4:$I$17),"")) -> -0.20061241 | L7: =IF(SUMPRODUCT(--ISNUMBER(ラグ走査_作業!$AF$4:$AF$17),--ISNUMBER(企業売上!$J$4:$J$17))<6,"",IFERROR(CORREL(ラグ走査_作業!$AF$4:$AF$17,企業売上!$J$4:$J$17),"")) -> 0.49741271 | M7: =IF(SUMPRODUCT(--ISNUMBER(ラグ走査_作業!$AF$4:$AF$17),--ISNUMBER(企業売上!$K$4:$K$17))<6,"",IFERROR(CORREL(ラグ走査_作業!$AF$4:$AF$17,企業売上!$K$4:$K$17),"")) -> 0.15320005 | N7: =IF(SUMPRODUCT(--ISNUMBER(ラグ走査_作業!$AS$4:$AS$17),--ISNUMBER(企業売上!$H$4:$H$17))<6,"",IFERROR(CORREL(ラグ走査_作業!$AS$4:$AS$17,企業売上!$H$4:$H$17),"")) -> 0.73052503 | O7: =IF(SUMPRODUCT(--ISNUMBER(ラグ走査_作業!$AS$4:$AS$17),--ISNUMBER(企業売上!$I$4:$I$17))<6,"",IFERROR(CORREL(ラグ走査_作業!$AS$4:$AS$17,企業売上!$I$4:$I$17),"")) -> 0.24790022 | P7: =IF(SUMPRODUCT(--ISNUMBER(ラグ走査_作業!$AS$4:$AS$17),--ISNUMBER(企業売上!$J$4:$J$17))<6,"",IFERROR(CORREL(ラグ走査_作業!$AS$4:$AS$17,企業売上!$J$4:$J$17),"")) -> 0.45319863 | Q7: =IF(SUMPRODUCT(--ISNUMBER(ラグ走査_作業!$AS$4:$AS$17),--ISNUMBER(企業売上!$K$4:$K$17))<6,"",IFERROR(CORREL(ラグ走査_作業!$AS$4:$AS$17,企業売上!$K$4:$K$17),"")) -> 0.65763259 | R7: =IF(SUMPRODUCT(--ISNUMBER(ラグ走査_作業!$BF$4:$BF$17),--ISNUMBER(企業売上!$H$4:$H$17))<6,"",IFERROR(CORREL(ラグ走査_作業!$BF$4:$BF$17,企業売上!$H$4:$H$17),"")) -> -0.0090114607 | S7: =IF(SUMPRODUCT(--ISNUMBER(ラグ走査_作業!$BF$4:$BF$17),--ISNUMBER(企業売上!$I$4:$I$17))<6,"",IFERROR(CORREL(ラグ走査_作業!$BF$4:$BF$17,企業売上!$I$4:$I$17),"")) -> -0.27996321 | T7: =IF(SUMPRODUCT(--ISNUMBER(ラグ走査_作業!$BF$4:$BF$17),--ISNUMBER(企業売上!$J$4:$J$17))<6,"",IFERROR(CORREL(ラグ走査_作業!$BF$4:$BF$17,企業売上!$J$4:$J$17),"")) -> 0.051946752 | U7: =IF(SUMPRODUCT(--ISNUMBER(ラグ走査_作業!$BF$4:$BF$17),--ISNUMBER(企業売上!$K$4:$K$17))<6,"",IFERROR(CORREL(ラグ走査_作業!$BF$4:$BF$17,企業売上!$K$4:$K$17),"")) -> -0.079500038
A8: -2 | B8: =IF(SUMPRODUCT(--ISNUMBER(ラグ走査_作業!$G$4:$G$17),--ISNUMBER(企業売上!$H$4:$H$17))<6,"",IFERROR(CORREL(ラグ走査_作業!$G$4:$G$17,企業売上!$H$4:$H$17),"")) -> 0.062355482 | C8: =IF(SUMPRODUCT(--ISNUMBER(ラグ走査_作業!$G$4:$G$17),--ISNUMBER(企業売上!$I$4:$I$17))<6,"",IFERROR(CORREL(ラグ走査_作業!$G$4:$G$17,企業売上!$I$4:$I$17),"")) -> -0.0114294 | D8: =IF(SUMPRODUCT(--ISNUMBER(ラグ走査_作業!$G$4:$G$17),--ISNUMBER(企業売上!$J$4:$J$17))<6,"",IFERROR(CORREL(ラグ走査_作業!$G$4:$G$17,企業売上!$J$4:$J$17),"")) -> -0.098870587 | E8: =IF(SUMPRODUCT(--ISNUMBER(ラグ走査_作業!$G$4:$G$17),--ISNUMBER(企業売上!$K$4:$K$17))<6,"",IFERROR(CORREL(ラグ走査_作業!$G$4:$G$17,企業売上!$K$4:$K$17),"")) -> 0.035880707 | F8: =IF(SUMPRODUCT(--ISNUMBER(ラグ走査_作業!$T$4:$T$17),--ISNUMBER(企業売上!$H$4:$H$17))<6,"",IFERROR(CORREL(ラグ走査_作業!$T$4:$T$17,企業売上!$H$4:$H$17),"")) -> -0.13679582 | G8: =IF(SUMPRODUCT(--ISNUMBER(ラグ走査_作業!$T$4:$T$17),--ISNUMBER(企業売上!$I$4:$I$17))<6,"",IFERROR(CORREL(ラグ走査_作業!$T$4:$T$17,企業売上!$I$4:$I$17),"")) -> -0.28044325 | H8: =IF(SUMPRODUCT(--ISNUMBER(ラグ走査_作業!$T$4:$T$17),--ISNUMBER(企業売上!$J$4:$J$17))<6,"",IFERROR(CORREL(ラグ走査_作業!$T$4:$T$17,企業売上!$J$4:$J$17),"")) -> -0.38896389 | I8: =IF(SUMPRODUCT(--ISNUMBER(ラグ走査_作業!$T$4:$T$17),--ISNUMBER(企業売上!$K$4:$K$17))<6,"",IFERROR(CORREL(ラグ走査_作業!$T$4:$T$17,企業売上!$K$4:$K$17),"")) -> -0.23474482 | J8: =IF(SUMPRODUCT(--ISNUMBER(ラグ走査_作業!$AG$4:$AG$17),--ISNUMBER(企業売上!$H$4:$H$17))<6,"",IFERROR(CORREL(ラグ走査_作業!$AG$4:$AG$17,企業売上!$H$4:$H$17),"")) -> -0.10421162 | K8: =IF(SUMPRODUCT(--ISNUMBER(ラグ走査_作業!$AG$4:$AG$17),--ISNUMBER(企業売上!$I$4:$I$17))<6,"",IFERROR(CORREL(ラグ走査_作業!$AG$4:$AG$17,企業売上!$I$4:$I$17),"")) -> -0.4825626 | L8: =IF(SUMPRODUCT(--ISNUMBER(ラグ走査_作業!$AG$4:$AG$17),--ISNUMBER(企業売上!$J$4:$J$17))<6,"",IFERROR(CORREL(ラグ走査_作業!$AG$4:$AG$17,企業売上!$J$4:$J$17),"")) -> 0.35388646 | M8: =IF(SUMPRODUCT(--ISNUMBER(ラグ走査_作業!$AG$4:$AG$17),--ISNUMBER(企業売上!$K$4:$K$17))<6,"",IFERROR(CORREL(ラグ走査_作業!$AG$4:$AG$17,企業売上!$K$4:$K$17),"")) -> -0.16179021 | N8: =IF(SUMPRODUCT(--ISNUMBER(ラグ走査_作業!$AT$4:$AT$17),--ISNUMBER(企業売上!$H$4:$H$17))<6,"",IFERROR(CORREL(ラグ走査_作業!$AT$4:$AT$17,企業売上!$H$4:$H$17),"")) -> 0.38269827 | O8: =IF(SUMPRODUCT(--ISNUMBER(ラグ走査_作業!$AT$4:$AT$17),--ISNUMBER(企業売上!$I$4:$I$17))<6,"",IFERROR(CORREL(ラグ走査_作業!$AT$4:$AT$17,企業売上!$I$4:$I$17),"")) -> 0.6147317 | P8: =IF(SUMPRODUCT(--ISNUMBER(ラグ走査_作業!$AT$4:$AT$17),--ISNUMBER(企業売上!$J$4:$J$17))<6,"",IFERROR(CORREL(ラグ走査_作業!$AT$4:$AT$17,企業売上!$J$4:$J$17),"")) -> -0.04741323 | Q8: =IF(SUMPRODUCT(--ISNUMBER(ラグ走査_作業!$AT$4:$AT$17),--ISNUMBER(企業売上!$K$4:$K$17))<6,"",IFERROR(CORREL(ラグ走査_作業!$AT$4:$AT$17,企業売上!$K$4:$K$17),"")) -> 0.43181164 | R8: =IF(SUMPRODUCT(--ISNUMBER(ラグ走査_作業!$BG$4:$BG$17),--ISNUMBER(企業売上!$H$4:$H$17))<6,"",IFERROR(CORREL(ラグ走査_作業!$BG$4:$BG$17,企業売上!$H$4:$H$17),"")) -> -0.073216009 | S8: =IF(SUMPRODUCT(--ISNUMBER(ラグ走査_作業!$BG$4:$BG$17),--ISNUMBER(企業売上!$I$4:$I$17))<6,"",IFERROR(CORREL(ラグ走査_作業!$BG$4:$BG$17,企業売上!$I$4:$I$17),"")) -> -0.26823079 | T8: =IF(SUMPRODUCT(--ISNUMBER(ラグ走査_作業!$BG$4:$BG$17),--ISNUMBER(企業売上!$J$4:$J$17))<6,"",IFERROR(CORREL(ラグ走査_作業!$BG$4:$BG$17,企業売上!$J$4:$J$17),"")) -> -0.13284839 | U8: =IF(SUMPRODUCT(--ISNUMBER(ラグ走査_作業!$BG$4:$BG$17),--ISNUMBER(企業売上!$K$4:$K$17))<6,"",IFERROR(CORREL(ラグ走査_作業!$BG$4:$BG$17,企業売上!$K$4:$K$17),"")) -> -0.14627202
A9: -1 | B9: =IF(SUMPRODUCT(--ISNUMBER(ラグ走査_作業!$H$4:$H$17),--ISNUMBER(企業売上!$H$4:$H$17))<6,"",IFERROR(CORREL(ラグ走査_作業!$H$4:$H$17,企業売上!$H$4:$H$17),"")) -> 0.1149641 | C9: =IF(SUMPRODUCT(--ISNUMBER(ラグ走査_作業!$H$4:$H$17),--ISNUMBER(企業売上!$I$4:$I$17))<6,"",IFERROR(CORREL(ラグ走査_作業!$H$4:$H$17,企業売上!$I$4:$I$17),"")) -> 0.13797891 | D9: =IF(SUMPRODUCT(--ISNUMBER(ラグ走査_作業!$H$4:$H$17),--ISNUMBER(企業売上!$J$4:$J$17))<6,"",IFERROR(CORREL(ラグ走査_作業!$H$4:$H$17,企業売上!$J$4:$J$17),"")) -> -0.43909357 | E9: =IF(SUMPRODUCT(--ISNUMBER(ラグ走査_作業!$H$4:$H$17),--ISNUMBER(企業売上!$K$4:$K$17))<6,"",IFERROR(CORREL(ラグ走査_作業!$H$4:$H$17,企業売上!$K$4:$K$17),"")) -> 0.077019496 | F9: =IF(SUMPRODUCT(--ISNUMBER(ラグ走査_作業!$U$4:$U$17),--ISNUMBER(企業売上!$H$4:$H$17))<6,"",IFERROR(CORREL(ラグ走査_作業!$U$4:$U$17,企業売上!$H$4:$H$17),"")) -> -0.29703547 | G9: =IF(SUMPRODUCT(--ISNUMBER(ラグ走査_作業!$U$4:$U$17),--ISNUMBER(企業売上!$I$4:$I$17))<6,"",IFERROR(CORREL(ラグ走査_作業!$U$4:$U$17,企業売上!$I$4:$I$17),"")) -> -0.64075358 | H9: =IF(SUMPRODUCT(--ISNUMBER(ラグ走査_作業!$U$4:$U$17),--ISNUMBER(企業売上!$J$4:$J$17))<6,"",IFERROR(CORREL(ラグ走査_作業!$U$4:$U$17,企業売上!$J$4:$J$17),"")) -> -0.32342238 | I9: =IF(SUMPRODUCT(--ISNUMBER(ラグ走査_作業!$U$4:$U$17),--ISNUMBER(企業売上!$K$4:$K$17))<6,"",IFERROR(CORREL(ラグ走査_作業!$U$4:$U$17,企業売上!$K$4:$K$17),"")) -> -0.45238202 | J9: =IF(SUMPRODUCT(--ISNUMBER(ラグ走査_作業!$AH$4:$AH$17),--ISNUMBER(企業売上!$H$4:$H$17))<6,"",IFERROR(CORREL(ラグ走査_作業!$AH$4:$AH$17,企業売上!$H$4:$H$17),"")) -> -0.3398746 | K9: =IF(SUMPRODUCT(--ISNUMBER(ラグ走査_作業!$AH$4:$AH$17),--ISNUMBER(企業売上!$I$4:$I$17))<6,"",IFERROR(CORREL(ラグ走査_作業!$AH$4:$AH$17,企業売上!$I$4:$I$17),"")) -> -0.65625679 | L9: =IF(SUMPRODUCT(--ISNUMBER(ラグ走査_作業!$AH$4:$AH$17),--ISNUMBER(企業売上!$J$4:$J$17))<6,"",IFERROR(CORREL(ラグ走査_作業!$AH$4:$AH$17,企業売上!$J$4:$J$17),"")) -> -0.12109371 | M9: =IF(SUMPRODUCT(--ISNUMBER(ラグ走査_作業!$AH$4:$AH$17),--ISNUMBER(企業売上!$K$4:$K$17))<6,"",IFERROR(CORREL(ラグ走査_作業!$AH$4:$AH$17,企業売上!$K$4:$K$17),"")) -> -0.45075487 | N9: =IF(SUMPRODUCT(--ISNUMBER(ラグ走査_作業!$AU$4:$AU$17),--ISNUMBER(企業売上!$H$4:$H$17))<6,"",IFERROR(CORREL(ラグ走査_作業!$AU$4:$AU$17,企業売上!$H$4:$H$17),"")) -> 0.26054608 | O9: =IF(SUMPRODUCT(--ISNUMBER(ラグ走査_作業!$AU$4:$AU$17),--ISNUMBER(企業売上!$I$4:$I$17))<6,"",IFERROR(CORREL(ラグ走査_作業!$AU$4:$AU$17,企業売上!$I$4:$I$17),"")) -> 0.43750902 | P9: =IF(SUMPRODUCT(--ISNUMBER(ラグ走査_作業!$AU$4:$AU$17),--ISNUMBER(企業売上!$J$4:$J$17))<6,"",IFERROR(CORREL(ラグ走査_作業!$AU$4:$AU$17,企業売上!$J$4:$J$17),"")) -> 0.10617613 | Q9: =IF(SUMPRODUCT(--ISNUMBER(ラグ走査_作業!$AU$4:$AU$17),--ISNUMBER(企業売上!$K$4:$K$17))<6,"",IFERROR(CORREL(ラグ走査_作業!$AU$4:$AU$17,企業売上!$K$4:$K$17),"")) -> 0.31671567 | R9: =IF(SUMPRODUCT(--ISNUMBER(ラグ走査_作業!$BH$4:$BH$17),--ISNUMBER(企業売上!$H$4:$H$17))<6,"",IFERROR(CORREL(ラグ走査_作業!$BH$4:$BH$17,企業売上!$H$4:$H$17),"")) -> -0.19080844 | S9: =IF(SUMPRODUCT(--ISNUMBER(ラグ走査_作業!$BH$4:$BH$17),--ISNUMBER(企業売上!$I$4:$I$17))<6,"",IFERROR(CORREL(ラグ走査_作業!$BH$4:$BH$17,企業売上!$I$4:$I$17),"")) -> -0.46405976 | T9: =IF(SUMPRODUCT(--ISNUMBER(ラグ走査_作業!$BH$4:$BH$17),--ISNUMBER(企業売上!$J$4:$J$17))<6,"",IFERROR(CORREL(ラグ走査_作業!$BH$4:$BH$17,企業売上!$J$4:$J$17),"")) -> -0.39208173 | U9: =IF(SUMPRODUCT(--ISNUMBER(ラグ走査_作業!$BH$4:$BH$17),--ISNUMBER(企業売上!$K$4:$K$17))<6,"",IFERROR(CORREL(ラグ走査_作業!$BH$4:$BH$17,企業売上!$K$4:$K$17),"")) -> -0.32384748
A10: 0 | B10: =IF(SUMPRODUCT(--ISNUMBER(ラグ走査_作業!$I$4:$I$17),--ISNUMBER(企業売上!$H$4:$H$17))<6,"",IFERROR(CORREL(ラグ走査_作業!$I$4:$I$17,企業売上!$H$4:$H$17),"")) -> 0.19354243 | C10: =IF(SUMPRODUCT(--ISNUMBER(ラグ走査_作業!$I$4:$I$17),--ISNUMBER(企業売上!$I$4:$I$17))<6,"",IFERROR(CORREL(ラグ走査_作業!$I$4:$I$17,企業売上!$I$4:$I$17),"")) -> 0.38615858 | D10: =IF(SUMPRODUCT(--ISNUMBER(ラグ走査_作業!$I$4:$I$17),--ISNUMBER(企業売上!$J$4:$J$17))<6,"",IFERROR(CORREL(ラグ走査_作業!$I$4:$I$17,企業売上!$J$4:$J$17),"")) -> -0.51773229 | E10: =IF(SUMPRODUCT(--ISNUMBER(ラグ走査_作業!$I$4:$I$17),--ISNUMBER(企業売上!$K$4:$K$17))<6,"",IFERROR(CORREL(ラグ走査_作業!$I$4:$I$17,企業売上!$K$4:$K$17),"")) -> 0.29183801 | F10: =IF(SUMPRODUCT(--ISNUMBER(ラグ走査_作業!$V$4:$V$17),--ISNUMBER(企業売上!$H$4:$H$17))<6,"",IFERROR(CORREL(ラグ走査_作業!$V$4:$V$17,企業売上!$H$4:$H$17),"")) -> 0.10776451 | G10: =IF(SUMPRODUCT(--ISNUMBER(ラグ走査_作業!$V$4:$V$17),--ISNUMBER(企業売上!$I$4:$I$17))<6,"",IFERROR(CORREL(ラグ走査_作業!$V$4:$V$17,企業売上!$I$4:$I$17),"")) -> -0.25399661 | H10: =IF(SUMPRODUCT(--ISNUMBER(ラグ走査_作業!$V$4:$V$17),--ISNUMBER(企業売上!$J$4:$J$17))<6,"",IFERROR(CORREL(ラグ走査_作業!$V$4:$V$17,企業売上!$J$4:$J$17),"")) -> -0.15656883 | I10: =IF(SUMPRODUCT(--ISNUMBER(ラグ走査_作業!$V$4:$V$17),--ISNUMBER(企業売上!$K$4:$K$17))<6,"",IFERROR(CORREL(ラグ走査_作業!$V$4:$V$17,企業売上!$K$4:$K$17),"")) -> -0.32043618 | J10: =IF(SUMPRODUCT(--ISNUMBER(ラグ走査_作業!$AI$4:$AI$17),--ISNUMBER(企業売上!$H$4:$H$17))<6,"",IFERROR(CORREL(ラグ走査_作業!$AI$4:$AI$17,企業売上!$H$4:$H$17),"")) -> -0.19175225 | K10: =IF(SUMPRODUCT(--ISNUMBER(ラグ走査_作業!$AI$4:$AI$17),--ISNUMBER(企業売上!$I$4:$I$17))<6,"",IFERROR(CORREL(ラグ走査_作業!$AI$4:$AI$17,企業売上!$I$4:$I$17),"")) -> -0.21213136 | L10: =IF(SUMPRODUCT(--ISNUMBER(ラグ走査_作業!$AI$4:$AI$17),--ISNUMBER(企業売上!$J$4:$J$17))<6,"",IFERROR(CORREL(ラグ走査_作業!$AI$4:$AI$17,企業売上!$J$4:$J$17),"")) -> -0.41364062 | M10: =IF(SUMPRODUCT(--ISNUMBER(ラグ走査_作業!$AI$4:$AI$17),--ISNUMBER(企業売上!$K$4:$K$17))<6,"",IFERROR(CORREL(ラグ走査_作業!$AI$4:$AI$17,企業売上!$K$4:$K$17),"")) -> -0.0069333463 | N10: =IF(SUMPRODUCT(--ISNUMBER(ラグ走査_作業!$AV$4:$AV$17),--ISNUMBER(企業売上!$H$4:$H$17))<6,"",IFERROR(CORREL(ラグ走査_作業!$AV$4:$AV$17,企業売上!$H$4:$H$17),"")) -> -0.14422661 | O10: =IF(SUMPRODUCT(--ISNUMBER(ラグ走査_作業!$AV$4:$AV$17),--ISNUMBER(企業売上!$I$4:$I$17))<6,"",IFERROR(CORREL(ラグ走査_作業!$AV$4:$AV$17,企業売上!$I$4:$I$17),"")) -> 0.20150669 | P10: =IF(SUMPRODUCT(--ISNUMBER(ラグ走査_作業!$AV$4:$AV$17),--ISNUMBER(企業売上!$J$4:$J$17))<6,"",IFERROR(CORREL(ラグ走査_作業!$AV$4:$AV$17,企業売上!$J$4:$J$17),"")) -> -0.20308774 | Q10: =IF(SUMPRODUCT(--ISNUMBER(ラグ走査_作業!$AV$4:$AV$17),--ISNUMBER(企業売上!$K$4:$K$17))<6,"",IFERROR(CORREL(ラグ走査_作業!$AV$4:$AV$17,企業売上!$K$4:$K$17),"")) -> 0.067456239 | R10: =IF(SUMPRODUCT(--ISNUMBER(ラグ走査_作業!$BI$4:$BI$17),--ISNUMBER(企業売上!$H$4:$H$17))<6,"",IFERROR(CORREL(ラグ走査_作業!$BI$4:$BI$17,企業売上!$H$4:$H$17),"")) -> 0.047520825 | S10: =IF(SUMPRODUCT(--ISNUMBER(ラグ走査_作業!$BI$4:$BI$17),--ISNUMBER(企業売上!$I$4:$I$17))<6,"",IFERROR(CORREL(ラグ走査_作業!$BI$4:$BI$17,企業売上!$I$4:$I$17),"")) -> -0.056536703 | T10: =IF(SUMPRODUCT(--ISNUMBER(ラグ走査_作業!$BI$4:$BI$17),--ISNUMBER(企業売上!$J$4:$J$17))<6,"",IFERROR(CORREL(ラグ走査_作業!$BI$4:$BI$17,企業売上!$J$4:$J$17),"")) -> -0.45448982 | U10: =IF(SUMPRODUCT(--ISNUMBER(ラグ走査_作業!$BI$4:$BI$17),--ISNUMBER(企業売上!$K$4:$K$17))<6,"",IFERROR(CORREL(ラグ走査_作業!$BI$4:$BI$17,企業売上!$K$4:$K$17),"")) -> -0.063437876
A11: 1 | B11: =IF(SUMPRODUCT(--ISNUMBER(ラグ走査_作業!$J$4:$J$17),--ISNUMBER(企業売上!$H$4:$H$17))<6,"",IFERROR(CORREL(ラグ走査_作業!$J$4:$J$17,企業売上!$H$4:$H$17),"")) -> 0.15183383 | C11: =IF(SUMPRODUCT(--ISNUMBER(ラグ走査_作業!$J$4:$J$17),--ISNUMBER(企業売上!$I$4:$I$17))<6,"",IFERROR(CORREL(ラグ走査_作業!$J$4:$J$17,企業売上!$I$4:$I$17),"")) -> 0.17829219 | D11: =IF(SUMPRODUCT(--ISNUMBER(ラグ走査_作業!$J$4:$J$17),--ISNUMBER(企業売上!$J$4:$J$17))<6,"",IFERROR(CORREL(ラグ走査_作業!$J$4:$J$17,企業売上!$J$4:$J$17),"")) -> -0.47186429 | E11: =IF(SUMPRODUCT(--ISNUMBER(ラグ走査_作業!$J$4:$J$17),--ISNUMBER(企業売上!$K$4:$K$17))<6,"",IFERROR(CORREL(ラグ走査_作業!$J$4:$J$17,企業売上!$K$4:$K$17),"")) -> 0.037579385 | F11: =IF(SUMPRODUCT(--ISNUMBER(ラグ走査_作業!$W$4:$W$17),--ISNUMBER(企業売上!$H$4:$H$17))<6,"",IFERROR(CORREL(ラグ走査_作業!$W$4:$W$17,企業売上!$H$4:$H$17),"")) -> 0.26850151 | G11: =IF(SUMPRODUCT(--ISNUMBER(ラグ走査_作業!$W$4:$W$17),--ISNUMBER(企業売上!$I$4:$I$17))<6,"",IFERROR(CORREL(ラグ走査_作業!$W$4:$W$17,企業売上!$I$4:$I$17),"")) -> 0.055873084 | H11: =IF(SUMPRODUCT(--ISNUMBER(ラグ走査_作業!$W$4:$W$17),--ISNUMBER(企業売上!$J$4:$J$17))<6,"",IFERROR(CORREL(ラグ走査_作業!$W$4:$W$17,企業売上!$J$4:$J$17),"")) -> -0.10938317 | I11: =IF(SUMPRODUCT(--ISNUMBER(ラグ走査_作業!$W$4:$W$17),--ISNUMBER(企業売上!$K$4:$K$17))<6,"",IFERROR(CORREL(ラグ走査_作業!$W$4:$W$17,企業売上!$K$4:$K$17),"")) -> 0.031269779 | J11: =IF(SUMPRODUCT(--ISNUMBER(ラグ走査_作業!$AJ$4:$AJ$17),--ISNUMBER(企業売上!$H$4:$H$17))<6,"",IFERROR(CORREL(ラグ走査_作業!$AJ$4:$AJ$17,企業売上!$H$4:$H$17),"")) -> 0.36786412 | K11: =IF(SUMPRODUCT(--ISNUMBER(ラグ走査_作業!$AJ$4:$AJ$17),--ISNUMBER(企業売上!$I$4:$I$17))<6,"",IFERROR(CORREL(ラグ走査_作業!$AJ$4:$AJ$17,企業売上!$I$4:$I$17),"")) -> 0.25381384 | L11: =IF(SUMPRODUCT(--ISNUMBER(ラグ走査_作業!$AJ$4:$AJ$17),--ISNUMBER(企業売上!$J$4:$J$17))<6,"",IFERROR(CORREL(ラグ走査_作業!$AJ$4:$AJ$17,企業売上!$J$4:$J$17),"")) -> -0.16866484 | M11: =IF(SUMPRODUCT(--ISNUMBER(ラグ走査_作業!$AJ$4:$AJ$17),--ISNUMBER(企業売上!$K$4:$K$17))<6,"",IFERROR(CORREL(ラグ走査_作業!$AJ$4:$AJ$17,企業売上!$K$4:$K$17),"")) -> 0.49336794 | N11: =IF(SUMPRODUCT(--ISNUMBER(ラグ走査_作業!$AW$4:$AW$17),--ISNUMBER(企業売上!$H$4:$H$17))<6,"",IFERROR(CORREL(ラグ走査_作業!$AW$4:$AW$17,企業売上!$H$4:$H$17),"")) -> -0.23452488 | O11: =IF(SUMPRODUCT(--ISNUMBER(ラグ走査_作業!$AW$4:$AW$17),--ISNUMBER(企業売上!$I$4:$I$17))<6,"",IFERROR(CORREL(ラグ走査_作業!$AW$4:$AW$17,企業売上!$I$4:$I$17),"")) -> -0.3738575 | P11: =IF(SUMPRODUCT(--ISNUMBER(ラグ走査_作業!$AW$4:$AW$17),--ISNUMBER(企業売上!$J$4:$J$17))<6,"",IFERROR(CORREL(ラグ走査_作業!$AW$4:$AW$17,企業売上!$J$4:$J$17),"")) -> -0.34545363 | Q11: =IF(SUMPRODUCT(--ISNUMBER(ラグ走査_作業!$AW$4:$AW$17),--ISNUMBER(企業売上!$K$4:$K$17))<6,"",IFERROR(CORREL(ラグ走査_作業!$AW$4:$AW$17,企業売上!$K$4:$K$17),"")) -> -0.31676679 | R11: =IF(SUMPRODUCT(--ISNUMBER(ラグ走査_作業!$BJ$4:$BJ$17),--ISNUMBER(企業売上!$H$4:$H$17))<6,"",IFERROR(CORREL(ラグ走査_作業!$BJ$4:$BJ$17,企業売上!$H$4:$H$17),"")) -> 0.24077396 | S11: =IF(SUMPRODUCT(--ISNUMBER(ラグ走査_作業!$BJ$4:$BJ$17),--ISNUMBER(企業売上!$I$4:$I$17))<6,"",IFERROR(CORREL(ラグ走査_作業!$BJ$4:$BJ$17,企業売上!$I$4:$I$17),"")) -> 0.13460333 | T11: =IF(SUMPRODUCT(--ISNUMBER(ラグ走査_作業!$BJ$4:$BJ$17),--ISNUMBER(企業売上!$J$4:$J$17))<6,"",IFERROR(CORREL(ラグ走査_作業!$BJ$4:$BJ$17,企業売上!$J$4:$J$17),"")) -> -0.33491672 | U11: =IF(SUMPRODUCT(--ISNUMBER(ラグ走査_作業!$BJ$4:$BJ$17),--ISNUMBER(企業売上!$K$4:$K$17))<6,"",IFERROR(CORREL(ラグ走査_作業!$BJ$4:$BJ$17,企業売上!$K$4:$K$17),"")) -> 0.10701623
A12: 2 | B12: =IF(SUMPRODUCT(--ISNUMBER(ラグ走査_作業!$K$4:$K$17),--ISNUMBER(企業売上!$H$4:$H$17))<6,"",IFERROR(CORREL(ラグ走査_作業!$K$4:$K$17,企業売上!$H$4:$H$17),"")) -> 0.26506102 | C12: =IF(SUMPRODUCT(--ISNUMBER(ラグ走査_作業!$K$4:$K$17),--ISNUMBER(企業売上!$I$4:$I$17))<6,"",IFERROR(CORREL(ラグ走査_作業!$K$4:$K$17,企業売上!$I$4:$I$17),"")) -> 0.13440836 | D12: =IF(SUMPRODUCT(--ISNUMBER(ラグ走査_作業!$K$4:$K$17),--ISNUMBER(企業売上!$J$4:$J$17))<6,"",IFERROR(CORREL(ラグ走査_作業!$K$4:$K$17,企業売上!$J$4:$J$17),"")) -> -0.18210955 | E12: =IF(SUMPRODUCT(--ISNUMBER(ラグ走査_作業!$K$4:$K$17),--ISNUMBER(企業売上!$K$4:$K$17))<6,"",IFERROR(CORREL(ラグ走査_作業!$K$4:$K$17,企業売上!$K$4:$K$17),"")) -> 0.017451131 | F12: =IF(SUMPRODUCT(--ISNUMBER(ラグ走査_作業!$X$4:$X$17),--ISNUMBER(企業売上!$H$4:$H$17))<6,"",IFERROR(CORREL(ラグ走査_作業!$X$4:$X$17,企業売上!$H$4:$H$17),"")) -> 0.79190291 | G12: =IF(SUMPRODUCT(--ISNUMBER(ラグ走査_作業!$X$4:$X$17),--ISNUMBER(企業売上!$I$4:$I$17))<6,"",IFERROR(CORREL(ラグ走査_作業!$X$4:$X$17,企業売上!$I$4:$I$17),"")) -> 0.44941464 | H12: =IF(SUMPRODUCT(--ISNUMBER(ラグ走査_作業!$X$4:$X$17),--ISNUMBER(企業売上!$J$4:$J$17))<6,"",IFERROR(CORREL(ラグ走査_作業!$X$4:$X$17,企業売上!$J$4:$J$17),"")) -> 0.19614429 | I12: =IF(SUMPRODUCT(--ISNUMBER(ラグ走査_作業!$X$4:$X$17),--ISNUMBER(企業売上!$K$4:$K$17))<6,"",IFERROR(CORREL(ラグ走査_作業!$X$4:$X$17,企業売上!$K$4:$K$17),"")) -> 0.56308744 | J12: =IF(SUMPRODUCT(--ISNUMBER(ラグ走査_作業!$AK$4:$AK$17),--ISNUMBER(企業売上!$H$4:$H$17))<6,"",IFERROR(CORREL(ラグ走査_作業!$AK$4:$AK$17,企業売上!$H$4:$H$17),"")) -> 0.6895378 | K12: =IF(SUMPRODUCT(--ISNUMBER(ラグ走査_作業!$AK$4:$AK$17),--ISNUMBER(企業売上!$I$4:$I$17))<6,"",IFERROR(CORREL(ラグ走査_作業!$AK$4:$AK$17,企業売上!$I$4:$I$17),"")) -> 0.49771829 | L12: =IF(SUMPRODUCT(--ISNUMBER(ラグ走査_作業!$AK$4:$AK$17),--ISNUMBER(企業売上!$J$4:$J$17))<6,"",IFERROR(CORREL(ラグ走査_作業!$AK$4:$AK$17,企業売上!$J$4:$J$17),"")) -> 0.25843463 | M12: =IF(SUMPRODUCT(--ISNUMBER(ラグ走査_作業!$AK$4:$AK$17),--ISNUMBER(企業売上!$K$4:$K$17))<6,"",IFERROR(CORREL(ラグ走査_作業!$AK$4:$AK$17,企業売上!$K$4:$K$17),"")) -> 0.67389984 | N12: =IF(SUMPRODUCT(--ISNUMBER(ラグ走査_作業!$AX$4:$AX$17),--ISNUMBER(企業売上!$H$4:$H$17))<6,"",IFERROR(CORREL(ラグ走査_作業!$AX$4:$AX$17,企業売上!$H$4:$H$17),"")) -> -0.0092553967 | O12: =IF(SUMPRODUCT(--ISNUMBER(ラグ走査_作業!$AX$4:$AX$17),--ISNUMBER(企業売上!$I$4:$I$17))<6,"",IFERROR(CORREL(ラグ走査_作業!$AX$4:$AX$17,企業売上!$I$4:$I$17),"")) -> -0.10589951 | P12: =IF(SUMPRODUCT(--ISNUMBER(ラグ走査_作業!$AX$4:$AX$17),--ISNUMBER(企業売上!$J$4:$J$17))<6,"",IFERROR(CORREL(ラグ走査_作業!$AX$4:$AX$17,企業売上!$J$4:$J$17),"")) -> -0.41242209 | Q12: =IF(SUMPRODUCT(--ISNUMBER(ラグ走査_作業!$AX$4:$AX$17),--ISNUMBER(企業売上!$K$4:$K$17))<6,"",IFERROR(CORREL(ラグ走査_作業!$AX$4:$AX$17,企業売上!$K$4:$K$17),"")) -> -0.09278346 | R12: =IF(SUMPRODUCT(--ISNUMBER(ラグ走査_作業!$BK$4:$BK$17),--ISNUMBER(企業売上!$H$4:$H$17))<6,"",IFERROR(CORREL(ラグ走査_作業!$BK$4:$BK$17,企業売上!$H$4:$H$17),"")) -> 0.68778342 | S12: =IF(SUMPRODUCT(--ISNUMBER(ラグ走査_作業!$BK$4:$BK$17),--ISNUMBER(企業売上!$I$4:$I$17))<6,"",IFERROR(CORREL(ラグ走査_作業!$BK$4:$BK$17,企業売上!$I$4:$I$17),"")) -> 0.47657239 | T12: =IF(SUMPRODUCT(--ISNUMBER(ラグ走査_作業!$BK$4:$BK$17),--ISNUMBER(企業売上!$J$4:$J$17))<6,"",IFERROR(CORREL(ラグ走査_作業!$BK$4:$BK$17,企業売上!$J$4:$J$17),"")) -> 0.037625681 | U12: =IF(SUMPRODUCT(--ISNUMBER(ラグ走査_作業!$BK$4:$BK$17),--ISNUMBER(企業売上!$K$4:$K$17))<6,"",IFERROR(CORREL(ラグ走査_作業!$BK$4:$BK$17,企業売上!$K$4:$K$17),"")) -> 0.42338067
A13: 3 | B13: =IF(SUMPRODUCT(--ISNUMBER(ラグ走査_作業!$L$4:$L$17),--ISNUMBER(企業売上!$H$4:$H$17))<6,"",IFERROR(CORREL(ラグ走査_作業!$L$4:$L$17,企業売上!$H$4:$H$17),"")) -> 0.25736001 | C13: =IF(SUMPRODUCT(--ISNUMBER(ラグ走査_作業!$L$4:$L$17),--ISNUMBER(企業売上!$I$4:$I$17))<6,"",IFERROR(CORREL(ラグ走査_作業!$L$4:$L$17,企業売上!$I$4:$I$17),"")) -> 0.092859222 | D13: =IF(SUMPRODUCT(--ISNUMBER(ラグ走査_作業!$L$4:$L$17),--ISNUMBER(企業売上!$J$4:$J$17))<6,"",IFERROR(CORREL(ラグ走査_作業!$L$4:$L$17,企業売上!$J$4:$J$17),"")) -> 0.1261783 | E13: =IF(SUMPRODUCT(--ISNUMBER(ラグ走査_作業!$L$4:$L$17),--ISNUMBER(企業売上!$K$4:$K$17))<6,"",IFERROR(CORREL(ラグ走査_作業!$L$4:$L$17,企業売上!$K$4:$K$17),"")) -> -0.10116672 | F13: =IF(SUMPRODUCT(--ISNUMBER(ラグ走査_作業!$Y$4:$Y$17),--ISNUMBER(企業売上!$H$4:$H$17))<6,"",IFERROR(CORREL(ラグ走査_作業!$Y$4:$Y$17,企業売上!$H$4:$H$17),"")) -> 0.90235786 | G13: =IF(SUMPRODUCT(--ISNUMBER(ラグ走査_作業!$Y$4:$Y$17),--ISNUMBER(企業売上!$I$4:$I$17))<6,"",IFERROR(CORREL(ラグ走査_作業!$Y$4:$Y$17,企業売上!$I$4:$I$17),"")) -> 0.84299116 | H13: =IF(SUMPRODUCT(--ISNUMBER(ラグ走査_作業!$Y$4:$Y$17),--ISNUMBER(企業売上!$J$4:$J$17))<6,"",IFERROR(CORREL(ラグ走査_作業!$Y$4:$Y$17,企業売上!$J$4:$J$17),"")) -> 0.20484279 | I13: =IF(SUMPRODUCT(--ISNUMBER(ラグ走査_作業!$Y$4:$Y$17),--ISNUMBER(企業売上!$K$4:$K$17))<6,"",IFERROR(CORREL(ラグ走査_作業!$Y$4:$Y$17,企業売上!$K$4:$K$17),"")) -> 0.8391116 | J13: =IF(SUMPRODUCT(--ISNUMBER(ラグ走査_作業!$AL$4:$AL$17),--ISNUMBER(企業売上!$H$4:$H$17))<6,"",IFERROR(CORREL(ラグ走査_作業!$AL$4:$AL$17,企業売上!$H$4:$H$17),"")) -> 0.49613563 | K13: =IF(SUMPRODUCT(--ISNUMBER(ラグ走査_作業!$AL$4:$AL$17),--ISNUMBER(企業売上!$I$4:$I$17))<6,"",IFERROR(CORREL(ラグ走査_作業!$AL$4:$AL$17,企業売上!$I$4:$I$17),"")) -> 0.31788664 | L13: =IF(SUMPRODUCT(--ISNUMBER(ラグ走査_作業!$AL$4:$AL$17),--ISNUMBER(企業売上!$J$4:$J$17))<6,"",IFERROR(CORREL(ラグ走査_作業!$AL$4:$AL$17,企業売上!$J$4:$J$17),"")) -> 0.21771703 | M13: =IF(SUMPRODUCT(--ISNUMBER(ラグ走査_作業!$AL$4:$AL$17),--ISNUMBER(企業売上!$K$4:$K$17))<6,"",IFERROR(CORREL(ラグ走査_作業!$AL$4:$AL$17,企業売上!$K$4:$K$17),"")) -> 0.21797565 | N13: =IF(SUMPRODUCT(--ISNUMBER(ラグ走査_作業!$AY$4:$AY$17),--ISNUMBER(企業売上!$H$4:$H$17))<6,"",IFERROR(CORREL(ラグ走査_作業!$AY$4:$AY$17,企業売上!$H$4:$H$17),"")) -> 0.39449757 | O13: =IF(SUMPRODUCT(--ISNUMBER(ラグ走査_作業!$AY$4:$AY$17),--ISNUMBER(企業売上!$I$4:$I$17))<6,"",IFERROR(CORREL(ラグ走査_作業!$AY$4:$AY$17,企業売上!$I$4:$I$17),"")) -> 0.13313642 | P13: =IF(SUMPRODUCT(--ISNUMBER(ラグ走査_作業!$AY$4:$AY$17),--ISNUMBER(企業売上!$J$4:$J$17))<6,"",IFERROR(CORREL(ラグ走査_作業!$AY$4:$AY$17,企業売上!$J$4:$J$17),"")) -> 0.0020247768 | Q13: =IF(SUMPRODUCT(--ISNUMBER(ラグ走査_作業!$AY$4:$AY$17),--ISNUMBER(企業売上!$K$4:$K$17))<6,"",IFERROR(CORREL(ラグ走査_作業!$AY$4:$AY$17,企業売上!$K$4:$K$17),"")) -> 0.31158705 | R13: =IF(SUMPRODUCT(--ISNUMBER(ラグ走査_作業!$BL$4:$BL$17),--ISNUMBER(企業売上!$H$4:$H$17))<6,"",IFERROR(CORREL(ラグ走査_作業!$BL$4:$BL$17,企業売上!$H$4:$H$17),"")) -> 0.73696699 | S13: =IF(SUMPRODUCT(--ISNUMBER(ラグ走査_作業!$BL$4:$BL$17),--ISNUMBER(企業売上!$I$4:$I$17))<6,"",IFERROR(CORREL(ラグ走査_作業!$BL$4:$BL$17,企業売上!$I$4:$I$17),"")) -> 0.55687294 | T13: =IF(SUMPRODUCT(--ISNUMBER(ラグ走査_作業!$BL$4:$BL$17),--ISNUMBER(企業売上!$J$4:$J$17))<6,"",IFERROR(CORREL(ラグ走査_作業!$BL$4:$BL$17,企業売上!$J$4:$J$17),"")) -> 0.25058135 | U13: =IF(SUMPRODUCT(--ISNUMBER(ラグ走査_作業!$BL$4:$BL$17),--ISNUMBER(企業売上!$K$4:$K$17))<6,"",IFERROR(CORREL(ラグ走査_作業!$BL$4:$BL$17,企業売上!$K$4:$K$17),"")) -> 0.44188733
A14: 4 | B14: =IF(SUMPRODUCT(--ISNUMBER(ラグ走査_作業!$M$4:$M$17),--ISNUMBER(企業売上!$H$4:$H$17))<6,"",IFERROR(CORREL(ラグ走査_作業!$M$4:$M$17,企業売上!$H$4:$H$17),"")) -> 0.48465405 | C14: =IF(SUMPRODUCT(--ISNUMBER(ラグ走査_作業!$M$4:$M$17),--ISNUMBER(企業売上!$I$4:$I$17))<6,"",IFERROR(CORREL(ラグ走査_作業!$M$4:$M$17,企業売上!$I$4:$I$17),"")) -> 0.37474616 | D14: =IF(SUMPRODUCT(--ISNUMBER(ラグ走査_作業!$M$4:$M$17),--ISNUMBER(企業売上!$J$4:$J$17))<6,"",IFERROR(CORREL(ラグ走査_作業!$M$4:$M$17,企業売上!$J$4:$J$17),"")) -> 0.5935272 | E14: =IF(SUMPRODUCT(--ISNUMBER(ラグ走査_作業!$M$4:$M$17),--ISNUMBER(企業売上!$K$4:$K$17))<6,"",IFERROR(CORREL(ラグ走査_作業!$M$4:$M$17,企業売上!$K$4:$K$17),"")) -> 0.17847465 | F14: =IF(SUMPRODUCT(--ISNUMBER(ラグ走査_作業!$Z$4:$Z$17),--ISNUMBER(企業売上!$H$4:$H$17))<6,"",IFERROR(CORREL(ラグ走査_作業!$Z$4:$Z$17,企業売上!$H$4:$H$17),"")) -> 0.75819279 | G14: =IF(SUMPRODUCT(--ISNUMBER(ラグ走査_作業!$Z$4:$Z$17),--ISNUMBER(企業売上!$I$4:$I$17))<6,"",IFERROR(CORREL(ラグ走査_作業!$Z$4:$Z$17,企業売上!$I$4:$I$17),"")) -> 0.81263811 | H14: =IF(SUMPRODUCT(--ISNUMBER(ラグ走査_作業!$Z$4:$Z$17),--ISNUMBER(企業売上!$J$4:$J$17))<6,"",IFERROR(CORREL(ラグ走査_作業!$Z$4:$Z$17,企業売上!$J$4:$J$17),"")) -> 0.2241607 | I14: =IF(SUMPRODUCT(--ISNUMBER(ラグ走査_作業!$Z$4:$Z$17),--ISNUMBER(企業売上!$K$4:$K$17))<6,"",IFERROR(CORREL(ラグ走査_作業!$Z$4:$Z$17,企業売上!$K$4:$K$17),"")) -> 0.60100888 | J14: =IF(SUMPRODUCT(--ISNUMBER(ラグ走査_作業!$AM$4:$AM$17),--ISNUMBER(企業売上!$H$4:$H$17))<6,"",IFERROR(CORREL(ラグ走査_作業!$AM$4:$AM$17,企業売上!$H$4:$H$17),"")) -> -0.0074165716 | K14: =IF(SUMPRODUCT(--ISNUMBER(ラグ走査_作業!$AM$4:$AM$17),--ISNUMBER(企業売上!$I$4:$I$17))<6,"",IFERROR(CORREL(ラグ走査_作業!$AM$4:$AM$17,企業売上!$I$4:$I$17),"")) -> 0.03701619 | L14: =IF(SUMPRODUCT(--ISNUMBER(ラグ走査_作業!$AM$4:$AM$17),--ISNUMBER(企業売上!$J$4:$J$17))<6,"",IFERROR(CORREL(ラグ走査_作業!$AM$4:$AM$17,企業売上!$J$4:$J$17),"")) -> -0.19724813 | M14: =IF(SUMPRODUCT(--ISNUMBER(ラグ走査_作業!$AM$4:$AM$17),--ISNUMBER(企業売上!$K$4:$K$17))<6,"",IFERROR(CORREL(ラグ走査_作業!$AM$4:$AM$17,企業売上!$K$4:$K$17),"")) -> -0.3523043 | N14: =IF(SUMPRODUCT(--ISNUMBER(ラグ走査_作業!$AZ$4:$AZ$17),--ISNUMBER(企業売上!$H$4:$H$17))<6,"",IFERROR(CORREL(ラグ走査_作業!$AZ$4:$AZ$17,企業売上!$H$4:$H$17),"")) -> 0.2353169 | O14: =IF(SUMPRODUCT(--ISNUMBER(ラグ走査_作業!$AZ$4:$AZ$17),--ISNUMBER(企業売上!$I$4:$I$17))<6,"",IFERROR(CORREL(ラグ走査_作業!$AZ$4:$AZ$17,企業売上!$I$4:$I$17),"")) -> -0.13951569 | P14: =IF(SUMPRODUCT(--ISNUMBER(ラグ走査_作業!$AZ$4:$AZ$17),--ISNUMBER(企業売上!$J$4:$J$17))<6,"",IFERROR(CORREL(ラグ走査_作業!$AZ$4:$AZ$17,企業売上!$J$4:$J$17),"")) -> 0.66622913 | Q14: =IF(SUMPRODUCT(--ISNUMBER(ラグ走査_作業!$AZ$4:$AZ$17),--ISNUMBER(企業売上!$K$4:$K$17))<6,"",IFERROR(CORREL(ラグ走査_作業!$AZ$4:$AZ$17,企業売上!$K$4:$K$17),"")) -> 0.2279758 | R14: =IF(SUMPRODUCT(--ISNUMBER(ラグ走査_作業!$BM$4:$BM$17),--ISNUMBER(企業売上!$H$4:$H$17))<6,"",IFERROR(CORREL(ラグ走査_作業!$BM$4:$BM$17,企業売上!$H$4:$H$17),"")) -> 0.61541493 | S14: =IF(SUMPRODUCT(--ISNUMBER(ラグ走査_作業!$BM$4:$BM$17),--ISNUMBER(企業売上!$I$4:$I$17))<6,"",IFERROR(CORREL(ラグ走査_作業!$BM$4:$BM$17,企業売上!$I$4:$I$17),"")) -> 0.57951111 | T14: =IF(SUMPRODUCT(--ISNUMBER(ラグ走査_作業!$BM$4:$BM$17),--ISNUMBER(企業売上!$J$4:$J$17))<6,"",IFERROR(CORREL(ラグ走査_作業!$BM$4:$BM$17,企業売上!$J$4:$J$17),"")) -> 0.36490202 | U14: =IF(SUMPRODUCT(--ISNUMBER(ラグ走査_作業!$BM$4:$BM$17),--ISNUMBER(企業売上!$K$4:$K$17))<6,"",IFERROR(CORREL(ラグ走査_作業!$BM$4:$BM$17,企業売上!$K$4:$K$17),"")) -> 0.31825674
A15: 5 | B15: =IF(SUMPRODUCT(--ISNUMBER(ラグ走査_作業!$N$4:$N$17),--ISNUMBER(企業売上!$H$4:$H$17))<6,"",IFERROR(CORREL(ラグ走査_作業!$N$4:$N$17,企業売上!$H$4:$H$17),"")) -> 0.47696084 | C15: =IF(SUMPRODUCT(--ISNUMBER(ラグ走査_作業!$N$4:$N$17),--ISNUMBER(企業売上!$I$4:$I$17))<6,"",IFERROR(CORREL(ラグ走査_作業!$N$4:$N$17,企業売上!$I$4:$I$17),"")) -> 0.47226055 | D15: =IF(SUMPRODUCT(--ISNUMBER(ラグ走査_作業!$N$4:$N$17),--ISNUMBER(企業売上!$J$4:$J$17))<6,"",IFERROR(CORREL(ラグ走査_作業!$N$4:$N$17,企業売上!$J$4:$J$17),"")) -> 0.41851316 | E15: =IF(SUMPRODUCT(--ISNUMBER(ラグ走査_作業!$N$4:$N$17),--ISNUMBER(企業売上!$K$4:$K$17))<6,"",IFERROR(CORREL(ラグ走査_作業!$N$4:$N$17,企業売上!$K$4:$K$17),"")) -> 0.20746296 | F15: =IF(SUMPRODUCT(--ISNUMBER(ラグ走査_作業!$AA$4:$AA$17),--ISNUMBER(企業売上!$H$4:$H$17))<6,"",IFERROR(CORREL(ラグ走査_作業!$AA$4:$AA$17,企業売上!$H$4:$H$17),"")) -> 0.34555093 | G15: =IF(SUMPRODUCT(--ISNUMBER(ラグ走査_作業!$AA$4:$AA$17),--ISNUMBER(企業売上!$I$4:$I$17))<6,"",IFERROR(CORREL(ラグ走査_作業!$AA$4:$AA$17,企業売上!$I$4:$I$17),"")) -> 0.64206448 | H15: =IF(SUMPRODUCT(--ISNUMBER(ラグ走査_作業!$AA$4:$AA$17),--ISNUMBER(企業売上!$J$4:$J$17))<6,"",IFERROR(CORREL(ラグ走査_作業!$AA$4:$AA$17,企業売上!$J$4:$J$17),"")) -> -0.20521072 | I15: =IF(SUMPRODUCT(--ISNUMBER(ラグ走査_作業!$AA$4:$AA$17),--ISNUMBER(企業売上!$K$4:$K$17))<6,"",IFERROR(CORREL(ラグ走査_作業!$AA$4:$AA$17,企業売上!$K$4:$K$17),"")) -> 0.21679572 | J15: =IF(SUMPRODUCT(--ISNUMBER(ラグ走査_作業!$AN$4:$AN$17),--ISNUMBER(企業売上!$H$4:$H$17))<6,"",IFERROR(CORREL(ラグ走査_作業!$AN$4:$AN$17,企業売上!$H$4:$H$17),"")) -> -0.18624439 | K15: =IF(SUMPRODUCT(--ISNUMBER(ラグ走査_作業!$AN$4:$AN$17),--ISNUMBER(企業売上!$I$4:$I$17))<6,"",IFERROR(CORREL(ラグ走査_作業!$AN$4:$AN$17,企業売上!$I$4:$I$17),"")) -> 0.16161908 | L15: =IF(SUMPRODUCT(--ISNUMBER(ラグ走査_作業!$AN$4:$AN$17),--ISNUMBER(企業売上!$J$4:$J$17))<6,"",IFERROR(CORREL(ラグ走査_作業!$AN$4:$AN$17,企業売上!$J$4:$J$17),"")) -> -0.52437906 | M15: =IF(SUMPRODUCT(--ISNUMBER(ラグ走査_作業!$AN$4:$AN$17),--ISNUMBER(企業売上!$K$4:$K$17))<6,"",IFERROR(CORREL(ラグ走査_作業!$AN$4:$AN$17,企業売上!$K$4:$K$17),"")) -> -0.47472584 | N15: =IF(SUMPRODUCT(--ISNUMBER(ラグ走査_作業!$BA$4:$BA$17),--ISNUMBER(企業売上!$H$4:$H$17))<6,"",IFERROR(CORREL(ラグ走査_作業!$BA$4:$BA$17,企業売上!$H$4:$H$17),"")) -> 0.2006817 | O15: =IF(SUMPRODUCT(--ISNUMBER(ラグ走査_作業!$BA$4:$BA$17),--ISNUMBER(企業売上!$I$4:$I$17))<6,"",IFERROR(CORREL(ラグ走査_作業!$BA$4:$BA$17,企業売上!$I$4:$I$17),"")) -> -0.2449635 | P15: =IF(SUMPRODUCT(--ISNUMBER(ラグ走査_作業!$BA$4:$BA$17),--ISNUMBER(企業売上!$J$4:$J$17))<6,"",IFERROR(CORREL(ラグ走査_作業!$BA$4:$BA$17,企業売上!$J$4:$J$17),"")) -> 0.59419528 | Q15: =IF(SUMPRODUCT(--ISNUMBER(ラグ走査_作業!$BA$4:$BA$17),--ISNUMBER(企業売上!$K$4:$K$17))<6,"",IFERROR(CORREL(ラグ走査_作業!$BA$4:$BA$17,企業売上!$K$4:$K$17),"")) -> 0.15002731 | R15: =IF(SUMPRODUCT(--ISNUMBER(ラグ走査_作業!$BN$4:$BN$17),--ISNUMBER(企業売上!$H$4:$H$17))<6,"",IFERROR(CORREL(ラグ走査_作業!$BN$4:$BN$17,企業売上!$H$4:$H$17),"")) -> 0.48216517 | S15: =IF(SUMPRODUCT(--ISNUMBER(ラグ走査_作業!$BN$4:$BN$17),--ISNUMBER(企業売上!$I$4:$I$17))<6,"",IFERROR(CORREL(ラグ走査_作業!$BN$4:$BN$17,企業売上!$I$4:$I$17),"")) -> 0.67416659 | T15: =IF(SUMPRODUCT(--ISNUMBER(ラグ走査_作業!$BN$4:$BN$17),--ISNUMBER(企業売上!$J$4:$J$17))<6,"",IFERROR(CORREL(ラグ走査_作業!$BN$4:$BN$17,企業売上!$J$4:$J$17),"")) -> -0.053167628 | U15: =IF(SUMPRODUCT(--ISNUMBER(ラグ走査_作業!$BN$4:$BN$17),--ISNUMBER(企業売上!$K$4:$K$17))<6,"",IFERROR(CORREL(ラグ走査_作業!$BN$4:$BN$17,企業売上!$K$4:$K$17),"")) -> 0.20099157
A16: 6 | B16: =IF(SUMPRODUCT(--ISNUMBER(ラグ走査_作業!$O$4:$O$17),--ISNUMBER(企業売上!$H$4:$H$17))<6,"",IFERROR(CORREL(ラグ走査_作業!$O$4:$O$17,企業売上!$H$4:$H$17),"")) -> 0.30298653 | C16: =IF(SUMPRODUCT(--ISNUMBER(ラグ走査_作業!$O$4:$O$17),--ISNUMBER(企業売上!$I$4:$I$17))<6,"",IFERROR(CORREL(ラグ走査_作業!$O$4:$O$17,企業売上!$I$4:$I$17),"")) -> 0.20538921 | D16: =IF(SUMPRODUCT(--ISNUMBER(ラグ走査_作業!$O$4:$O$17),--ISNUMBER(企業売上!$J$4:$J$17))<6,"",IFERROR(CORREL(ラグ走査_作業!$O$4:$O$17,企業売上!$J$4:$J$17),"")) -> 0.0025163602 | E16: =IF(SUMPRODUCT(--ISNUMBER(ラグ走査_作業!$O$4:$O$17),--ISNUMBER(企業売上!$K$4:$K$17))<6,"",IFERROR(CORREL(ラグ走査_作業!$O$4:$O$17,企業売上!$K$4:$K$17),"")) -> 0.074631576 | F16: =IF(SUMPRODUCT(--ISNUMBER(ラグ走査_作業!$AB$4:$AB$17),--ISNUMBER(企業売上!$H$4:$H$17))<6,"",IFERROR(CORREL(ラグ走査_作業!$AB$4:$AB$17,企業売上!$H$4:$H$17),"")) -> -0.25436587 | G16: =IF(SUMPRODUCT(--ISNUMBER(ラグ走査_作業!$AB$4:$AB$17),--ISNUMBER(企業売上!$I$4:$I$17))<6,"",IFERROR(CORREL(ラグ走査_作業!$AB$4:$AB$17,企業売上!$I$4:$I$17),"")) -> -0.14758558 | H16: =IF(SUMPRODUCT(--ISNUMBER(ラグ走査_作業!$AB$4:$AB$17),--ISNUMBER(企業売上!$J$4:$J$17))<6,"",IFERROR(CORREL(ラグ走査_作業!$AB$4:$AB$17,企業売上!$J$4:$J$17),"")) -> -0.20219976 | I16: =IF(SUMPRODUCT(--ISNUMBER(ラグ走査_作業!$AB$4:$AB$17),--ISNUMBER(企業売上!$K$4:$K$17))<6,"",IFERROR(CORREL(ラグ走査_作業!$AB$4:$AB$17,企業売上!$K$4:$K$17),"")) -> -0.20148255 | J16: =IF(SUMPRODUCT(--ISNUMBER(ラグ走査_作業!$AO$4:$AO$17),--ISNUMBER(企業売上!$H$4:$H$17))<6,"",IFERROR(CORREL(ラグ走査_作業!$AO$4:$AO$17,企業売上!$H$4:$H$17),"")) -> -0.00021051423 | K16: =IF(SUMPRODUCT(--ISNUMBER(ラグ走査_作業!$AO$4:$AO$17),--ISNUMBER(企業売上!$I$4:$I$17))<6,"",IFERROR(CORREL(ラグ走査_作業!$AO$4:$AO$17,企業売上!$I$4:$I$17),"")) -> 0.19432151 | L16: =IF(SUMPRODUCT(--ISNUMBER(ラグ走査_作業!$AO$4:$AO$17),--ISNUMBER(企業売上!$J$4:$J$17))<6,"",IFERROR(CORREL(ラグ走査_作業!$AO$4:$AO$17,企業売上!$J$4:$J$17),"")) -> -0.24632223 | M16: =IF(SUMPRODUCT(--ISNUMBER(ラグ走査_作業!$AO$4:$AO$17),--ISNUMBER(企業売上!$K$4:$K$17))<6,"",IFERROR(CORREL(ラグ走査_作業!$AO$4:$AO$17,企業売上!$K$4:$K$17),"")) -> -0.27383266 | N16: =IF(SUMPRODUCT(--ISNUMBER(ラグ走査_作業!$BB$4:$BB$17),--ISNUMBER(企業売上!$H$4:$H$17))<6,"",IFERROR(CORREL(ラグ走査_作業!$BB$4:$BB$17,企業売上!$H$4:$H$17),"")) -> 0.46120962 | O16: =IF(SUMPRODUCT(--ISNUMBER(ラグ走査_作業!$BB$4:$BB$17),--ISNUMBER(企業売上!$I$4:$I$17))<6,"",IFERROR(CORREL(ラグ走査_作業!$BB$4:$BB$17,企業売上!$I$4:$I$17),"")) -> 0.12207748 | P16: =IF(SUMPRODUCT(--ISNUMBER(ラグ走査_作業!$BB$4:$BB$17),--ISNUMBER(企業売上!$J$4:$J$17))<6,"",IFERROR(CORREL(ラグ走査_作業!$BB$4:$BB$17,企業売上!$J$4:$J$17),"")) -> 0.45710954 | Q16: =IF(SUMPRODUCT(--ISNUMBER(ラグ走査_作業!$BB$4:$BB$17),--ISNUMBER(企業売上!$K$4:$K$17))<6,"",IFERROR(CORREL(ラグ走査_作業!$BB$4:$BB$17,企業売上!$K$4:$K$17),"")) -> 0.42872463 | R16: =IF(SUMPRODUCT(--ISNUMBER(ラグ走査_作業!$BO$4:$BO$17),--ISNUMBER(企業売上!$H$4:$H$17))<6,"",IFERROR(CORREL(ラグ走査_作業!$BO$4:$BO$17,企業売上!$H$4:$H$17),"")) -> 0.12326614 | S16: =IF(SUMPRODUCT(--ISNUMBER(ラグ走査_作業!$BO$4:$BO$17),--ISNUMBER(企業売上!$I$4:$I$17))<6,"",IFERROR(CORREL(ラグ走査_作業!$BO$4:$BO$17,企業売上!$I$4:$I$17),"")) -> 0.19732091 | T16: =IF(SUMPRODUCT(--ISNUMBER(ラグ走査_作業!$BO$4:$BO$17),--ISNUMBER(企業売上!$J$4:$J$17))<6,"",IFERROR(CORREL(ラグ走査_作業!$BO$4:$BO$17,企業売上!$J$4:$J$17),"")) -> -0.18158685 | U16: =IF(SUMPRODUCT(--ISNUMBER(ラグ走査_作業!$BO$4:$BO$17),--ISNUMBER(企業売上!$K$4:$K$17))<6,"",IFERROR(CORREL(ラグ走査_作業!$BO$4:$BO$17,企業売上!$K$4:$K$17),"")) -> -0.13190997
A19: 標本数N（相関に使った四半期数）
A20: -6 | B20: =SUMPRODUCT(--ISNUMBER(ラグ走査_作業!$C$4:$C$17),--ISNUMBER(企業売上!$H$4:$H$17)) -> 11 | C20: =SUMPRODUCT(--ISNUMBER(ラグ走査_作業!$C$4:$C$17),--ISNUMBER(企業売上!$I$4:$I$17)) -> 11 | D20: =SUMPRODUCT(--ISNUMBER(ラグ走査_作業!$C$4:$C$17),--ISNUMBER(企業売上!$J$4:$J$17)) -> 11 | E20: =SUMPRODUCT(--ISNUMBER(ラグ走査_作業!$C$4:$C$17),--ISNUMBER(企業売上!$K$4:$K$17)) -> 11 | F20: =SUMPRODUCT(--ISNUMBER(ラグ走査_作業!$P$4:$P$17),--ISNUMBER(企業売上!$H$4:$H$17)) -> 11 | G20: =SUMPRODUCT(--ISNUMBER(ラグ走査_作業!$P$4:$P$17),--ISNUMBER(企業売上!$I$4:$I$17)) -> 11 | H20: =SUMPRODUCT(--ISNUMBER(ラグ走査_作業!$P$4:$P$17),--ISNUMBER(企業売上!$J$4:$J$17)) -> 11 | I20: =SUMPRODUCT(--ISNUMBER(ラグ走査_作業!$P$4:$P$17),--ISNUMBER(企業売上!$K$4:$K$17)) -> 11 | J20: =SUMPRODUCT(--ISNUMBER(ラグ走査_作業!$AC$4:$AC$17),--ISNUMBER(企業売上!$H$4:$H$17)) -> 11 | K20: =SUMPRODUCT(--ISNUMBER(ラグ走査_作業!$AC$4:$AC$17),--ISNUMBER(企業売上!$I$4:$I$17)) -> 11 | L20: =SUMPRODUCT(--ISNUMBER(ラグ走査_作業!$AC$4:$AC$17),--ISNUMBER(企業売上!$J$4:$J$17)) -> 11 | M20: =SUMPRODUCT(--ISNUMBER(ラグ走査_作業!$AC$4:$AC$17),--ISNUMBER(企業売上!$K$4:$K$17)) -> 11 | N20: =SUMPRODUCT(--ISNUMBER(ラグ走査_作業!$AP$4:$AP$17),--ISNUMBER(企業売上!$H$4:$H$17)) -> 8 | O20: =SUMPRODUCT(--ISNUMBER(ラグ走査_作業!$AP$4:$AP$17),--ISNUMBER(企業売上!$I$4:$I$17)) -> 8 | P20: =SUMPRODUCT(--ISNUMBER(ラグ走査_作業!$AP$4:$AP$17),--ISNUMBER(企業売上!$J$4:$J$17)) -> 8 | Q20: =SUMPRODUCT(--ISNUMBER(ラグ走査_作業!$AP$4:$AP$17),--ISNUMBER(企業売上!$K$4:$K$17)) -> 8 | R20: =SUMPRODUCT(--ISNUMBER(ラグ走査_作業!$BC$4:$BC$17),--ISNUMBER(企業売上!$H$4:$H$17)) -> 11 | S20: =SUMPRODUCT(--ISNUMBER(ラグ走査_作業!$BC$4:$BC$17),--ISNUMBER(企業売上!$I$4:$I$17)) -> 11 | T20: =SUMPRODUCT(--ISNUMBER(ラグ走査_作業!$BC$4:$BC$17),--ISNUMBER(企業売上!$J$4:$J$17)) -> 11 | U20: =SUMPRODUCT(--ISNUMBER(ラグ走査_作業!$BC$4:$BC$17),--ISNUMBER(企業売上!$K$4:$K$17)) -> 11
A21: -5 | B21: =SUMPRODUCT(--ISNUMBER(ラグ走査_作業!$D$4:$D$17),--ISNUMBER(企業売上!$H$4:$H$17)) -> 11 | C21: =SUMPRODUCT(--ISNUMBER(ラグ走査_作業!$D$4:$D$17),--ISNUMBER(企業売上!$I$4:$I$17)) -> 11 | D21: =SUMPRODUCT(--ISNUMBER(ラグ走査_作業!$D$4:$D$17),--ISNUMBER(企業売上!$J$4:$J$17)) -> 11 | E21: =SUMPRODUCT(--ISNUMBER(ラグ走査_作業!$D$4:$D$17),--ISNUMBER(企業売上!$K$4:$K$17)) -> 11 | F21: =SUMPRODUCT(--ISNUMBER(ラグ走査_作業!$Q$4:$Q$17),--ISNUMBER(企業売上!$H$4:$H$17)) -> 11 | G21: =SUMPRODUCT(--ISNUMBER(ラグ走査_作業!$Q$4:$Q$17),--ISNUMBER(企業売上!$I$4:$I$17)) -> 11 | H21: =SUMPRODUCT(--ISNUMBER(ラグ走査_作業!$Q$4:$Q$17),--ISNUMBER(企業売上!$J$4:$J$17)) -> 11 | I21: =SUMPRODUCT(--ISNUMBER(ラグ走査_作業!$Q$4:$Q$17),--ISNUMBER(企業売上!$K$4:$K$17)) -> 11 | J21: =SUMPRODUCT(--ISNUMBER(ラグ走査_作業!$AD$4:$AD$17),--ISNUMBER(企業売上!$H$4:$H$17)) -> 11 | K21: =SUMPRODUCT(--ISNUMBER(ラグ走査_作業!$AD$4:$AD$17),--ISNUMBER(企業売上!$I$4:$I$17)) -> 11 | L21: =SUMPRODUCT(--ISNUMBER(ラグ走査_作業!$AD$4:$AD$17),--ISNUMBER(企業売上!$J$4:$J$17)) -> 11 | M21: =SUMPRODUCT(--ISNUMBER(ラグ走査_作業!$AD$4:$AD$17),--ISNUMBER(企業売上!$K$4:$K$17)) -> 11 | N21: =SUMPRODUCT(--ISNUMBER(ラグ走査_作業!$AQ$4:$AQ$17),--ISNUMBER(企業売上!$H$4:$H$17)) -> 7 | O21: =SUMPRODUCT(--ISNUMBER(ラグ走査_作業!$AQ$4:$AQ$17),--ISNUMBER(企業売上!$I$4:$I$17)) -> 7 | P21: =SUMPRODUCT(--ISNUMBER(ラグ走査_作業!$AQ$4:$AQ$17),--ISNUMBER(企業売上!$J$4:$J$17)) -> 7 | Q21: =SUMPRODUCT(--ISNUMBER(ラグ走査_作業!$AQ$4:$AQ$17),--ISNUMBER(企業売上!$K$4:$K$17)) -> 7 | R21: =SUMPRODUCT(--ISNUMBER(ラグ走査_作業!$BD$4:$BD$17),--ISNUMBER(企業売上!$H$4:$H$17)) -> 11 | S21: =SUMPRODUCT(--ISNUMBER(ラグ走査_作業!$BD$4:$BD$17),--ISNUMBER(企業売上!$I$4:$I$17)) -> 11 | T21: =SUMPRODUCT(--ISNUMBER(ラグ走査_作業!$BD$4:$BD$17),--ISNUMBER(企業売上!$J$4:$J$17)) -> 11 | U21: =SUMPRODUCT(--ISNUMBER(ラグ走査_作業!$BD$4:$BD$17),--ISNUMBER(企業売上!$K$4:$K$17)) -> 11
A22: -4 | B22: =SUMPRODUCT(--ISNUMBER(ラグ走査_作業!$E$4:$E$17),--ISNUMBER(企業売上!$H$4:$H$17)) -> 11 | C22: =SUMPRODUCT(--ISNUMBER(ラグ走査_作業!$E$4:$E$17),--ISNUMBER(企業売上!$I$4:$I$17)) -> 11 | D22: =SUMPRODUCT(--ISNUMBER(ラグ走査_作業!$E$4:$E$17),--ISNUMBER(企業売上!$J$4:$J$17)) -> 11 | E22: =SUMPRODUCT(--ISNUMBER(ラグ走査_作業!$E$4:$E$17),--ISNUMBER(企業売上!$K$4:$K$17)) -> 11 | F22: =SUMPRODUCT(--ISNUMBER(ラグ走査_作業!$R$4:$R$17),--ISNUMBER(企業売上!$H$4:$H$17)) -> 11 | G22: =SUMPRODUCT(--ISNUMBER(ラグ走査_作業!$R$4:$R$17),--ISNUMBER(企業売上!$I$4:$I$17)) -> 11 | H22: =SUMPRODUCT(--ISNUMBER(ラグ走査_作業!$R$4:$R$17),--ISNUMBER(企業売上!$J$4:$J$17)) -> 11 | I22: =SUMPRODUCT(--ISNUMBER(ラグ走査_作業!$R$4:$R$17),--ISNUMBER(企業売上!$K$4:$K$17)) -> 11 | J22: =SUMPRODUCT(--ISNUMBER(ラグ走査_作業!$AE$4:$AE$17),--ISNUMBER(企業売上!$H$4:$H$17)) -> 11 | K22: =SUMPRODUCT(--ISNUMBER(ラグ走査_作業!$AE$4:$AE$17),--ISNUMBER(企業売上!$I$4:$I$17)) -> 11 | L22: =SUMPRODUCT(--ISNUMBER(ラグ走査_作業!$AE$4:$AE$17),--ISNUMBER(企業売上!$J$4:$J$17)) -> 11 | M22: =SUMPRODUCT(--ISNUMBER(ラグ走査_作業!$AE$4:$AE$17),--ISNUMBER(企業売上!$K$4:$K$17)) -> 11 | N22: =SUMPRODUCT(--ISNUMBER(ラグ走査_作業!$AR$4:$AR$17),--ISNUMBER(企業売上!$H$4:$H$17)) -> 7 | O22: =SUMPRODUCT(--ISNUMBER(ラグ走査_作業!$AR$4:$AR$17),--ISNUMBER(企業売上!$I$4:$I$17)) -> 7 | P22: =SUMPRODUCT(--ISNUMBER(ラグ走査_作業!$AR$4:$AR$17),--ISNUMBER(企業売上!$J$4:$J$17)) -> 7 | Q22: =SUMPRODUCT(--ISNUMBER(ラグ走査_作業!$AR$4:$AR$17),--ISNUMBER(企業売上!$K$4:$K$17)) -> 7 | R22: =SUMPRODUCT(--ISNUMBER(ラグ走査_作業!$BE$4:$BE$17),--ISNUMBER(企業売上!$H$4:$H$17)) -> 11 | S22: =SUMPRODUCT(--ISNUMBER(ラグ走査_作業!$BE$4:$BE$17),--ISNUMBER(企業売上!$I$4:$I$17)) -> 11 | T22: =SUMPRODUCT(--ISNUMBER(ラグ走査_作業!$BE$4:$BE$17),--ISNUMBER(企業売上!$J$4:$J$17)) -> 11 | U22: =SUMPRODUCT(--ISNUMBER(ラグ走査_作業!$BE$4:$BE$17),--ISNUMBER(企業売上!$K$4:$K$17)) -> 11
A23: -3 | B23: =SUMPRODUCT(--ISNUMBER(ラグ走査_作業!$F$4:$F$17),--ISNUMBER(企業売上!$H$4:$H$17)) -> 12 | C23: =SUMPRODUCT(--ISNUMBER(ラグ走査_作業!$F$4:$F$17),--ISNUMBER(企業売上!$I$4:$I$17)) -> 12 | D23: =SUMPRODUCT(--ISNUMBER(ラグ走査_作業!$F$4:$F$17),--ISNUMBER(企業売上!$J$4:$J$17)) -> 12 | E23: =SUMPRODUCT(--ISNUMBER(ラグ走査_作業!$F$4:$F$17),--ISNUMBER(企業売上!$K$4:$K$17)) -> 12 | F23: =SUMPRODUCT(--ISNUMBER(ラグ走査_作業!$S$4:$S$17),--ISNUMBER(企業売上!$H$4:$H$17)) -> 12 | G23: =SUMPRODUCT(--ISNUMBER(ラグ走査_作業!$S$4:$S$17),--ISNUMBER(企業売上!$I$4:$I$17)) -> 12 | H23: =SUMPRODUCT(--ISNUMBER(ラグ走査_作業!$S$4:$S$17),--ISNUMBER(企業売上!$J$4:$J$17)) -> 12 | I23: =SUMPRODUCT(--ISNUMBER(ラグ走査_作業!$S$4:$S$17),--ISNUMBER(企業売上!$K$4:$K$17)) -> 12 | J23: =SUMPRODUCT(--ISNUMBER(ラグ走査_作業!$AF$4:$AF$17),--ISNUMBER(企業売上!$H$4:$H$17)) -> 12 | K23: =SUMPRODUCT(--ISNUMBER(ラグ走査_作業!$AF$4:$AF$17),--ISNUMBER(企業売上!$I$4:$I$17)) -> 12 | L23: =SUMPRODUCT(--ISNUMBER(ラグ走査_作業!$AF$4:$AF$17),--ISNUMBER(企業売上!$J$4:$J$17)) -> 12 | M23: =SUMPRODUCT(--ISNUMBER(ラグ走査_作業!$AF$4:$AF$17),--ISNUMBER(企業売上!$K$4:$K$17)) -> 12 | N23: =SUMPRODUCT(--ISNUMBER(ラグ走査_作業!$AS$4:$AS$17),--ISNUMBER(企業売上!$H$4:$H$17)) -> 8 | O23: =SUMPRODUCT(--ISNUMBER(ラグ走査_作業!$AS$4:$AS$17),--ISNUMBER(企業売上!$I$4:$I$17)) -> 8 | P23: =SUMPRODUCT(--ISNUMBER(ラグ走査_作業!$AS$4:$AS$17),--ISNUMBER(企業売上!$J$4:$J$17)) -> 8 | Q23: =SUMPRODUCT(--ISNUMBER(ラグ走査_作業!$AS$4:$AS$17),--ISNUMBER(企業売上!$K$4:$K$17)) -> 8 | R23: =SUMPRODUCT(--ISNUMBER(ラグ走査_作業!$BF$4:$BF$17),--ISNUMBER(企業売上!$H$4:$H$17)) -> 12 | S23: =SUMPRODUCT(--ISNUMBER(ラグ走査_作業!$BF$4:$BF$17),--ISNUMBER(企業売上!$I$4:$I$17)) -> 12 | T23: =SUMPRODUCT(--ISNUMBER(ラグ走査_作業!$BF$4:$BF$17),--ISNUMBER(企業売上!$J$4:$J$17)) -> 12 | U23: =SUMPRODUCT(--ISNUMBER(ラグ走査_作業!$BF$4:$BF$17),--ISNUMBER(企業売上!$K$4:$K$17)) -> 12
A24: -2 | B24: =SUMPRODUCT(--ISNUMBER(ラグ走査_作業!$G$4:$G$17),--ISNUMBER(企業売上!$H$4:$H$17)) -> 12 | C24: =SUMPRODUCT(--ISNUMBER(ラグ走査_作業!$G$4:$G$17),--ISNUMBER(企業売上!$I$4:$I$17)) -> 12 | D24: =SUMPRODUCT(--ISNUMBER(ラグ走査_作業!$G$4:$G$17),--ISNUMBER(企業売上!$J$4:$J$17)) -> 12 | E24: =SUMPRODUCT(--ISNUMBER(ラグ走査_作業!$G$4:$G$17),--ISNUMBER(企業売上!$K$4:$K$17)) -> 12 | F24: =SUMPRODUCT(--ISNUMBER(ラグ走査_作業!$T$4:$T$17),--ISNUMBER(企業売上!$H$4:$H$17)) -> 12 | G24: =SUMPRODUCT(--ISNUMBER(ラグ走査_作業!$T$4:$T$17),--ISNUMBER(企業売上!$I$4:$I$17)) -> 12 | H24: =SUMPRODUCT(--ISNUMBER(ラグ走査_作業!$T$4:$T$17),--ISNUMBER(企業売上!$J$4:$J$17)) -> 12 | I24: =SUMPRODUCT(--ISNUMBER(ラグ走査_作業!$T$4:$T$17),--ISNUMBER(企業売上!$K$4:$K$17)) -> 12 | J24: =SUMPRODUCT(--ISNUMBER(ラグ走査_作業!$AG$4:$AG$17),--ISNUMBER(企業売上!$H$4:$H$17)) -> 12 | K24: =SUMPRODUCT(--ISNUMBER(ラグ走査_作業!$AG$4:$AG$17),--ISNUMBER(企業売上!$I$4:$I$17)) -> 12 | L24: =SUMPRODUCT(--ISNUMBER(ラグ走査_作業!$AG$4:$AG$17),--ISNUMBER(企業売上!$J$4:$J$17)) -> 12 | M24: =SUMPRODUCT(--ISNUMBER(ラグ走査_作業!$AG$4:$AG$17),--ISNUMBER(企業売上!$K$4:$K$17)) -> 12 | N24: =SUMPRODUCT(--ISNUMBER(ラグ走査_作業!$AT$4:$AT$17),--ISNUMBER(企業売上!$H$4:$H$17)) -> 7 | O24: =SUMPRODUCT(--ISNUMBER(ラグ走査_作業!$AT$4:$AT$17),--ISNUMBER(企業売上!$I$4:$I$17)) -> 7 | P24: =SUMPRODUCT(--ISNUMBER(ラグ走査_作業!$AT$4:$AT$17),--ISNUMBER(企業売上!$J$4:$J$17)) -> 7 | Q24: =SUMPRODUCT(--ISNUMBER(ラグ走査_作業!$AT$4:$AT$17),--ISNUMBER(企業売上!$K$4:$K$17)) -> 7 | R24: =SUMPRODUCT(--ISNUMBER(ラグ走査_作業!$BG$4:$BG$17),--ISNUMBER(企業売上!$H$4:$H$17)) -> 12 | S24: =SUMPRODUCT(--ISNUMBER(ラグ走査_作業!$BG$4:$BG$17),--ISNUMBER(企業売上!$I$4:$I$17)) -> 12 | T24: =SUMPRODUCT(--ISNUMBER(ラグ走査_作業!$BG$4:$BG$17),--ISNUMBER(企業売上!$J$4:$J$17)) -> 12 | U24: =SUMPRODUCT(--ISNUMBER(ラグ走査_作業!$BG$4:$BG$17),--ISNUMBER(企業売上!$K$4:$K$17)) -> 12
A25: -1 | B25: =SUMPRODUCT(--ISNUMBER(ラグ走査_作業!$H$4:$H$17),--ISNUMBER(企業売上!$H$4:$H$17)) -> 12 | C25: =SUMPRODUCT(--ISNUMBER(ラグ走査_作業!$H$4:$H$17),--ISNUMBER(企業売上!$I$4:$I$17)) -> 12 | D25: =SUMPRODUCT(--ISNUMBER(ラグ走査_作業!$H$4:$H$17),--ISNUMBER(企業売上!$J$4:$J$17)) -> 12 | E25: =SUMPRODUCT(--ISNUMBER(ラグ走査_作業!$H$4:$H$17),--ISNUMBER(企業売上!$K$4:$K$17)) -> 12 | F25: =SUMPRODUCT(--ISNUMBER(ラグ走査_作業!$U$4:$U$17),--ISNUMBER(企業売上!$H$4:$H$17)) -> 12 | G25: =SUMPRODUCT(--ISNUMBER(ラグ走査_作業!$U$4:$U$17),--ISNUMBER(企業売上!$I$4:$I$17)) -> 12 | H25: =SUMPRODUCT(--ISNUMBER(ラグ走査_作業!$U$4:$U$17),--ISNUMBER(企業売上!$J$4:$J$17)) -> 12 | I25: =SUMPRODUCT(--ISNUMBER(ラグ走査_作業!$U$4:$U$17),--ISNUMBER(企業売上!$K$4:$K$17)) -> 12 | J25: =SUMPRODUCT(--ISNUMBER(ラグ走査_作業!$AH$4:$AH$17),--ISNUMBER(企業売上!$H$4:$H$17)) -> 12 | K25: =SUMPRODUCT(--ISNUMBER(ラグ走査_作業!$AH$4:$AH$17),--ISNUMBER(企業売上!$I$4:$I$17)) -> 12 | L25: =SUMPRODUCT(--ISNUMBER(ラグ走査_作業!$AH$4:$AH$17),--ISNUMBER(企業売上!$J$4:$J$17)) -> 12 | M25: =SUMPRODUCT(--ISNUMBER(ラグ走査_作業!$AH$4:$AH$17),--ISNUMBER(企業売上!$K$4:$K$17)) -> 12 | N25: =SUMPRODUCT(--ISNUMBER(ラグ走査_作業!$AU$4:$AU$17),--ISNUMBER(企業売上!$H$4:$H$17)) -> 7 | O25: =SUMPRODUCT(--ISNUMBER(ラグ走査_作業!$AU$4:$AU$17),--ISNUMBER(企業売上!$I$4:$I$17)) -> 7 | P25: =SUMPRODUCT(--ISNUMBER(ラグ走査_作業!$AU$4:$AU$17),--ISNUMBER(企業売上!$J$4:$J$17)) -> 7 | Q25: =SUMPRODUCT(--ISNUMBER(ラグ走査_作業!$AU$4:$AU$17),--ISNUMBER(企業売上!$K$4:$K$17)) -> 7 | R25: =SUMPRODUCT(--ISNUMBER(ラグ走査_作業!$BH$4:$BH$17),--ISNUMBER(企業売上!$H$4:$H$17)) -> 12 | S25: =SUMPRODUCT(--ISNUMBER(ラグ走査_作業!$BH$4:$BH$17),--ISNUMBER(企業売上!$I$4:$I$17)) -> 12 | T25: =SUMPRODUCT(--ISNUMBER(ラグ走査_作業!$BH$4:$BH$17),--ISNUMBER(企業売上!$J$4:$J$17)) -> 12 | U25: =SUMPRODUCT(--ISNUMBER(ラグ走査_作業!$BH$4:$BH$17),--ISNUMBER(企業売上!$K$4:$K$17)) -> 12
A26: 0 | B26: =SUMPRODUCT(--ISNUMBER(ラグ走査_作業!$I$4:$I$17),--ISNUMBER(企業売上!$H$4:$H$17)) -> 13 | C26: =SUMPRODUCT(--ISNUMBER(ラグ走査_作業!$I$4:$I$17),--ISNUMBER(企業売上!$I$4:$I$17)) -> 13 | D26: =SUMPRODUCT(--ISNUMBER(ラグ走査_作業!$I$4:$I$17),--ISNUMBER(企業売上!$J$4:$J$17)) -> 12 | E26: =SUMPRODUCT(--ISNUMBER(ラグ走査_作業!$I$4:$I$17),--ISNUMBER(企業売上!$K$4:$K$17)) -> 12 | F26: =SUMPRODUCT(--ISNUMBER(ラグ走査_作業!$V$4:$V$17),--ISNUMBER(企業売上!$H$4:$H$17)) -> 13 | G26: =SUMPRODUCT(--ISNUMBER(ラグ走査_作業!$V$4:$V$17),--ISNUMBER(企業売上!$I$4:$I$17)) -> 13 | H26: =SUMPRODUCT(--ISNUMBER(ラグ走査_作業!$V$4:$V$17),--ISNUMBER(企業売上!$J$4:$J$17)) -> 12 | I26: =SUMPRODUCT(--ISNUMBER(ラグ走査_作業!$V$4:$V$17),--ISNUMBER(企業売上!$K$4:$K$17)) -> 12 | J26: =SUMPRODUCT(--ISNUMBER(ラグ走査_作業!$AI$4:$AI$17),--ISNUMBER(企業売上!$H$4:$H$17)) -> 13 | K26: =SUMPRODUCT(--ISNUMBER(ラグ走査_作業!$AI$4:$AI$17),--ISNUMBER(企業売上!$I$4:$I$17)) -> 13 | L26: =SUMPRODUCT(--ISNUMBER(ラグ走査_作業!$AI$4:$AI$17),--ISNUMBER(企業売上!$J$4:$J$17)) -> 12 | M26: =SUMPRODUCT(--ISNUMBER(ラグ走査_作業!$AI$4:$AI$17),--ISNUMBER(企業売上!$K$4:$K$17)) -> 12 | N26: =SUMPRODUCT(--ISNUMBER(ラグ走査_作業!$AV$4:$AV$17),--ISNUMBER(企業売上!$H$4:$H$17)) -> 8 | O26: =SUMPRODUCT(--ISNUMBER(ラグ走査_作業!$AV$4:$AV$17),--ISNUMBER(企業売上!$I$4:$I$17)) -> 8 | P26: =SUMPRODUCT(--ISNUMBER(ラグ走査_作業!$AV$4:$AV$17),--ISNUMBER(企業売上!$J$4:$J$17)) -> 7 | Q26: =SUMPRODUCT(--ISNUMBER(ラグ走査_作業!$AV$4:$AV$17),--ISNUMBER(企業売上!$K$4:$K$17)) -> 7 | R26: =SUMPRODUCT(--ISNUMBER(ラグ走査_作業!$BI$4:$BI$17),--ISNUMBER(企業売上!$H$4:$H$17)) -> 13 | S26: =SUMPRODUCT(--ISNUMBER(ラグ走査_作業!$BI$4:$BI$17),--ISNUMBER(企業売上!$I$4:$I$17)) -> 13 | T26: =SUMPRODUCT(--ISNUMBER(ラグ走査_作業!$BI$4:$BI$17),--ISNUMBER(企業売上!$J$4:$J$17)) -> 12 | U26: =SUMPRODUCT(--ISNUMBER(ラグ走査_作業!$BI$4:$BI$17),--ISNUMBER(企業売上!$K$4:$K$17)) -> 12
A27: 1 | B27: =SUMPRODUCT(--ISNUMBER(ラグ走査_作業!$J$4:$J$17),--ISNUMBER(企業売上!$H$4:$H$17)) -> 13 | C27: =SUMPRODUCT(--ISNUMBER(ラグ走査_作業!$J$4:$J$17),--ISNUMBER(企業売上!$I$4:$I$17)) -> 13 | D27: =SUMPRODUCT(--ISNUMBER(ラグ走査_作業!$J$4:$J$17),--ISNUMBER(企業売上!$J$4:$J$17)) -> 12 | E27: =SUMPRODUCT(--ISNUMBER(ラグ走査_作業!$J$4:$J$17),--ISNUMBER(企業売上!$K$4:$K$17)) -> 12 | F27: =SUMPRODUCT(--ISNUMBER(ラグ走査_作業!$W$4:$W$17),--ISNUMBER(企業売上!$H$4:$H$17)) -> 13 | G27: =SUMPRODUCT(--ISNUMBER(ラグ走査_作業!$W$4:$W$17),--ISNUMBER(企業売上!$I$4:$I$17)) -> 13 | H27: =SUMPRODUCT(--ISNUMBER(ラグ走査_作業!$W$4:$W$17),--ISNUMBER(企業売上!$J$4:$J$17)) -> 12 | I27: =SUMPRODUCT(--ISNUMBER(ラグ走査_作業!$W$4:$W$17),--ISNUMBER(企業売上!$K$4:$K$17)) -> 12 | J27: =SUMPRODUCT(--ISNUMBER(ラグ走査_作業!$AJ$4:$AJ$17),--ISNUMBER(企業売上!$H$4:$H$17)) -> 13 | K27: =SUMPRODUCT(--ISNUMBER(ラグ走査_作業!$AJ$4:$AJ$17),--ISNUMBER(企業売上!$I$4:$I$17)) -> 13 | L27: =SUMPRODUCT(--ISNUMBER(ラグ走査_作業!$AJ$4:$AJ$17),--ISNUMBER(企業売上!$J$4:$J$17)) -> 12 | M27: =SUMPRODUCT(--ISNUMBER(ラグ走査_作業!$AJ$4:$AJ$17),--ISNUMBER(企業売上!$K$4:$K$17)) -> 12 | N27: =SUMPRODUCT(--ISNUMBER(ラグ走査_作業!$AW$4:$AW$17),--ISNUMBER(企業売上!$H$4:$H$17)) -> 7 | O27: =SUMPRODUCT(--ISNUMBER(ラグ走査_作業!$AW$4:$AW$17),--ISNUMBER(企業売上!$I$4:$I$17)) -> 7 | P27: =SUMPRODUCT(--ISNUMBER(ラグ走査_作業!$AW$4:$AW$17),--ISNUMBER(企業売上!$J$4:$J$17)) -> 7 | Q27: =SUMPRODUCT(--ISNUMBER(ラグ走査_作業!$AW$4:$AW$17),--ISNUMBER(企業売上!$K$4:$K$17)) -> 7 | R27: =SUMPRODUCT(--ISNUMBER(ラグ走査_作業!$BJ$4:$BJ$17),--ISNUMBER(企業売上!$H$4:$H$17)) -> 13 | S27: =SUMPRODUCT(--ISNUMBER(ラグ走査_作業!$BJ$4:$BJ$17),--ISNUMBER(企業売上!$I$4:$I$17)) -> 13 | T27: =SUMPRODUCT(--ISNUMBER(ラグ走査_作業!$BJ$4:$BJ$17),--ISNUMBER(企業売上!$J$4:$J$17)) -> 12 | U27: =SUMPRODUCT(--ISNUMBER(ラグ走査_作業!$BJ$4:$BJ$17),--ISNUMBER(企業売上!$K$4:$K$17)) -> 12
A28: 2 | B28: =SUMPRODUCT(--ISNUMBER(ラグ走査_作業!$K$4:$K$17),--ISNUMBER(企業売上!$H$4:$H$17)) -> 13 | C28: =SUMPRODUCT(--ISNUMBER(ラグ走査_作業!$K$4:$K$17),--ISNUMBER(企業売上!$I$4:$I$17)) -> 13 | D28: =SUMPRODUCT(--ISNUMBER(ラグ走査_作業!$K$4:$K$17),--ISNUMBER(企業売上!$J$4:$J$17)) -> 12 | E28: =SUMPRODUCT(--ISNUMBER(ラグ走査_作業!$K$4:$K$17),--ISNUMBER(企業売上!$K$4:$K$17)) -> 12 | F28: =SUMPRODUCT(--ISNUMBER(ラグ走査_作業!$X$4:$X$17),--ISNUMBER(企業売上!$H$4:$H$17)) -> 13 | G28: =SUMPRODUCT(--ISNUMBER(ラグ走査_作業!$X$4:$X$17),--ISNUMBER(企業売上!$I$4:$I$17)) -> 13 | H28: =SUMPRODUCT(--ISNUMBER(ラグ走査_作業!$X$4:$X$17),--ISNUMBER(企業売上!$J$4:$J$17)) -> 12 | I28: =SUMPRODUCT(--ISNUMBER(ラグ走査_作業!$X$4:$X$17),--ISNUMBER(企業売上!$K$4:$K$17)) -> 12 | J28: =SUMPRODUCT(--ISNUMBER(ラグ走査_作業!$AK$4:$AK$17),--ISNUMBER(企業売上!$H$4:$H$17)) -> 12 | K28: =SUMPRODUCT(--ISNUMBER(ラグ走査_作業!$AK$4:$AK$17),--ISNUMBER(企業売上!$I$4:$I$17)) -> 12 | L28: =SUMPRODUCT(--ISNUMBER(ラグ走査_作業!$AK$4:$AK$17),--ISNUMBER(企業売上!$J$4:$J$17)) -> 11 | M28: =SUMPRODUCT(--ISNUMBER(ラグ走査_作業!$AK$4:$AK$17),--ISNUMBER(企業売上!$K$4:$K$17)) -> 11 | N28: =SUMPRODUCT(--ISNUMBER(ラグ走査_作業!$AX$4:$AX$17),--ISNUMBER(企業売上!$H$4:$H$17)) -> 7 | O28: =SUMPRODUCT(--ISNUMBER(ラグ走査_作業!$AX$4:$AX$17),--ISNUMBER(企業売上!$I$4:$I$17)) -> 7 | P28: =SUMPRODUCT(--ISNUMBER(ラグ走査_作業!$AX$4:$AX$17),--ISNUMBER(企業売上!$J$4:$J$17)) -> 7 | Q28: =SUMPRODUCT(--ISNUMBER(ラグ走査_作業!$AX$4:$AX$17),--ISNUMBER(企業売上!$K$4:$K$17)) -> 7 | R28: =SUMPRODUCT(--ISNUMBER(ラグ走査_作業!$BK$4:$BK$17),--ISNUMBER(企業売上!$H$4:$H$17)) -> 12 | S28: =SUMPRODUCT(--ISNUMBER(ラグ走査_作業!$BK$4:$BK$17),--ISNUMBER(企業売上!$I$4:$I$17)) -> 12 | T28: =SUMPRODUCT(--ISNUMBER(ラグ走査_作業!$BK$4:$BK$17),--ISNUMBER(企業売上!$J$4:$J$17)) -> 11 | U28: =SUMPRODUCT(--ISNUMBER(ラグ走査_作業!$BK$4:$BK$17),--ISNUMBER(企業売上!$K$4:$K$17)) -> 11
A29: 3 | B29: =SUMPRODUCT(--ISNUMBER(ラグ走査_作業!$L$4:$L$17),--ISNUMBER(企業売上!$H$4:$H$17)) -> 12 | C29: =SUMPRODUCT(--ISNUMBER(ラグ走査_作業!$L$4:$L$17),--ISNUMBER(企業売上!$I$4:$I$17)) -> 12 | D29: =SUMPRODUCT(--ISNUMBER(ラグ走査_作業!$L$4:$L$17),--ISNUMBER(企業売上!$J$4:$J$17)) -> 11 | E29: =SUMPRODUCT(--ISNUMBER(ラグ走査_作業!$L$4:$L$17),--ISNUMBER(企業売上!$K$4:$K$17)) -> 11 | F29: =SUMPRODUCT(--ISNUMBER(ラグ走査_作業!$Y$4:$Y$17),--ISNUMBER(企業売上!$H$4:$H$17)) -> 12 | G29: =SUMPRODUCT(--ISNUMBER(ラグ走査_作業!$Y$4:$Y$17),--ISNUMBER(企業売上!$I$4:$I$17)) -> 12 | H29: =SUMPRODUCT(--ISNUMBER(ラグ走査_作業!$Y$4:$Y$17),--ISNUMBER(企業売上!$J$4:$J$17)) -> 11 | I29: =SUMPRODUCT(--ISNUMBER(ラグ走査_作業!$Y$4:$Y$17),--ISNUMBER(企業売上!$K$4:$K$17)) -> 11 | J29: =SUMPRODUCT(--ISNUMBER(ラグ走査_作業!$AL$4:$AL$17),--ISNUMBER(企業売上!$H$4:$H$17)) -> 12 | K29: =SUMPRODUCT(--ISNUMBER(ラグ走査_作業!$AL$4:$AL$17),--ISNUMBER(企業売上!$I$4:$I$17)) -> 12 | L29: =SUMPRODUCT(--ISNUMBER(ラグ走査_作業!$AL$4:$AL$17),--ISNUMBER(企業売上!$J$4:$J$17)) -> 11 | M29: =SUMPRODUCT(--ISNUMBER(ラグ走査_作業!$AL$4:$AL$17),--ISNUMBER(企業売上!$K$4:$K$17)) -> 11 | N29: =SUMPRODUCT(--ISNUMBER(ラグ走査_作業!$AY$4:$AY$17),--ISNUMBER(企業売上!$H$4:$H$17)) -> 7 | O29: =SUMPRODUCT(--ISNUMBER(ラグ走査_作業!$AY$4:$AY$17),--ISNUMBER(企業売上!$I$4:$I$17)) -> 7 | P29: =SUMPRODUCT(--ISNUMBER(ラグ走査_作業!$AY$4:$AY$17),--ISNUMBER(企業売上!$J$4:$J$17)) -> 7 | Q29: =SUMPRODUCT(--ISNUMBER(ラグ走査_作業!$AY$4:$AY$17),--ISNUMBER(企業売上!$K$4:$K$17)) -> 7 | R29: =SUMPRODUCT(--ISNUMBER(ラグ走査_作業!$BL$4:$BL$17),--ISNUMBER(企業売上!$H$4:$H$17)) -> 12 | S29: =SUMPRODUCT(--ISNUMBER(ラグ走査_作業!$BL$4:$BL$17),--ISNUMBER(企業売上!$I$4:$I$17)) -> 12 | T29: =SUMPRODUCT(--ISNUMBER(ラグ走査_作業!$BL$4:$BL$17),--ISNUMBER(企業売上!$J$4:$J$17)) -> 11 | U29: =SUMPRODUCT(--ISNUMBER(ラグ走査_作業!$BL$4:$BL$17),--ISNUMBER(企業売上!$K$4:$K$17)) -> 11
