Workbook

Sheet 概要
A1: 目的 | B1: TEL（東京エレクトロン）の四半期売上を、地域別に2016年1月〜2026年6月（42四半期）まで延ばし、日本側輸出統計との照合に使う。
A2: 単位・期間 | B2: 億円。暦四半期（TELは3月決算のため、決算四半期の末と一致）。
A3: 定義の変化 | B3: 2016Q1〜2023Q1は半導体製造装置（SPE）部門のみの地域別売上。2023Q2以降は全社（FPD等を含む）の地域別売上。境界でFPD分（約3%）の水準差がある。
A4: 取得方法 | B4: TEL IRサイトの決算説明資料（PDF）を、読み取りツールで文字起こしした。読み取りが不安定なため、年合計の検算と、複数資料での一致確認を通ったセルだけを採用した。
A5: 検算結果 | B5: SPE部門の地域別四半期合計は、FY2017〜FY2022の各年でSPE年間売上と差0.2%以内（『年次検算』シート）。
A6: 採用しなかったもの | B6: FY2015〜FY2016の旧資料（資料間で値が矛盾）、FY2018・FY2020の四半期全社売上（誤読を確認）、フィールドソリューション・用途別の長期系列（資料間で矛盾）。『未取得・要確認』シート参照。
A7: より確実な取得方法 | B7: データブック2026（Excel）に長期の四半期データがある可能性が高い。このセッションからは読めないため、ファイルを添付いただければ正確に取り込み、本台帳を置き換える。
A8: シート | B8: 地域別四半期 / 年次検算 / 直近の新規装置・FS / 出典 / 未取得・要確認

Sheet グラフ
A1: TEL地域別売上のグラフ（億円/四半期）。2023Q2から全社（FPD含む）のため、境界で約3%の水準差がある。

Sheet 地域別四半期
A1: 青字＝資料から転記した入力値、黒字＝数式。差額は2023Q1以前ではFPD等の相当額。
A2: 暦四半期 | B2: 決算期 | C2: 区分 | D2: 日本 | E2: 北米 | F2: 欧州 | G2: 韓国 | H2: 台湾 | I2: 中国 | J2: 東南アジア・その他 | K2: 地域合計 | L2: 海外（合計－日本） | M2: 報告売上高（全社） | N2: 差額（報告－地域合計） | O2: 検証状況 | P2: 出典資料
A3: 2016Q1 | B3: FY16/3 4Q | C3: SPE部門のみ | D3: 264 | E3: 197 | F3: 95 | G3: 309 | H3: 425 | I3: 152 | J3: 50 | K3: =SUM(D3:J3) -> 1492 | L3: =K3-D3 -> 1228 | M3: 1642 | N3: =IF(M3="","",M3-K3) -> 150 | O3: 2資料で一致（FY17・FY18の資料） | P3: D17
A4: 2016Q2 | B4: FY17/3 1Q | C4: SPE部門のみ | D4: 178 | E4: 170 | F4: 52 | G4: 198 | H4: 305 | I4: 300 | J4: 103 | K4: =SUM(D4:J4) -> 1306 | L4: =K4-D4 -> 1128 | M4: 1479 | N4: =IF(M4="","",M4-K4) -> 173 | O4: 2資料で一致＋年合計検算 | P4: D17
A5: 2016Q3 | B5: FY17/3 2Q | C5: SPE部門のみ | D5: 264 | E5: 344 | F5: 66 | G5: 290 | H5: 582 | I5: 240 | J5: 173 | K5: =SUM(D5:J5) -> 1959 | L5: =K5-D5 -> 1695 | M5: 2047 | N5: =IF(M5="","",M5-K5) -> 88 | O5: 2資料で一致＋年合計検算 | P5: D17
A6: 2016Q4 | B6: FY17/3 3Q | C6: SPE部門のみ | D6: 203 | E6: 246 | F6: 150 | G6: 333 | H6: 623 | I6: 137 | J6: 98 | K6: =SUM(D6:J6) -> 1790 | L6: =K6-D6 -> 1587 | M6: 1863 | N6: =IF(M6="","",M6-K6) -> 73 | O6: 2資料で一致＋年合計検算 | P6: D17
A7: 2017Q1 | B7: FY17/3 4Q | C7: SPE部門のみ | D7: 266 | E7: 254 | F7: 329 | G7: 555 | H7: 747 | I7: 227 | J7: 53 | K7: =SUM(D7:J7) -> 2431 | L7: =K7-D7 -> 2165 | M7: 2606 | N7: =IF(M7="","",M7-K7) -> 175 | O7: 2資料で一致＋年合計検算 | P7: D17
A8: 2017Q2 | B8: FY18/3 1Q | C8: SPE部門のみ | D8: 267 | E8: 240 | F8: 253 | G8: 683 | H8: 458 | I8: 267 | J8: 46 | K8: =SUM(D8:J8) -> 2214 | L8: =K8-D8 -> 1947 | N8: =IF(M8="","",M8-K8) | O8: 年合計検算 | P8: D18
A9: 2017Q3 | B9: FY18/3 2Q | C9: SPE部門のみ | D9: 384 | E9: 320 | F9: 269 | G9: 1017 | H9: 366 | I9: 230 | J9: 67 | K9: =SUM(D9:J9) -> 2653 | L9: =K9-D9 -> 2269 | N9: =IF(M9="","",M9-K9) | O9: 年合計検算 | P9: D18
A10: 2017Q4 | B10: FY18/3 3Q | C10: SPE部門のみ | D10: 351 | E10: 291 | F10: 196 | G10: 794 | H10: 421 | I10: 226 | J10: 132 | K10: =SUM(D10:J10) -> 2411 | L10: =K10-D10 -> 2060 | N10: =IF(M10="","",M10-K10) | O10: 年合計検算 | P10: D18
A11: 2018Q1 | B11: FY18/3 4Q | C11: SPE部門のみ | D11: 451 | E11: 339 | F11: 250 | G11: 1223 | H11: 443 | I11: 318 | J11: 234 | K11: =SUM(D11:J11) -> 3258 | L11: =K11-D11 -> 2807 | N11: =IF(M11="","",M11-K11) | O11: 年合計検算＋2資料で一致 | P11: D18
A12: 2018Q2 | B12: FY19/3 1Q | C12: SPE部門のみ | D12: 511 | E12: 284 | F12: 177 | G12: 889 | H12: 263 | I12: 549 | J12: 127 | K12: =SUM(D12:J12) -> 2800 | L12: =K12-D12 -> 2289 | M12: 2955 | N12: =IF(M12="","",M12-K12) -> 155 | O12: 2資料で一致＋年合計検算 | P12: D20
A13: 2018Q3 | B13: FY19/3 2Q | C13: SPE部門のみ | D13: 580 | E13: 459 | F13: 313 | G13: 865 | H13: 480 | I13: 713 | J13: 168 | K13: =SUM(D13:J13) -> 3578 | L13: =K13-D13 -> 2998 | M13: 3954 | N13: =IF(M13="","",M13-K13) -> 376 | O13: 2資料で一致＋年合計検算 | P13: D20
A14: 2018Q4 | B14: FY19/3 3Q | C14: SPE部門のみ | D14: 540 | E14: 227 | F14: 186 | G14: 609 | H14: 293 | I14: 380 | J14: 156 | K14: =SUM(D14:J14) -> 2391 | L14: =K14-D14 -> 1851 | M14: 2681 | N14: =IF(M14="","",M14-K14) -> 290 | O14: 2資料で一致＋年合計検算 | P14: D20
A15: 2019Q1 | B15: FY19/3 4Q | C15: SPE部門のみ | D15: 427 | E15: 347 | F15: 253 | G15: 689 | H15: 591 | I15: 425 | J15: 152 | K15: =SUM(D15:J15) -> 2884 | L15: =K15-D15 -> 2457 | M15: 3190 | N15: =IF(M15="","",M15-K15) -> 306 | O15: 2資料で一致＋年合計検算 | P15: D20
A16: 2019Q2 | B16: FY20/3 1Q | C16: SPE部門のみ | D16: 325 | E16: 285 | F16: 202 | G16: 369 | H16: 483 | I16: 270 | J16: 44 | K16: =SUM(D16:J16) -> 1978 | L16: =K16-D16 -> 1653 | N16: =IF(M16="","",M16-K16) | O16: 年合計検算 | P16: D20
A17: 2019Q3 | B17: FY20/3 2Q | C17: SPE部門のみ | D17: 410 | E17: 588 | F17: 144 | G17: 364 | H17: 487 | I17: 568 | J17: 155 | K17: =SUM(D17:J17) -> 2716 | L17: =K17-D17 -> 2306 | N17: =IF(M17="","",M17-K17) | O17: 年合計検算 | P17: D20
A18: 2019Q4 | B18: FY20/3 3Q | C18: SPE部門のみ | D18: 359 | E18: 610 | F18: 108 | G18: 310 | H18: 762 | I18: 591 | J18: 77 | K18: =SUM(D18:J18) -> 2817 | L18: =K18-D18 -> 2458 | N18: =IF(M18="","",M18-K18) | O18: 年合計検算 | P18: D20
A19: 2020Q1 | B19: FY20/3 4Q | C19: SPE部門のみ | D19: 496 | E19: 572 | F19: 133 | G19: 471 | H19: 831 | I19: 506 | J19: 77 | K19: =SUM(D19:J19) -> 3086 | L19: =K19-D19 -> 2590 | N19: =IF(M19="","",M19-K19) | O19: 年合計検算＋2資料で一致 | P19: D20
A20: 2020Q2 | B20: FY21/3 1Q | C20: SPE部門のみ | D20: 491 | E20: 423 | F20: 157 | G20: 670 | H20: 509 | I20: 739 | J20: 46 | K20: =SUM(D20:J20) -> 3035 | L20: =K20-D20 -> 2544 | M20: 3148 | N20: =IF(M20="","",M20-K20) -> 113 | O20: 年合計検算 | P20: D21
A21: 2020Q3 | B21: FY21/3 2Q | C21: SPE部門のみ | D21: 568 | E21: 440 | F21: 163 | G21: 721 | H21: 539 | I21: 791 | J21: 92 | K21: =SUM(D21:J21) -> 3314 | L21: =K21-D21 -> 2746 | M21: 3533 | N21: =IF(M21="","",M21-K21) -> 219 | O21: 年合計検算 | P21: D21
A22: 2020Q4 | B22: FY21/3 3Q | C22: SPE部門のみ | D22: 361 | E22: 345 | F22: 127 | G22: 393 | H22: 525 | I22: 705 | J22: 184 | K22: =SUM(D22:J22) -> 2640 | L22: =K22-D22 -> 2279 | M22: 2917 | N22: =IF(M22="","",M22-K22) -> 277 | O22: 年合計検算 | P22: D21
A23: 2021Q1 | B23: FY21/3 4Q | C23: SPE部門のみ | D23: 536 | E23: 312 | F23: 186 | G23: 1014 | H23: 882 | I23: 1022 | J23: 200 | K23: =SUM(D23:J23) -> 4152 | L23: =K23-D23 -> 3616 | M23: 4392 | N23: =IF(M23="","",M23-K23) -> 240 | O23: 年合計検算＋2資料で一致 | P23: D21
A24: 2021Q2 | B24: FY22/3 1Q | C24: SPE部門のみ | D24: 548 | E24: 439 | F24: 134 | G24: 953 | H24: 628 | I24: 1536 | J24: 138 | K24: =SUM(D24:J24) -> 4376 | L24: =K24-D24 -> 3828 | M24: 4520 | N24: =IF(M24="","",M24-K24) -> 144 | O24: 2資料で一致＋年合計検算 | P24: D22
A25: 2021Q3 | B25: FY22/3 2Q | C25: SPE部門のみ | D25: 539 | E25: 618 | F25: 203 | G25: 935 | H25: 1025 | I25: 1088 | J25: 267 | K25: =SUM(D25:J25) -> 4675 | L25: =K25-D25 -> 4136 | M25: 4804 | N25: =IF(M25="","",M25-K25) -> 129 | O25: 2資料で一致＋年合計検算 | P25: D22
A26: 2021Q4 | B26: FY22/3 3Q | C26: SPE部門のみ | D26: 631 | E26: 768 | F26: 170 | G26: 930 | H26: 874 | I26: 1322 | J26: 189 | K26: =SUM(D26:J26) -> 4884 | L26: =K26-D26 -> 4253 | M26: 5064 | N26: =IF(M26="","",M26-K26) -> 180 | O26: 2資料で一致＋年合計検算 | P26: D22
A27: 2022Q1 | B27: FY22/3 4Q | C27: SPE部門のみ | D27: 569 | E27: 853 | F27: 571 | G27: 959 | H27: 1063 | I27: 1188 | J27: 287 | K27: =SUM(D27:J27) -> 5490 | L27: =K27-D27 -> 4921 | M27: 5648 | N27: =IF(M27="","",M27-K27) -> 158 | O27: 2資料で一致＋年合計検算 | P27: D22
A28: 2022Q2 | B28: FY23/3 1Q | C28: SPE部門のみ | D28: 420 | E28: 673 | F28: 565 | G28: 851 | H28: 968 | I28: 940 | J28: 220 | K28: =SUM(D28:J28) -> 4637 | L28: =K28-D28 -> 4217 | M28: 4736 | N28: =IF(M28="","",M28-K28) -> 99 | O28: 単独読取（年合計は総売上との差で整合を確認） | P28: D23
A29: 2022Q3 | B29: FY23/3 2Q | C29: SPE部門のみ | D29: 905 | E29: 1083 | F29: 509 | G29: 842 | H29: 1338 | I29: 1686 | J29: 525 | K29: =SUM(D29:J29) -> 6888 | L29: =K29-D29 -> 5983 | M29: 7092 | N29: =IF(M29="","",M29-K29) -> 204 | O29: 単独読取（年合計は総売上との差で整合を確認） | P29: D23
A30: 2022Q4 | B30: FY23/3 3Q | C30: SPE部門のみ | D30: 482 | E30: 584 | F30: 426 | G30: 754 | H30: 1101 | I30: 1027 | J30: 211 | K30: =SUM(D30:J30) -> 4585 | L30: =K30-D30 -> 4103 | M30: 4678 | N30: =IF(M30="","",M30-K30) -> 93 | O30: 単独読取（年合計は総売上との差で整合を確認） | P30: D23
A31: 2023Q1 | B31: FY23/3 4Q | C31: SPE部門のみ | D31: 576 | E31: 1102 | F31: 341 | G31: 1047 | H31: 794 | I31: 1312 | J31: 258 | K31: =SUM(D31:J31) -> 5430 | L31: =K31-D31 -> 4854 | M31: 5582 | N31: =IF(M31="","",M31-K31) -> 152 | O31: 単独読取（年合計は総売上との差で整合を確認） | P31: D23
... A44: 2026Q2 | B44: FY27/3 1Q | C44: 全社 | D44: 646 | E44: 590 | F44: 242 | G44: 1524 | H44: 1861 | I44: 2229 | J44: 229 | K44: =SUM(D44:J44) -> 7321 | L44: =K44-D44 -> 6675 | M44: 7323 | N44: =IF(M44="","",M44-K44) -> 2 | O44: 既存ファイル（決算説明会資料の転記）と一致 | P44: D27

Sheet 年次検算
A1: SPE部門の地域別四半期合計（4四半期）と、決算説明資料に載るSPE年間売上の照合。年間売上は資料から転記（青字）。
A2: 決算年度 | B2: 対象四半期 | C2: 地域合計（4四半期） | D2: SPE年間売上（資料） | E2: 差 | F2: 差率 | G2: 出典
A3: FY2017/3 | B3: 2016Q2〜2017Q1 | C3: =SUM(地域別四半期!K4:K7) -> 7486 | D3: 7498 | E3: =C3-D3 -> -12 | F3: =E3/D3 -> -0.0016004268 | G3: D17
A4: FY2018/3 | B4: 2017Q2〜2018Q1 | C4: =SUM(地域別四半期!K8:K11) -> 10536 | D4: 10552 | E4: =C4-D4 -> -16 | F4: =E4/D4 -> -0.0015163002 | G4: D18
A5: FY2019/3 | B5: 2018Q2〜2019Q1 | C5: =SUM(地域別四半期!K12:K15) -> 11653 | D5: 11667 | E5: =C5-D5 -> -14 | F5: =E5/D5 -> -0.0011999657 | G5: D20
A6: FY2020/3 | B6: 2019Q2〜2020Q1 | C6: =SUM(地域別四半期!K16:K19) -> 10597 | D6: 10609 | E6: =C6-D6 -> -12 | F6: =E6/D6 -> -0.0011311151 | G6: D20
A7: FY2021/3 | B7: 2020Q2〜2021Q1 | C7: =SUM(地域別四半期!K20:K23) -> 13141 | D7: 13152 | E7: =C7-D7 -> -11 | F7: =E7/D7 -> -0.0008363747 | G7: D21
A8: FY2022/3 | B8: 2021Q2〜2022Q1 | C8: =SUM(地域別四半期!K24:K27) -> 19425 | D8: 19438 | E8: =C8-D8 -> -13 | F8: =E8/D8 -> -0.00066879309 | G8: D22
A10: FY2023/3 | B10: 2022Q2〜2023Q1 | C10: =SUM(地域別四半期!K28:K31) -> 21540 | D10: 22090 | E10: =D10-C10 -> 550 | F10: 連結売上高との差（FPD相当） | G10: 連結売上高2,209,025百万円（決算短信）。SPE年間売上は未取得のため、連結との差550億円がFPD相当として妥当かを確認

Sheet 直近の新規装置・FS
A1: FY2027 Q1決算説明資料から転記（FY2025 Q1〜FY2027 Q1）。単独の読み取り。パーツ・サービス＋中古・改造＝FS合計は一致を確認（検算列）。
A2: 暦四半期 | B2: SPE新規装置 | C2: DRAM比率 | D2: 不揮発性メモリ比率 | E2: 非メモリ比率 | F2: パーツ・サービス | G2: 中古・改造 | H2: FS合計（資料） | I2: FS検算（差） | J2: 新規＋FS | K2: 報告売上高 | L2: 差（FPD等）
A3: 2024Q2 | B3: 4315 | C3: 0.72 | D3: 0.02 | E3: 0.26 | F3: 930 | G3: 250 | H3: 1181 | I3: =F3+G3-H3 -> -1 | J3: =B3+H3 -> 5496 | K3: =INDEX(地域別四半期!$M$3:$M$44,MATCH(A3,地域別四半期!$A$3:$A$44,0)) -> 5550 | L3: =K3-J3 -> 54
A4: 2024Q3 | B4: 4150 | C4: 0.71 | D4: 0.03 | E4: 0.26 | F4: 966 | G4: 429 | H4: 1395 | I4: =F4+G4-H4 -> 0 | J4: =B4+H4 -> 5545 | K4: =INDEX(地域別四半期!$M$3:$M$44,MATCH(A4,地域別四半期!$A$3:$A$44,0)) -> 5665 | L4: =K4-J4 -> 120
A5: 2024Q4 | B5: 5106 | C5: 0.57 | D5: 0.08 | E5: 0.35 | F5: 1026 | G5: 389 | H5: 1415 | I5: =F5+G5-H5 -> 0 | J5: =B5+H5 -> 6521 | K5: =INDEX(地域別四半期!$M$3:$M$44,MATCH(A5,地域別四半期!$A$3:$A$44,0)) -> 6545 | L5: =K5-J5 -> 24
A6: 2025Q1 | B6: 5039 | C6: 0.51 | D6: 0.12 | E6: 0.37 | F6: 968 | G6: 421 | H6: 1389 | I6: =F6+G6-H6 -> 0 | J6: =B6+H6 -> 6428 | K6: =INDEX(地域別四半期!$M$3:$M$44,MATCH(A6,地域別四半期!$A$3:$A$44,0)) -> 6554 | L6: =K6-J6 -> 126
A7: 2025Q2 | B7: 3950 | C7: 0.64 | D7: 0.1 | E7: 0.26 | F7: 987 | G7: 425 | H7: 1412 | I7: =F7+G7-H7 -> 0 | J7: =B7+H7 -> 5362 | K7: =INDEX(地域別四半期!$M$3:$M$44,MATCH(A7,地域別四半期!$A$3:$A$44,0)) -> 5495 | L7: =K7-J7 -> 133
A8: 2025Q3 | B8: 4550 | C8: 0.59 | D8: 0.14 | E8: 0.27 | F8: 1021 | G8: 582 | H8: 1603 | I8: =F8+G8-H8 -> 0 | J8: =B8+H8 -> 6153 | K8: =INDEX(地域別四半期!$M$3:$M$44,MATCH(A8,地域別四半期!$A$3:$A$44,0)) -> 6300 | L8: =K8-J8 -> 147
A9: 2025Q4 | B9: 3851 | C9: 0.56 | D9: 0.08 | E9: 0.36 | F9: 1157 | G9: 458 | H9: 1616 | I9: =F9+G9-H9 -> -1 | J9: =B9+H9 -> 5467 | K9: =INDEX(地域別四半期!$M$3:$M$44,MATCH(A9,地域別四半期!$A$3:$A$44,0)) -> 5520 | L9: =K9-J9 -> 53
A10: 2026Q1 | B10: 5401 | C10: 0.58 | D10: 0.08 | E10: 0.34 | F10: 1194 | G10: 434 | H10: 1628 | I10: =F10+G10-H10 -> 0 | J10: =B10+H10 -> 7029 | K10: =INDEX(地域別四半期!$M$3:$M$44,MATCH(A10,地域別四半期!$A$3:$A$44,0)) -> 7118 | L10: =K10-J10 -> 89
A11: 2026Q2 | B11: 5313 | C11: 0.57 | D11: 0.11 | E11: 0.32 | F11: 1357 | G11: 523 | H11: 1880 | I11: =F11+G11-H11 -> 0 | J11: =B11+H11 -> 7193 | K11: =INDEX(地域別四半期!$M$3:$M$44,MATCH(A11,地域別四半期!$A$3:$A$44,0)) -> 7323 | L11: =K11-J11 -> 130
A13: 注：比率は丸め済みのため、構成比×新規装置の金額は概算。差（FPD等）がプラスで小さいことを検算の目安とした。

Sheet 出典
A1: コード | B1: 資料 | C1: 掲載期間（暦四半期） | D1: URL
A2: D17 | B2: FY2017/3 Q4 決算説明会資料（2017/4/28） | C2: 2016Q1〜2017Q1 | D2: https://www.tel.co.jp/ir/library/report/hq95qj0000002sqj-att/2017fy54q4presentations-j.pdf
A3: D18 | B3: FY2018/3 Q4 決算説明会資料（2018/4/25） | C3: 2016Q1〜2018Q1 | D3: https://www.tel.co.jp/ir/library/report/hq95qj0000002sbb-att/fy55q4presentations-j.pdf
A4: D19 | B4: FY2019/3 Q4 決算説明会資料（2019/4/26） | C4: 2018Q1〜2019Q1 | D4: https://www.tel.co.jp/ir/library/report/hq95qj0000002rw3-att/fy56q4presentations-j.pdf
A5: D20 | B5: FY2020/3 Q4 決算説明会資料（2020/4/30） | C5: 2018Q1〜2020Q1 | D5: https://www.tel.co.jp/ir/library/report/hq95qj0000002rgv-att/fy57Q4_presentations_j.pdf
A6: D21 | B6: FY2021/3 Q4 決算説明会資料（2021/4/30） | C6: 2019Q1〜2021Q1 | D6: https://www.tel.co.jp/ir/library/report/hq95qj0000000puk-att/fy58q4presentations-j.pdf
A7: D22 | B7: FY2022/3 Q4 決算説明会資料（2022/5/12） | C7: 2021Q1〜2022Q1 | D7: https://www.tel.co.jp/ir/library/report/hq95qj00000007nc-att/fy22q4presentations-j.pdf
A8: D23 | B8: FY2023/3 Q4 決算説明会資料（2023/5/11） | C8: 2021Q1〜2023Q1 | D8: https://www.tel.co.jp/ir/library/report/sjfrqq000000008t-att/fy23q4presentations-j.pdf
A9: D24 | B9: FY2024/3 Q4 決算説明会資料（2024/5/10） | C9: 2023Q2〜2024Q1 | D9: https://www.tel.co.jp/ir/library/report/j8ht1m00000000pg-att/fy24q4presentations-j.pdf
A10: D27 | B10: FY2027/3 Q1 決算説明会資料（2026/7/30） | C10: 2024Q2〜2026Q2 | D10: https://www.tel.co.jp/ir/library/report/negqvb0000000eqw-att/fy27q1presentations-j.pdf
A11: 決算短信 | B11: FY2023/3 Q4 決算短信（連結売上高の確認） | C11: FY2023/3 | D11: https://www.tel.co.jp/ir/library/report/sjfrqq000000008t-att/fy23q4tanshin-j.pdf
A12: データブック | B12: データブック2026（Excel。未読） | C12: 長期（未確認） | D12: https://www.tel.co.jp/ir/library/db/negqvb0000000ey6-att/db2026.xlsx
A13: データブック | B13: データブック2025（Excel。未読） | C13: 長期（未確認） | D13: https://www.tel.co.jp/ir/library/db/fm5s6g00000000h2-att/db2025_rev1.xlsx

Sheet 未取得・要確認
A1: 項目 | B1: 状況 | C1: 理由・対応
A2: FY2015〜FY2016（2014Q1〜2015Q4）の地域別 | B2: 未採用 | C2: FY2016資料の読み取り結果が、FY17・FY18資料と矛盾（例：2016Q1の北米 321 対 197）。日本の行も不自然。データブックで再取得したい
A3: FY2018・FY2020の四半期全社売上 | B3: 未採用 | C3: 読み取りで他表の値との取り違えを確認（例：2019Q2〜Q4の売上が年間と合わない）。地域合計（SPE）は検算済みなので分析にはそちらを使用
A4: フィールドソリューション・用途別の長期系列 | B4: 未採用 | C4: 資料間で値が矛盾（例：2021Q1のFS 1,032 対 1,004）。直近9四半期のみ別シートに掲載
A5: 受注高 | B5: 非開示 | C5: 決算説明資料に受注高は掲載されていない（読み取り結果）。先行指標としての受注は取得できない
A6: ガイダンス（業績予想） | B6: 未取得 | C6: 半期・通期予想は載るが、四半期ガイダンス対比の分析は未実施。必要なら次の作業で取得
A7: データブック（Excel） | B7: 未読 | C7: このセッションからはExcelを読めない。添付いただければ本台帳を置き換え、長期・製品別・用途別まで取り込める
